-- phpMyAdmin SQL Dump
-- version 4.0.10deb1
-- http://www.phpmyadmin.net
--
-- Host: localhost
-- Generation Time: Jan 07, 2015 at 12:24 PM
-- Server version: 5.5.40-0ubuntu0.14.04.1
-- PHP Version: 5.5.9-1ubuntu4.5

SET SQL_MODE = "NO_AUTO_VALUE_ON_ZERO";
SET time_zone = "+00:00";


/*!40101 SET @OLD_CHARACTER_SET_CLIENT=@@CHARACTER_SET_CLIENT */;
/*!40101 SET @OLD_CHARACTER_SET_RESULTS=@@CHARACTER_SET_RESULTS */;
/*!40101 SET @OLD_COLLATION_CONNECTION=@@COLLATION_CONNECTION */;
/*!40101 SET NAMES utf8 */;

--
-- Database: `librehatti`
--

-- --------------------------------------------------------

--
-- Table structure for table `auth_group`
--

CREATE TABLE IF NOT EXISTS `auth_group` (
  `id` int(11) NOT NULL AUTO_INCREMENT,
  `name` varchar(80) NOT NULL,
  PRIMARY KEY (`id`),
  UNIQUE KEY `name` (`name`)
) ENGINE=InnoDB  DEFAULT CHARSET=latin1 AUTO_INCREMENT=2 ;

--
-- Dumping data for table `auth_group`
--

INSERT INTO `auth_group` (`id`, `name`) VALUES
(1, 'add order');

-- --------------------------------------------------------

--
-- Table structure for table `auth_group_permissions`
--

CREATE TABLE IF NOT EXISTS `auth_group_permissions` (
  `id` int(11) NOT NULL AUTO_INCREMENT,
  `group_id` int(11) NOT NULL,
  `permission_id` int(11) NOT NULL,
  PRIMARY KEY (`id`),
  UNIQUE KEY `group_id` (`group_id`,`permission_id`),
  KEY `auth_group_permissions_0e939a4f` (`group_id`),
  KEY `auth_group_permissions_8373b171` (`permission_id`)
) ENGINE=InnoDB  DEFAULT CHARSET=latin1 AUTO_INCREMENT=169 ;

--
-- Dumping data for table `auth_group_permissions`
--

INSERT INTO `auth_group_permissions` (`id`, `group_id`, `permission_id`) VALUES
(122, 1, 7),
(123, 1, 8),
(124, 1, 9),
(128, 1, 25),
(129, 1, 26),
(130, 1, 27),
(131, 1, 28),
(142, 1, 29),
(133, 1, 30),
(138, 1, 40),
(139, 1, 41),
(140, 1, 43),
(141, 1, 44),
(144, 1, 64),
(145, 1, 65),
(146, 1, 66),
(147, 1, 70),
(148, 1, 71),
(149, 1, 72),
(150, 1, 88),
(151, 1, 89),
(152, 1, 90),
(153, 1, 91),
(154, 1, 92),
(155, 1, 94),
(156, 1, 95),
(157, 1, 96),
(158, 1, 100),
(159, 1, 106),
(160, 1, 107),
(161, 1, 108),
(162, 1, 112),
(163, 1, 113),
(164, 1, 114),
(165, 1, 115),
(166, 1, 116),
(167, 1, 117),
(126, 1, 151),
(127, 1, 152),
(168, 1, 153),
(125, 1, 154),
(132, 1, 157),
(143, 1, 158),
(134, 1, 159),
(135, 1, 163),
(136, 1, 164),
(137, 1, 165);

-- --------------------------------------------------------

--
-- Table structure for table `auth_permission`
--

CREATE TABLE IF NOT EXISTS `auth_permission` (
  `id` int(11) NOT NULL AUTO_INCREMENT,
  `name` varchar(50) NOT NULL,
  `content_type_id` int(11) NOT NULL,
  `codename` varchar(100) NOT NULL,
  PRIMARY KEY (`id`),
  UNIQUE KEY `content_type_id` (`content_type_id`,`codename`),
  KEY `auth_permission_417f1b1c` (`content_type_id`)
) ENGINE=InnoDB  DEFAULT CHARSET=latin1 AUTO_INCREMENT=190 ;

--
-- Dumping data for table `auth_permission`
--

INSERT INTO `auth_permission` (`id`, `name`, `content_type_id`, `codename`) VALUES
(1, 'Can add permission', 1, 'add_permission'),
(2, 'Can change permission', 1, 'change_permission'),
(3, 'Can delete permission', 1, 'delete_permission'),
(4, 'Can add group', 2, 'add_group'),
(5, 'Can change group', 2, 'change_group'),
(6, 'Can delete group', 2, 'delete_group'),
(7, 'Can add user', 3, 'add_user'),
(8, 'Can change user', 3, 'change_user'),
(9, 'Can delete user', 3, 'delete_user'),
(10, 'Can add content type', 4, 'add_contenttype'),
(11, 'Can change content type', 4, 'change_contenttype'),
(12, 'Can delete content type', 4, 'delete_contenttype'),
(13, 'Can add session', 5, 'add_session'),
(14, 'Can change session', 5, 'change_session'),
(15, 'Can delete session', 5, 'delete_session'),
(16, 'Can add site', 6, 'add_site'),
(17, 'Can change site', 6, 'change_site'),
(18, 'Can delete site', 6, 'delete_site'),
(19, 'Can add log entry', 7, 'add_logentry'),
(20, 'Can change log entry', 7, 'change_logentry'),
(21, 'Can delete log entry', 7, 'delete_logentry'),
(22, 'Can add m category', 8, 'add_mcategory'),
(23, 'Can change m category', 8, 'change_mcategory'),
(24, 'Can delete m category', 8, 'delete_mcategory'),
(25, 'Can add category', 9, 'add_category'),
(26, 'Can change category', 9, 'change_category'),
(27, 'Can delete category', 9, 'delete_category'),
(28, 'Can add product', 10, 'add_product'),
(29, 'Can change product', 10, 'change_product'),
(30, 'Can delete product', 10, 'delete_product'),
(31, 'Can add attributes', 11, 'add_attributes'),
(32, 'Can change attributes', 11, 'change_attributes'),
(33, 'Can delete attributes', 11, 'delete_attributes'),
(34, 'Can add mode of payment', 12, 'add_modeofpayment'),
(35, 'Can change mode of payment', 12, 'change_modeofpayment'),
(36, 'Can delete mode of payment', 12, 'delete_modeofpayment'),
(37, 'Can add surcharge', 13, 'add_surcharge'),
(38, 'Can change surcharge', 13, 'change_surcharge'),
(39, 'Can delete surcharge', 13, 'delete_surcharge'),
(40, 'Can add purchase order', 14, 'add_purchaseorder'),
(41, 'Can change purchase order', 14, 'change_purchaseorder'),
(42, 'Can delete purchase order', 14, 'delete_purchaseorder'),
(43, 'Can add purchased item', 15, 'add_purchaseditem'),
(44, 'Can change purchased item', 15, 'change_purchaseditem'),
(45, 'Can delete purchased item', 15, 'delete_purchaseditem'),
(46, 'Can add catalog', 16, 'add_catalog'),
(47, 'Can change catalog', 16, 'change_catalog'),
(48, 'Can delete catalog', 16, 'delete_catalog'),
(49, 'Can add taxes applied', 17, 'add_taxesapplied'),
(50, 'Can change taxes applied', 17, 'change_taxesapplied'),
(51, 'Can delete taxes applied', 17, 'delete_taxesapplied'),
(58, 'Can add bill', 20, 'add_bill'),
(59, 'Can change bill', 20, 'change_bill'),
(60, 'Can delete bill', 20, 'delete_bill'),
(61, 'Can add organisation type', 21, 'add_organisationtype'),
(62, 'Can change organisation type', 21, 'change_organisationtype'),
(63, 'Can delete organisation type', 21, 'delete_organisationtype'),
(64, 'Can add address', 22, 'add_address'),
(65, 'Can change address', 22, 'change_address'),
(66, 'Can delete address', 22, 'delete_address'),
(67, 'Can add admin organisations', 23, 'add_adminorganisations'),
(68, 'Can change admin organisations', 23, 'change_adminorganisations'),
(69, 'Can delete admin organisations', 23, 'delete_adminorganisations'),
(70, 'Can add customer', 24, 'add_customer'),
(71, 'Can change customer', 24, 'change_customer'),
(72, 'Can delete customer', 24, 'delete_customer'),
(73, 'Can add suspense order', 25, 'add_suspenseorder'),
(74, 'Can change suspense order', 25, 'change_suspenseorder'),
(75, 'Can delete suspense order', 25, 'delete_suspenseorder'),
(76, 'Can add suspense clearance', 26, 'add_suspenseclearance'),
(77, 'Can change suspense clearance', 26, 'change_suspenseclearance'),
(78, 'Can delete suspense clearance', 26, 'delete_suspenseclearance'),
(79, 'Can add department', 27, 'add_department'),
(80, 'Can change department', 27, 'change_department'),
(81, 'Can delete department', 27, 'delete_department'),
(82, 'Can add staff', 28, 'add_staff'),
(83, 'Can change staff', 28, 'change_staff'),
(84, 'Can delete staff', 28, 'delete_staff'),
(85, 'Can add ta da', 29, 'add_tada'),
(86, 'Can change ta da', 29, 'change_tada'),
(87, 'Can delete ta da', 29, 'delete_tada'),
(88, 'Can add quoted suspense order', 30, 'add_quotedsuspenseorder'),
(89, 'Can change quoted suspense order', 30, 'change_quotedsuspenseorder'),
(90, 'Can delete quoted suspense order', 30, 'delete_quotedsuspenseorder'),
(91, 'Can add quoted order', 31, 'add_quotedorder'),
(92, 'Can change quoted order', 31, 'change_quotedorder'),
(93, 'Can delete quoted order', 31, 'delete_quotedorder'),
(94, 'Can add quoted item', 32, 'add_quoteditem'),
(95, 'Can change quoted item', 32, 'change_quoteditem'),
(96, 'Can delete quoted item', 32, 'delete_quoteditem'),
(100, 'Can add quoted bill', 34, 'add_quotedbill'),
(101, 'Can change quoted bill', 34, 'change_quotedbill'),
(102, 'Can delete quoted bill', 34, 'delete_quotedbill'),
(103, 'Can add financial session', 35, 'add_financialsession'),
(104, 'Can change financial session', 35, 'change_financialsession'),
(105, 'Can delete financial session', 35, 'delete_financialsession'),
(106, 'Can add distribution', 36, 'add_distribution'),
(107, 'Can change distribution', 36, 'change_distribution'),
(108, 'Can delete distribution', 36, 'delete_distribution'),
(109, 'Can add voucher id', 37, 'add_voucherid'),
(110, 'Can change voucher id', 37, 'change_voucherid'),
(111, 'Can delete voucher id', 37, 'delete_voucherid'),
(112, 'Can add category distribution type', 38, 'add_categorydistributiontype'),
(113, 'Can change category distribution type', 38, 'change_categorydistributiontype'),
(114, 'Can delete category distribution type', 38, 'delete_categorydistributiontype'),
(115, 'Can add calculate distribution', 39, 'add_calculatedistribution'),
(116, 'Can change calculate distribution', 39, 'change_calculatedistribution'),
(117, 'Can delete calculate distribution', 39, 'delete_calculatedistribution'),
(121, 'Can add saved registers', 41, 'add_savedregisters'),
(122, 'Can change saved registers', 41, 'change_savedregisters'),
(123, 'Can delete saved registers', 41, 'delete_savedregisters'),
(124, 'Can add revision', 42, 'add_revision'),
(125, 'Can change revision', 42, 'change_revision'),
(126, 'Can delete revision', 42, 'delete_revision'),
(127, 'Can add version', 43, 'add_version'),
(128, 'Can change version', 43, 'change_version'),
(129, 'Can delete version', 43, 'delete_version'),
(130, 'Can add header footer', 44, 'add_headerfooter'),
(131, 'Can change header footer', 44, 'change_headerfooter'),
(132, 'Can delete header footer', 44, 'delete_headerfooter'),
(133, 'Can add vehicle', 45, 'add_vehicle'),
(134, 'Can change vehicle', 45, 'change_vehicle'),
(135, 'Can delete vehicle', 45, 'delete_vehicle'),
(136, 'Can add transport', 46, 'add_transport'),
(137, 'Can change transport', 46, 'change_transport'),
(138, 'Can delete transport', 46, 'delete_transport'),
(139, 'Can add surcharge paid', 47, 'add_surchargepaid'),
(140, 'Can change surcharge paid', 47, 'change_surchargepaid'),
(141, 'Can delete surcharge paid', 47, 'delete_surchargepaid'),
(142, 'Can add change request', 48, 'add_changerequest'),
(143, 'Can change change request', 48, 'change_changerequest'),
(144, 'Can delete change request', 48, 'delete_changerequest'),
(145, 'Can add request surcharge change', 49, 'add_requestsurchargechange'),
(146, 'Can change request surcharge change', 49, 'change_requestsurchargechange'),
(147, 'Can delete request surcharge change', 49, 'delete_requestsurchargechange'),
(148, 'Can add request status', 50, 'add_requeststatus'),
(149, 'Can change request status', 50, 'change_requeststatus'),
(150, 'Can delete request status', 50, 'delete_requeststatus'),
(151, 'Can add note line', 51, 'add_noteline'),
(152, 'Can change note line', 51, 'change_noteline'),
(153, 'Can delete note line', 51, 'delete_noteline'),
(154, 'Can add quoted taxes applied', 52, 'add_quotedtaxesapplied'),
(155, 'Can change quoted taxes applied', 52, 'change_quotedtaxesapplied'),
(156, 'Can delete quoted taxes applied', 52, 'delete_quotedtaxesapplied'),
(157, 'Can add quoted order note', 53, 'add_quotedordernote'),
(158, 'Can change quoted order note', 53, 'change_quotedordernote'),
(159, 'Can delete quoted order note', 53, 'delete_quotedordernote'),
(160, 'Can add quoted orderof session', 54, 'add_quotedorderofsession'),
(161, 'Can change quoted orderof session', 54, 'change_quotedorderofsession'),
(162, 'Can delete quoted orderof session', 54, 'delete_quotedorderofsession'),
(163, 'Can add non payment order', 55, 'add_nonpaymentorder'),
(164, 'Can change non payment order', 55, 'change_nonpaymentorder'),
(165, 'Can delete non payment order', 55, 'delete_nonpaymentorder'),
(166, 'Can add unit', 56, 'add_unit'),
(167, 'Can change unit', 56, 'change_unit'),
(168, 'Can delete unit', 56, 'delete_unit'),
(169, 'Can add voucher total', 57, 'add_vouchertotal'),
(170, 'Can change voucher total', 57, 'change_vouchertotal'),
(171, 'Can delete voucher total', 57, 'delete_vouchertotal'),
(172, 'Can add staff position', 58, 'add_staffposition'),
(173, 'Can change staff position', 58, 'change_staffposition'),
(174, 'Can delete staff position', 58, 'delete_staffposition'),
(175, 'Can add team name', 59, 'add_teamname'),
(176, 'Can change team name', 59, 'change_teamname'),
(177, 'Can delete team name', 59, 'delete_teamname'),
(178, 'Can add staff in team', 60, 'add_staffinteam'),
(179, 'Can change staff in team', 60, 'change_staffinteam'),
(180, 'Can delete staff in team', 60, 'delete_staffinteam'),
(181, 'Can add letter data', 61, 'add_letterdata'),
(182, 'Can change letter data', 61, 'change_letterdata'),
(183, 'Can delete letter data', 61, 'delete_letterdata'),
(184, 'Can add non payment order of session', 62, 'add_nonpaymentorderofsession'),
(185, 'Can change non payment order of session', 62, 'change_nonpaymentorderofsession'),
(186, 'Can delete non payment order of session', 62, 'delete_nonpaymentorderofsession'),
(187, 'Can add special categories', 63, 'add_specialcategories'),
(188, 'Can change special categories', 63, 'change_specialcategories'),
(189, 'Can delete special categories', 63, 'delete_specialcategories');

-- --------------------------------------------------------

--
-- Table structure for table `auth_user`
--

CREATE TABLE IF NOT EXISTS `auth_user` (
  `id` int(11) NOT NULL AUTO_INCREMENT,
  `password` varchar(128) NOT NULL,
  `last_login` datetime NOT NULL,
  `is_superuser` tinyint(1) NOT NULL,
  `username` varchar(30) NOT NULL,
  `first_name` varchar(30) NOT NULL,
  `last_name` varchar(30) NOT NULL,
  `email` varchar(75) NOT NULL,
  `is_staff` tinyint(1) NOT NULL,
  `is_active` tinyint(1) NOT NULL,
  `date_joined` datetime NOT NULL,
  PRIMARY KEY (`id`),
  UNIQUE KEY `username` (`username`)
) ENGINE=InnoDB  DEFAULT CHARSET=latin1 AUTO_INCREMENT=625 ;

--
-- Dumping data for table `auth_user`
--

INSERT INTO `auth_user` (`id`, `password`, `last_login`, `is_superuser`, `username`, `first_name`, `last_name`, `email`, `is_staff`, `is_active`, `date_joined`) VALUES
(1, 'pbkdf2_sha256$12000$kZyTLrbGntin$AqOG2W8sGHefEn6UBmoIr8iTwYrU8Epc+Yn1XMlxT7c=', '2014-09-15 10:04:49', 0, 'Additional_1', 'Additional', 'Commissioner (T)', '', 0, 1, '2014-04-02 12:00:00'),
(2, 'pbkdf2_sha256$12000$kZyTLrbGntin$AqOG2W8sGHefEn6UBmoIr8iTwYrU8Epc+Yn1XMlxT7c=', '2014-09-15 10:04:49', 0, 'Assistant_2', 'Assistant', 'Municipal Engineer', '', 0, 1, '2014-04-02 12:00:00'),
(3, 'pbkdf2_sha256$12000$kZyTLrbGntin$AqOG2W8sGHefEn6UBmoIr8iTwYrU8Epc+Yn1XMlxT7c=', '2014-09-15 10:04:49', 0, 'Assistant_3', 'Assistant', 'Commissioner (T) ', '', 0, 1, '2014-04-02 12:00:00'),
(4, 'pbkdf2_sha256$12000$kZyTLrbGntin$AqOG2W8sGHefEn6UBmoIr8iTwYrU8Epc+Yn1XMlxT7c=', '2014-09-15 10:04:49', 0, 'Sub_4', 'Sub', 'Divisional Engineer', 'kumarbaljit111@gmail.com', 0, 1, '2014-04-02 12:00:00'),
(5, 'pbkdf2_sha256$12000$kZyTLrbGntin$AqOG2W8sGHefEn6UBmoIr8iTwYrU8Epc+Yn1XMlxT7c=', '2014-09-15 10:04:49', 0, 'M/S._5', '', '', 'rspm.associates@gmail.com', 0, 1, '2014-04-02 12:00:00'),
(6, 'pbkdf2_sha256$12000$kZyTLrbGntin$AqOG2W8sGHefEn6UBmoIr8iTwYrU8Epc+Yn1XMlxT7c=', '2014-09-15 10:04:49', 0, 'Executive_6', 'Executive', 'Engineer (D) B & R', '', 0, 1, '2014-04-02 12:00:00'),
(7, 'pbkdf2_sha256$12000$kZyTLrbGntin$AqOG2W8sGHefEn6UBmoIr8iTwYrU8Epc+Yn1XMlxT7c=', '2014-09-15 10:04:49', 0, 'M/S_7', '', '', '', 0, 1, '2014-04-02 12:00:00'),
(8, 'pbkdf2_sha256$12000$kZyTLrbGntin$AqOG2W8sGHefEn6UBmoIr8iTwYrU8Epc+Yn1XMlxT7c=', '2014-09-15 10:04:49', 0, 'M/s._8', '', '', 'mrbuilders_ldh@yahoo.co.in', 0, 1, '2014-04-02 12:00:00'),
(9, 'pbkdf2_sha256$12000$kZyTLrbGntin$AqOG2W8sGHefEn6UBmoIr8iTwYrU8Epc+Yn1XMlxT7c=', '2014-09-15 10:04:49', 0, 'Sub_9', 'Sub', 'Divisional Officer', '', 0, 1, '2014-04-02 12:00:00'),
(10, 'pbkdf2_sha256$12000$kZyTLrbGntin$AqOG2W8sGHefEn6UBmoIr8iTwYrU8Epc+Yn1XMlxT7c=', '2014-09-15 10:04:49', 0, 'Power_10', '', '', '', 0, 1, '2014-04-02 12:00:00'),
(11, 'pbkdf2_sha256$12000$kZyTLrbGntin$AqOG2W8sGHefEn6UBmoIr8iTwYrU8Epc+Yn1XMlxT7c=', '2014-09-15 10:04:49', 0, 'Divisional_11', 'Divisional', 'Engineer (H.Q-1)', '', 0, 1, '2014-04-02 12:00:00'),
(12, 'pbkdf2_sha256$12000$kZyTLrbGntin$AqOG2W8sGHefEn6UBmoIr8iTwYrU8Epc+Yn1XMlxT7c=', '2014-09-15 10:04:49', 0, 'Additional_12', 'Additional', 'Commissioner (T)', '', 0, 1, '2014-04-03 12:00:00'),
(13, 'pbkdf2_sha256$12000$kZyTLrbGntin$AqOG2W8sGHefEn6UBmoIr8iTwYrU8Epc+Yn1XMlxT7c=', '2014-09-15 10:04:49', 0, 'M/S._13', '', '', '', 0, 1, '2014-04-03 12:00:00'),
(14, 'pbkdf2_sha256$12000$kZyTLrbGntin$AqOG2W8sGHefEn6UBmoIr8iTwYrU8Epc+Yn1XMlxT7c=', '2014-09-15 10:04:49', 0, 'Sub_14', 'Sub', 'Divisional Officer', '', 0, 1, '2014-04-03 12:00:00'),
(15, 'pbkdf2_sha256$12000$kZyTLrbGntin$AqOG2W8sGHefEn6UBmoIr8iTwYrU8Epc+Yn1XMlxT7c=', '2014-09-15 10:04:49', 0, 'Assistant_15', 'Assistant', 'Engineer (B & R)', '', 0, 1, '2014-04-03 12:00:00'),
(16, 'pbkdf2_sha256$12000$kZyTLrbGntin$AqOG2W8sGHefEn6UBmoIr8iTwYrU8Epc+Yn1XMlxT7c=', '2014-09-15 10:04:49', 0, 'M/S_16', '', '', '', 0, 1, '2014-04-03 12:00:00'),
(17, 'pbkdf2_sha256$12000$kZyTLrbGntin$AqOG2W8sGHefEn6UBmoIr8iTwYrU8Epc+Yn1XMlxT7c=', '2014-09-15 10:04:49', 0, 'Assistant_17', 'Assistant', 'Commissioner (Tech.)', '', 0, 1, '2014-04-03 12:00:00'),
(18, 'pbkdf2_sha256$12000$kZyTLrbGntin$AqOG2W8sGHefEn6UBmoIr8iTwYrU8Epc+Yn1XMlxT7c=', '2014-09-15 10:04:49', 0, 'Sub_18', 'Sub', 'Divisional Engineer', '', 0, 1, '2014-04-03 12:00:00'),
(19, 'pbkdf2_sha256$12000$kZyTLrbGntin$AqOG2W8sGHefEn6UBmoIr8iTwYrU8Epc+Yn1XMlxT7c=', '2014-09-15 10:04:49', 0, 'Swami_19', '', '', 'dhamtalwandi@yahoo.co.in', 0, 1, '2014-04-03 12:00:00'),
(20, 'pbkdf2_sha256$12000$kZyTLrbGntin$AqOG2W8sGHefEn6UBmoIr8iTwYrU8Epc+Yn1XMlxT7c=', '2014-09-15 10:04:49', 0, 'Civil_20', 'Civil', 'Engineer', '', 0, 1, '2014-04-03 12:00:00'),
(21, 'pbkdf2_sha256$12000$kZyTLrbGntin$AqOG2W8sGHefEn6UBmoIr8iTwYrU8Epc+Yn1XMlxT7c=', '2014-09-15 10:04:49', 0, 'Executive_21', 'Executive', 'Engineer', 'eewss.div2hoshiarpurpb@yahoo.com', 0, 1, '2014-04-03 12:00:00'),
(22, 'pbkdf2_sha256$12000$kZyTLrbGntin$AqOG2W8sGHefEn6UBmoIr8iTwYrU8Epc+Yn1XMlxT7c=', '2014-09-15 10:04:49', 0, 'Executive_22', 'Executive', 'Engineer', '', 0, 1, '2014-04-03 12:00:00'),
(23, 'pbkdf2_sha256$12000$kZyTLrbGntin$AqOG2W8sGHefEn6UBmoIr8iTwYrU8Epc+Yn1XMlxT7c=', '2014-09-15 10:04:49', 0, 'Sub_23', 'Sub', 'Divisional Engineer', '', 0, 1, '2014-04-03 12:00:00'),
(24, 'pbkdf2_sha256$12000$kZyTLrbGntin$AqOG2W8sGHefEn6UBmoIr8iTwYrU8Epc+Yn1XMlxT7c=', '2014-09-15 10:04:49', 0, 'M/S_24', '', '', '', 0, 1, '2014-04-03 12:00:00'),
(25, 'pbkdf2_sha256$12000$kZyTLrbGntin$AqOG2W8sGHefEn6UBmoIr8iTwYrU8Epc+Yn1XMlxT7c=', '2014-09-15 10:04:49', 0, 'M/s_25', '', '', 'hemant_singla@rediffmail.com', 0, 1, '2014-04-03 12:00:00'),
(26, 'pbkdf2_sha256$12000$kZyTLrbGntin$AqOG2W8sGHefEn6UBmoIr8iTwYrU8Epc+Yn1XMlxT7c=', '2014-09-15 10:04:49', 0, 'Sub_26', 'Sub', 'Divisional Engineer (C)', '', 0, 1, '2014-04-03 12:00:00'),
(27, 'pbkdf2_sha256$12000$kZyTLrbGntin$AqOG2W8sGHefEn6UBmoIr8iTwYrU8Epc+Yn1XMlxT7c=', '2014-09-15 10:04:49', 0, 'Sub_27', 'Sub', 'Divisional Engineer', '', 0, 1, '2014-04-03 12:00:00'),
(28, 'pbkdf2_sha256$12000$kZyTLrbGntin$AqOG2W8sGHefEn6UBmoIr8iTwYrU8Epc+Yn1XMlxT7c=', '2014-09-15 10:04:49', 0, 'M/S_28', '', '', '', 0, 1, '2014-04-03 12:00:00'),
(29, 'pbkdf2_sha256$12000$kZyTLrbGntin$AqOG2W8sGHefEn6UBmoIr8iTwYrU8Epc+Yn1XMlxT7c=', '2014-09-15 10:04:49', 0, 'Sub_29', 'Sub', 'Divisional Engineer', '', 0, 1, '2014-04-03 12:00:00'),
(30, 'pbkdf2_sha256$12000$kZyTLrbGntin$AqOG2W8sGHefEn6UBmoIr8iTwYrU8Epc+Yn1XMlxT7c=', '2014-09-15 10:04:49', 0, 'M/S_30', '', '', '', 0, 1, '2014-04-03 12:00:00'),
(31, 'pbkdf2_sha256$12000$kZyTLrbGntin$AqOG2W8sGHefEn6UBmoIr8iTwYrU8Epc+Yn1XMlxT7c=', '2014-09-15 10:04:49', 0, 'Secretary,_31', 'Secretary', '', '', 0, 1, '2014-04-03 12:00:00'),
(32, 'pbkdf2_sha256$12000$kZyTLrbGntin$AqOG2W8sGHefEn6UBmoIr8iTwYrU8Epc+Yn1XMlxT7c=', '2014-09-15 10:04:49', 0, 'Power_32', '', '', '', 0, 1, '2014-04-03 12:00:00'),
(33, 'pbkdf2_sha256$12000$kZyTLrbGntin$AqOG2W8sGHefEn6UBmoIr8iTwYrU8Epc+Yn1XMlxT7c=', '2014-09-15 10:04:49', 0, 'M/S_33', '', '', '', 0, 1, '2014-04-03 12:00:00'),
(34, 'pbkdf2_sha256$12000$kZyTLrbGntin$AqOG2W8sGHefEn6UBmoIr8iTwYrU8Epc+Yn1XMlxT7c=', '2014-09-15 10:04:49', 0, 'Sub_34', 'Sub', 'Divisional Engineer', '', 0, 1, '2014-04-03 12:00:00'),
(35, 'pbkdf2_sha256$12000$kZyTLrbGntin$AqOG2W8sGHefEn6UBmoIr8iTwYrU8Epc+Yn1XMlxT7c=', '2014-09-15 10:04:49', 0, 'Addl._35', 'Addl.', 'Superintending Engineer ', '', 0, 1, '2014-04-04 12:00:00'),
(36, 'pbkdf2_sha256$12000$kZyTLrbGntin$AqOG2W8sGHefEn6UBmoIr8iTwYrU8Epc+Yn1XMlxT7c=', '2014-09-15 10:04:49', 0, 'M/S_36', '', '', '', 0, 1, '2014-04-04 12:00:00'),
(37, 'pbkdf2_sha256$12000$kZyTLrbGntin$AqOG2W8sGHefEn6UBmoIr8iTwYrU8Epc+Yn1XMlxT7c=', '2014-09-15 10:04:49', 0, 'Executive_37', 'Executive', 'Engineer', 'eewss.divfazilkapb@yahoo.com', 0, 1, '2014-04-04 12:00:00'),
(38, 'pbkdf2_sha256$12000$kZyTLrbGntin$AqOG2W8sGHefEn6UBmoIr8iTwYrU8Epc+Yn1XMlxT7c=', '2014-09-15 10:04:49', 0, 'Mr._38', 'Mr. Varinder', 'Pal Singh', '', 0, 1, '2014-04-04 12:00:00'),
(39, 'pbkdf2_sha256$12000$kZyTLrbGntin$AqOG2W8sGHefEn6UBmoIr8iTwYrU8Epc+Yn1XMlxT7c=', '2014-09-15 10:04:49', 0, 'Sub_39', 'Sub', 'Divisional Engineer (C-4) ', '', 0, 1, '2014-04-04 12:00:00'),
(40, 'pbkdf2_sha256$12000$kZyTLrbGntin$AqOG2W8sGHefEn6UBmoIr8iTwYrU8Epc+Yn1XMlxT7c=', '2014-09-15 10:04:49', 0, 'Additional_40', 'Additional', 'Commissioner (T)', '', 0, 1, '2014-04-04 12:00:00'),
(41, 'pbkdf2_sha256$12000$kZyTLrbGntin$AqOG2W8sGHefEn6UBmoIr8iTwYrU8Epc+Yn1XMlxT7c=', '2014-09-15 10:04:49', 0, 'Mr.Dilbag_41', 'Mr.Dilbag Singh', '', '', 0, 1, '2014-04-04 12:00:00'),
(42, 'pbkdf2_sha256$12000$kZyTLrbGntin$AqOG2W8sGHefEn6UBmoIr8iTwYrU8Epc+Yn1XMlxT7c=', '2014-09-15 10:04:49', 0, 'Assistant_42', 'Assistant', 'Commissioner (Tech.)', '', 0, 1, '2014-04-04 12:00:00'),
(43, 'pbkdf2_sha256$12000$kZyTLrbGntin$AqOG2W8sGHefEn6UBmoIr8iTwYrU8Epc+Yn1XMlxT7c=', '2014-09-15 10:04:49', 0, 'Sub_43', 'Sub', 'Divisional Engineer', '', 0, 1, '2014-04-04 12:00:00'),
(44, 'pbkdf2_sha256$12000$kZyTLrbGntin$AqOG2W8sGHefEn6UBmoIr8iTwYrU8Epc+Yn1XMlxT7c=', '2014-09-15 10:04:49', 0, 'M/S_44', '', '', '', 0, 1, '2014-04-04 12:00:00'),
(45, 'pbkdf2_sha256$12000$kZyTLrbGntin$AqOG2W8sGHefEn6UBmoIr8iTwYrU8Epc+Yn1XMlxT7c=', '2014-09-15 10:04:49', 0, 'Mr._45', 'Mr. Shivinder', 'Mehta', '', 0, 1, '2014-04-07 12:00:00'),
(46, 'pbkdf2_sha256$12000$kZyTLrbGntin$AqOG2W8sGHefEn6UBmoIr8iTwYrU8Epc+Yn1XMlxT7c=', '2014-09-15 10:04:49', 0, 'Sub_46', 'Sub', 'Divisional Officer (B & R)', '', 0, 1, '2014-04-09 12:00:00'),
(47, 'pbkdf2_sha256$12000$kZyTLrbGntin$AqOG2W8sGHefEn6UBmoIr8iTwYrU8Epc+Yn1XMlxT7c=', '2014-09-15 10:04:49', 0, 'Sub_47', 'Sub', 'Divisional Engineer', 'eecd1ldnpbpwd@gmail.com', 0, 1, '2014-04-09 12:00:00'),
(48, 'pbkdf2_sha256$12000$kZyTLrbGntin$AqOG2W8sGHefEn6UBmoIr8iTwYrU8Epc+Yn1XMlxT7c=', '2014-09-15 10:04:49', 0, 'Deep_48', '', '', '', 0, 1, '2014-04-09 12:00:00'),
(49, 'pbkdf2_sha256$12000$kZyTLrbGntin$AqOG2W8sGHefEn6UBmoIr8iTwYrU8Epc+Yn1XMlxT7c=', '2014-09-15 10:04:49', 0, 'Additional_49', 'Additional', 'Commissioner (T) - P', '', 0, 1, '2014-04-09 12:00:00'),
(50, 'pbkdf2_sha256$12000$kZyTLrbGntin$AqOG2W8sGHefEn6UBmoIr8iTwYrU8Epc+Yn1XMlxT7c=', '2014-09-15 10:04:49', 0, 'Additional_50', 'Additional', 'Commissioner (T)', '', 0, 1, '2014-04-09 12:00:00'),
(51, 'pbkdf2_sha256$12000$kZyTLrbGntin$AqOG2W8sGHefEn6UBmoIr8iTwYrU8Epc+Yn1XMlxT7c=', '2014-09-15 10:04:49', 0, 'Additional_51', 'Additional', 'Commissioner (T)', '', 0, 1, '2014-04-10 12:00:00'),
(52, 'pbkdf2_sha256$12000$kZyTLrbGntin$AqOG2W8sGHefEn6UBmoIr8iTwYrU8Epc+Yn1XMlxT7c=', '2014-09-15 10:04:49', 0, 'DAV_52', '', '', '', 0, 1, '2014-04-10 12:00:00'),
(53, 'pbkdf2_sha256$12000$kZyTLrbGntin$AqOG2W8sGHefEn6UBmoIr8iTwYrU8Epc+Yn1XMlxT7c=', '2014-09-15 10:04:49', 0, 'Sub_53', 'Sub', 'Divisional Engineer', '', 0, 1, '2014-04-10 12:00:00'),
(54, 'pbkdf2_sha256$12000$kZyTLrbGntin$AqOG2W8sGHefEn6UBmoIr8iTwYrU8Epc+Yn1XMlxT7c=', '2014-09-15 10:04:49', 0, 'M/S_54', '', '', '', 0, 1, '2014-04-10 12:00:00'),
(55, 'pbkdf2_sha256$12000$kZyTLrbGntin$AqOG2W8sGHefEn6UBmoIr8iTwYrU8Epc+Yn1XMlxT7c=', '2014-09-15 10:04:49', 0, 'M/S_55', '', '', '', 0, 1, '2014-04-10 12:00:00'),
(56, 'pbkdf2_sha256$12000$kZyTLrbGntin$AqOG2W8sGHefEn6UBmoIr8iTwYrU8Epc+Yn1XMlxT7c=', '2014-09-15 10:04:49', 0, 'Executive_56', 'Executive', 'Engineer', '', 0, 1, '2014-04-10 12:00:00'),
(57, 'pbkdf2_sha256$12000$kZyTLrbGntin$AqOG2W8sGHefEn6UBmoIr8iTwYrU8Epc+Yn1XMlxT7c=', '2014-09-15 10:04:49', 0, 'M/S._57', '', '', '', 0, 1, '2014-04-10 12:00:00'),
(58, 'pbkdf2_sha256$12000$kZyTLrbGntin$AqOG2W8sGHefEn6UBmoIr8iTwYrU8Epc+Yn1XMlxT7c=', '2014-09-15 10:04:49', 0, 'Dr._58', 'Dr. Naveen', 'Bajaj ', '', 0, 1, '2014-04-11 12:00:00'),
(59, 'pbkdf2_sha256$12000$kZyTLrbGntin$AqOG2W8sGHefEn6UBmoIr8iTwYrU8Epc+Yn1XMlxT7c=', '2014-09-15 10:04:49', 0, 'Chief_59', 'Chief', 'Engineer (Civil)', '', 0, 1, '2014-04-11 12:00:00'),
(60, 'pbkdf2_sha256$12000$kZyTLrbGntin$AqOG2W8sGHefEn6UBmoIr8iTwYrU8Epc+Yn1XMlxT7c=', '2014-09-15 10:04:49', 0, 'Sh.Prem_60', 'Sh.Prem Kumar', 'Saini ', '', 0, 1, '2014-04-11 12:00:00'),
(61, 'pbkdf2_sha256$12000$kZyTLrbGntin$AqOG2W8sGHefEn6UBmoIr8iTwYrU8Epc+Yn1XMlxT7c=', '2014-09-15 10:04:49', 0, 'Mr.Anoop_61', 'Mr.Anoop Gupta', '', '', 0, 1, '2014-04-11 12:00:00'),
(62, 'pbkdf2_sha256$12000$kZyTLrbGntin$AqOG2W8sGHefEn6UBmoIr8iTwYrU8Epc+Yn1XMlxT7c=', '2014-09-15 10:04:49', 0, 'Sub_62', 'Sub', 'Divisional Engineer (C)', '', 0, 1, '2014-04-11 12:00:00'),
(63, 'pbkdf2_sha256$12000$kZyTLrbGntin$AqOG2W8sGHefEn6UBmoIr8iTwYrU8Epc+Yn1XMlxT7c=', '2014-09-15 10:04:49', 0, 'M/S_63', '', '', '', 0, 1, '2014-04-11 12:00:00'),
(64, 'pbkdf2_sha256$12000$kZyTLrbGntin$AqOG2W8sGHefEn6UBmoIr8iTwYrU8Epc+Yn1XMlxT7c=', '2014-09-15 10:04:49', 0, 'Sub_64', 'Sub', 'Divisional Engineer (C)', '', 0, 1, '2014-04-11 12:00:00'),
(65, 'pbkdf2_sha256$12000$kZyTLrbGntin$AqOG2W8sGHefEn6UBmoIr8iTwYrU8Epc+Yn1XMlxT7c=', '2014-09-15 10:04:49', 0, 'Sub_65', 'Sub', 'Divisional Engineer (C)', '', 0, 1, '2014-04-11 12:00:00'),
(66, 'pbkdf2_sha256$12000$kZyTLrbGntin$AqOG2W8sGHefEn6UBmoIr8iTwYrU8Epc+Yn1XMlxT7c=', '2014-09-15 10:04:49', 0, 'Sub_66', 'Sub', 'Divisional Officer', '', 0, 1, '2014-04-11 12:00:00'),
(67, 'pbkdf2_sha256$12000$kZyTLrbGntin$AqOG2W8sGHefEn6UBmoIr8iTwYrU8Epc+Yn1XMlxT7c=', '2014-09-15 10:04:49', 0, 'Kamla_67', '', '', 'contact@kisdcollege.org', 0, 1, '2014-04-11 12:00:00'),
(68, 'pbkdf2_sha256$12000$kZyTLrbGntin$AqOG2W8sGHefEn6UBmoIr8iTwYrU8Epc+Yn1XMlxT7c=', '2014-09-15 10:04:49', 0, 'Sub_68', 'Sub', 'Divisional Officer(B & R)', '', 0, 1, '2014-04-11 12:00:00'),
(69, 'pbkdf2_sha256$12000$kZyTLrbGntin$AqOG2W8sGHefEn6UBmoIr8iTwYrU8Epc+Yn1XMlxT7c=', '2014-09-15 10:04:49', 0, 'M/S_69', '', '', '', 0, 1, '2014-04-11 12:00:00'),
(70, 'pbkdf2_sha256$12000$kZyTLrbGntin$AqOG2W8sGHefEn6UBmoIr8iTwYrU8Epc+Yn1XMlxT7c=', '2014-09-15 10:04:49', 0, 'Takhat_70', '', '', '', 0, 1, '2014-04-15 12:00:00'),
(71, 'pbkdf2_sha256$12000$kZyTLrbGntin$AqOG2W8sGHefEn6UBmoIr8iTwYrU8Epc+Yn1XMlxT7c=', '2014-09-15 10:04:49', 0, 'Improvement_71', '', '', '', 0, 1, '2014-04-15 12:00:00'),
(72, 'pbkdf2_sha256$12000$kZyTLrbGntin$AqOG2W8sGHefEn6UBmoIr8iTwYrU8Epc+Yn1XMlxT7c=', '2014-09-15 10:04:49', 0, 'Executive_72', 'Executive', 'Engineer', '', 0, 1, '2014-04-15 12:00:00'),
(73, 'pbkdf2_sha256$12000$kZyTLrbGntin$AqOG2W8sGHefEn6UBmoIr8iTwYrU8Epc+Yn1XMlxT7c=', '2014-09-15 10:04:49', 0, 'Additional_73', 'Additional', 'Commissioner (T)', '', 0, 1, '2014-04-15 12:00:00'),
(74, 'pbkdf2_sha256$12000$kZyTLrbGntin$AqOG2W8sGHefEn6UBmoIr8iTwYrU8Epc+Yn1XMlxT7c=', '2014-09-15 10:04:49', 0, 'Divisional_74', 'Divisional', 'Engineer (C-1) ', '', 0, 1, '2014-04-15 12:00:00'),
(75, 'pbkdf2_sha256$12000$kZyTLrbGntin$AqOG2W8sGHefEn6UBmoIr8iTwYrU8Epc+Yn1XMlxT7c=', '2014-09-15 10:04:49', 0, 'S._75', 'S. Jasvir', 'Singh', '', 0, 1, '2014-04-15 12:00:00'),
(76, 'pbkdf2_sha256$12000$kZyTLrbGntin$AqOG2W8sGHefEn6UBmoIr8iTwYrU8Epc+Yn1XMlxT7c=', '2014-09-15 10:04:49', 0, 'Additional_76', 'Additional', 'Commissioner (T)', 'eo_mcmoga2007@yahoo.com', 0, 1, '2014-04-15 12:00:00'),
(77, 'pbkdf2_sha256$12000$kZyTLrbGntin$AqOG2W8sGHefEn6UBmoIr8iTwYrU8Epc+Yn1XMlxT7c=', '2014-09-15 10:04:49', 0, 'Executive_77', 'Executive', 'Engineer (A) B & R ', '', 0, 1, '2014-04-15 12:00:00'),
(78, 'pbkdf2_sha256$12000$kZyTLrbGntin$AqOG2W8sGHefEn6UBmoIr8iTwYrU8Epc+Yn1XMlxT7c=', '2014-09-15 10:04:49', 0, 'M/S_78', '', '', '', 0, 1, '2014-04-15 12:00:00'),
(79, 'pbkdf2_sha256$12000$kZyTLrbGntin$AqOG2W8sGHefEn6UBmoIr8iTwYrU8Epc+Yn1XMlxT7c=', '2014-09-15 10:04:49', 0, 'Bhamrah_79', '', '', '', 0, 1, '2014-04-15 12:00:00'),
(80, 'pbkdf2_sha256$12000$kZyTLrbGntin$AqOG2W8sGHefEn6UBmoIr8iTwYrU8Epc+Yn1XMlxT7c=', '2014-09-15 10:04:49', 0, 'Sub_80', 'Sub', 'Divisional Engineer', '', 0, 1, '2014-04-16 12:00:00'),
(81, 'pbkdf2_sha256$12000$kZyTLrbGntin$AqOG2W8sGHefEn6UBmoIr8iTwYrU8Epc+Yn1XMlxT7c=', '2014-09-15 10:04:49', 0, 'M/S_81', '', '', 'macjalandhar@gmail.com', 0, 1, '2014-04-16 12:00:00'),
(82, 'pbkdf2_sha256$12000$kZyTLrbGntin$AqOG2W8sGHefEn6UBmoIr8iTwYrU8Epc+Yn1XMlxT7c=', '2014-09-15 10:04:49', 0, 'Principal_82', 'Principal ', '', 'principalbcetgurdaspur@yahoo.com', 0, 1, '2014-04-16 12:00:00'),
(83, 'pbkdf2_sha256$12000$kZyTLrbGntin$AqOG2W8sGHefEn6UBmoIr8iTwYrU8Epc+Yn1XMlxT7c=', '2014-09-15 10:04:49', 0, 'Additional_83', 'Additional', 'Commissioner (T)', '', 0, 1, '2014-04-16 12:00:00'),
(84, 'pbkdf2_sha256$12000$kZyTLrbGntin$AqOG2W8sGHefEn6UBmoIr8iTwYrU8Epc+Yn1XMlxT7c=', '2014-09-15 10:04:49', 0, 'M/S_84', '', '', 'uibeverages@yahoo.com', 0, 1, '2014-04-16 12:00:00'),
(85, 'pbkdf2_sha256$12000$kZyTLrbGntin$AqOG2W8sGHefEn6UBmoIr8iTwYrU8Epc+Yn1XMlxT7c=', '2014-09-15 10:04:49', 0, 'M/S_85', '', '', 'snisindia@yahoo.co.in', 0, 1, '2014-04-16 12:00:00'),
(86, 'pbkdf2_sha256$12000$kZyTLrbGntin$AqOG2W8sGHefEn6UBmoIr8iTwYrU8Epc+Yn1XMlxT7c=', '2014-09-15 10:04:49', 0, 'Executive_86', 'Executive', 'Officer ', '', 0, 1, '2014-04-17 12:00:00'),
(87, 'pbkdf2_sha256$12000$kZyTLrbGntin$AqOG2W8sGHefEn6UBmoIr8iTwYrU8Epc+Yn1XMlxT7c=', '2014-09-15 10:04:49', 0, 'Executive_87', 'Executive', 'Officer ', 'eonpkik@gmail.com', 0, 1, '2014-04-17 12:00:00'),
(88, 'pbkdf2_sha256$12000$kZyTLrbGntin$AqOG2W8sGHefEn6UBmoIr8iTwYrU8Epc+Yn1XMlxT7c=', '2014-09-15 10:04:49', 0, 'Assistant_88', 'Assistant', 'Commissioner (T) ', '', 0, 1, '2014-04-17 12:00:00'),
(89, 'pbkdf2_sha256$12000$kZyTLrbGntin$AqOG2W8sGHefEn6UBmoIr8iTwYrU8Epc+Yn1XMlxT7c=', '2014-09-15 10:04:49', 0, 'M/S_89', '', '', '', 0, 1, '2014-04-17 12:00:00'),
(90, 'pbkdf2_sha256$12000$kZyTLrbGntin$AqOG2W8sGHefEn6UBmoIr8iTwYrU8Epc+Yn1XMlxT7c=', '2014-09-15 10:04:49', 0, 'Mr.Jasbir_90', 'Mr.Jasbir Singh', '', '', 0, 1, '2014-04-17 12:00:00'),
(91, 'pbkdf2_sha256$12000$kZyTLrbGntin$AqOG2W8sGHefEn6UBmoIr8iTwYrU8Epc+Yn1XMlxT7c=', '2014-09-15 10:04:49', 0, 'Executive_91', 'Executive', 'Officer ', '', 0, 1, '2014-04-17 12:00:00'),
(92, 'pbkdf2_sha256$12000$kZyTLrbGntin$AqOG2W8sGHefEn6UBmoIr8iTwYrU8Epc+Yn1XMlxT7c=', '2014-09-15 10:04:49', 0, 'Vh_92', '', '', '', 0, 1, '2014-04-17 12:00:00'),
(93, 'pbkdf2_sha256$12000$kZyTLrbGntin$AqOG2W8sGHefEn6UBmoIr8iTwYrU8Epc+Yn1XMlxT7c=', '2014-09-15 10:04:49', 0, 'Sub_93', 'Sub', 'Divisional Engineer (Civll & P', 'sdeldh1973@gmail.com', 0, 1, '2014-04-17 12:00:00'),
(94, 'pbkdf2_sha256$12000$kZyTLrbGntin$AqOG2W8sGHefEn6UBmoIr8iTwYrU8Epc+Yn1XMlxT7c=', '2014-09-15 10:04:49', 0, 'Sub_94', 'Sub', 'Divisional Engineer', '', 0, 1, '2014-04-21 12:00:00'),
(95, 'pbkdf2_sha256$12000$kZyTLrbGntin$AqOG2W8sGHefEn6UBmoIr8iTwYrU8Epc+Yn1XMlxT7c=', '2014-09-15 10:04:49', 0, 'M/S.Shapoorji_95', '', '', '', 0, 1, '2014-04-21 12:00:00'),
(96, 'pbkdf2_sha256$12000$kZyTLrbGntin$AqOG2W8sGHefEn6UBmoIr8iTwYrU8Epc+Yn1XMlxT7c=', '2014-09-15 10:04:49', 0, 'Executive_96', 'Executive', 'Engineer (C)', '', 0, 1, '2014-04-21 12:00:00'),
(97, 'pbkdf2_sha256$12000$kZyTLrbGntin$AqOG2W8sGHefEn6UBmoIr8iTwYrU8Epc+Yn1XMlxT7c=', '2014-09-15 10:04:49', 0, 'Sub_97', 'Sub', 'Divisional Officer', '', 0, 1, '2014-04-21 12:00:00'),
(98, 'pbkdf2_sha256$12000$kZyTLrbGntin$AqOG2W8sGHefEn6UBmoIr8iTwYrU8Epc+Yn1XMlxT7c=', '2014-09-15 10:04:49', 0, 'Divisional_98', 'Divisional', 'Engineer ( C-II ) ', '', 0, 1, '2014-04-21 12:00:00'),
(99, 'pbkdf2_sha256$12000$kZyTLrbGntin$AqOG2W8sGHefEn6UBmoIr8iTwYrU8Epc+Yn1XMlxT7c=', '2014-09-15 10:04:49', 0, 'Assistant_99', 'Assistant', 'Commissioner (T) ', '', 0, 1, '2014-04-22 12:00:00'),
(100, 'pbkdf2_sha256$12000$kZyTLrbGntin$AqOG2W8sGHefEn6UBmoIr8iTwYrU8Epc+Yn1XMlxT7c=', '2014-09-15 10:04:49', 0, 'Additional_100', 'Additional', 'Commissioner (T)', '', 0, 1, '2014-04-22 12:00:00'),
(101, 'pbkdf2_sha256$12000$kZyTLrbGntin$AqOG2W8sGHefEn6UBmoIr8iTwYrU8Epc+Yn1XMlxT7c=', '2014-09-15 10:04:49', 0, 'Prof._101', 'Prof. Jagbir', 'Singh', '', 0, 1, '2014-04-22 12:00:00'),
(102, 'pbkdf2_sha256$12000$kZyTLrbGntin$AqOG2W8sGHefEn6UBmoIr8iTwYrU8Epc+Yn1XMlxT7c=', '2014-09-15 10:04:49', 0, 'Mr._102', 'Mr. Lakhvir', 'Singh', '', 0, 1, '2014-04-22 12:00:00'),
(103, 'pbkdf2_sha256$12000$kZyTLrbGntin$AqOG2W8sGHefEn6UBmoIr8iTwYrU8Epc+Yn1XMlxT7c=', '2014-09-15 10:04:49', 0, 'Sub_103', 'Sub', 'Divisional Engineer', '', 0, 1, '2014-04-22 12:00:00'),
(104, 'pbkdf2_sha256$12000$kZyTLrbGntin$AqOG2W8sGHefEn6UBmoIr8iTwYrU8Epc+Yn1XMlxT7c=', '2014-09-15 10:04:49', 0, 'S._104', 'S. Inderpreet', 'Singh', '', 0, 1, '2014-04-23 12:00:00'),
(105, 'pbkdf2_sha256$12000$kZyTLrbGntin$AqOG2W8sGHefEn6UBmoIr8iTwYrU8Epc+Yn1XMlxT7c=', '2014-09-15 10:04:49', 0, 'M/S_105', '', '', 'info@seclindia.com', 0, 1, '2014-04-23 12:00:00'),
(106, 'pbkdf2_sha256$12000$kZyTLrbGntin$AqOG2W8sGHefEn6UBmoIr8iTwYrU8Epc+Yn1XMlxT7c=', '2014-09-15 10:04:49', 0, 'Power_106', '', '', '', 0, 1, '2014-04-23 12:00:00'),
(107, 'pbkdf2_sha256$12000$kZyTLrbGntin$AqOG2W8sGHefEn6UBmoIr8iTwYrU8Epc+Yn1XMlxT7c=', '2014-09-15 10:04:49', 0, 'Power_107', '', '', '', 0, 1, '2014-04-23 12:00:00'),
(108, 'pbkdf2_sha256$12000$kZyTLrbGntin$AqOG2W8sGHefEn6UBmoIr8iTwYrU8Epc+Yn1XMlxT7c=', '2014-09-15 10:04:49', 0, 'Additional_108', 'Additional', 'Commissioner (T)', '', 0, 1, '2014-04-23 12:00:00'),
(109, 'pbkdf2_sha256$12000$kZyTLrbGntin$AqOG2W8sGHefEn6UBmoIr8iTwYrU8Epc+Yn1XMlxT7c=', '2014-09-15 10:04:49', 0, 'Additional_109', 'Additional', 'Commissioner (T)', '', 0, 1, '2014-04-23 12:00:00'),
(110, 'pbkdf2_sha256$12000$kZyTLrbGntin$AqOG2W8sGHefEn6UBmoIr8iTwYrU8Epc+Yn1XMlxT7c=', '2014-09-15 10:04:49', 0, 'Sub_110', 'Sub', 'Divisional Engineer', '', 0, 1, '2014-04-23 12:00:00'),
(111, 'pbkdf2_sha256$12000$kZyTLrbGntin$AqOG2W8sGHefEn6UBmoIr8iTwYrU8Epc+Yn1XMlxT7c=', '2014-09-15 10:04:49', 0, 'Sub_111', 'Sub', 'Divisional Engineer', '', 0, 1, '2014-04-23 12:00:00'),
(112, 'pbkdf2_sha256$12000$kZyTLrbGntin$AqOG2W8sGHefEn6UBmoIr8iTwYrU8Epc+Yn1XMlxT7c=', '2014-09-15 10:04:49', 0, 'M/S_112', '', '', '', 0, 1, '2014-04-24 12:00:00'),
(113, 'pbkdf2_sha256$12000$kZyTLrbGntin$AqOG2W8sGHefEn6UBmoIr8iTwYrU8Epc+Yn1XMlxT7c=', '2014-09-15 10:04:49', 0, 'Mr._113', 'Mr. Jugesh', 'Kalra & Mr.  Divesh Kalra ', 'kristymt7@gmail.com', 0, 1, '2014-04-24 12:00:00'),
(114, 'pbkdf2_sha256$12000$kZyTLrbGntin$AqOG2W8sGHefEn6UBmoIr8iTwYrU8Epc+Yn1XMlxT7c=', '2014-09-15 10:04:49', 0, 'Additional_114', 'Additional', 'Commissioner (T)', '', 0, 1, '2014-04-24 12:00:00'),
(115, 'pbkdf2_sha256$12000$kZyTLrbGntin$AqOG2W8sGHefEn6UBmoIr8iTwYrU8Epc+Yn1XMlxT7c=', '2014-09-15 10:04:49', 0, 'Additional_115', 'Additional', 'Commissioner (T)', '', 0, 1, '2014-04-24 12:00:00'),
(116, 'pbkdf2_sha256$12000$kZyTLrbGntin$AqOG2W8sGHefEn6UBmoIr8iTwYrU8Epc+Yn1XMlxT7c=', '2014-09-15 10:04:49', 0, 'M/S_116', '', '', 'starcon_infra@yahoo.co.in', 0, 1, '2014-04-24 12:00:00'),
(117, 'pbkdf2_sha256$12000$kZyTLrbGntin$AqOG2W8sGHefEn6UBmoIr8iTwYrU8Epc+Yn1XMlxT7c=', '2014-09-15 10:04:49', 0, 'M/S_117', '', '', 'vipan@kuduonline.com', 0, 1, '2014-04-24 12:00:00'),
(118, 'pbkdf2_sha256$12000$kZyTLrbGntin$AqOG2W8sGHefEn6UBmoIr8iTwYrU8Epc+Yn1XMlxT7c=', '2014-09-15 10:04:49', 0, 'Sub_118', 'Sub', 'Divisional Engineer', '', 0, 1, '2014-04-24 12:00:00'),
(119, 'pbkdf2_sha256$12000$kZyTLrbGntin$AqOG2W8sGHefEn6UBmoIr8iTwYrU8Epc+Yn1XMlxT7c=', '2014-09-15 10:04:49', 0, 'Executive_119', 'Executive', 'Engineer', '', 0, 1, '2014-04-24 12:00:00'),
(120, 'pbkdf2_sha256$12000$kZyTLrbGntin$AqOG2W8sGHefEn6UBmoIr8iTwYrU8Epc+Yn1XMlxT7c=', '2014-09-15 10:04:49', 0, 'Sub_120', 'Sub', 'Divisional Engineer (C)', 'kuldipkumar@gmail.com', 0, 1, '2014-04-25 12:00:00'),
(121, 'pbkdf2_sha256$12000$kZyTLrbGntin$AqOG2W8sGHefEn6UBmoIr8iTwYrU8Epc+Yn1XMlxT7c=', '2014-09-15 10:04:49', 0, 'M/S._121', '', '', '', 0, 1, '2014-04-25 12:00:00'),
(122, 'pbkdf2_sha256$12000$kZyTLrbGntin$AqOG2W8sGHefEn6UBmoIr8iTwYrU8Epc+Yn1XMlxT7c=', '2014-09-15 10:04:49', 0, 'SSE_122', '', '', '', 0, 1, '2014-04-25 12:00:00'),
(123, 'pbkdf2_sha256$12000$kZyTLrbGntin$AqOG2W8sGHefEn6UBmoIr8iTwYrU8Epc+Yn1XMlxT7c=', '2014-09-15 10:04:49', 0, 'M/S._123', '', '', 'pigoindal@sunilhitech.com', 0, 1, '2014-04-25 12:00:00'),
(124, 'pbkdf2_sha256$12000$kZyTLrbGntin$AqOG2W8sGHefEn6UBmoIr8iTwYrU8Epc+Yn1XMlxT7c=', '2014-09-15 10:04:49', 0, 'Assistant_124', 'Assistant', 'Commissioner (T) ', '', 0, 1, '2014-04-25 12:00:00'),
(125, 'pbkdf2_sha256$12000$kZyTLrbGntin$AqOG2W8sGHefEn6UBmoIr8iTwYrU8Epc+Yn1XMlxT7c=', '2014-09-15 10:04:49', 0, 'Executive_125', 'Executive', 'Engineer', '', 0, 1, '2014-04-25 12:00:00'),
(126, 'pbkdf2_sha256$12000$kZyTLrbGntin$AqOG2W8sGHefEn6UBmoIr8iTwYrU8Epc+Yn1XMlxT7c=', '2014-09-15 10:04:49', 0, 'Sub_126', 'Sub', 'Divisional Engineer', '', 0, 1, '2014-04-25 12:00:00'),
(127, 'pbkdf2_sha256$12000$kZyTLrbGntin$AqOG2W8sGHefEn6UBmoIr8iTwYrU8Epc+Yn1XMlxT7c=', '2014-09-15 10:04:49', 0, 'Sub_127', 'Sub', 'Divisional Engineer', '', 0, 1, '2014-04-28 12:00:00'),
(128, 'pbkdf2_sha256$12000$kZyTLrbGntin$AqOG2W8sGHefEn6UBmoIr8iTwYrU8Epc+Yn1XMlxT7c=', '2014-09-15 10:04:49', 0, 'Executive_128', 'Executive', 'Engineer', '', 0, 1, '2014-04-28 12:00:00'),
(129, 'pbkdf2_sha256$12000$kZyTLrbGntin$AqOG2W8sGHefEn6UBmoIr8iTwYrU8Epc+Yn1XMlxT7c=', '2014-09-15 10:04:49', 0, 'Addl._129', 'Addl.', 'Superintending Engineer. (C) ', '', 0, 1, '2014-04-28 12:00:00'),
(130, 'pbkdf2_sha256$12000$kZyTLrbGntin$AqOG2W8sGHefEn6UBmoIr8iTwYrU8Epc+Yn1XMlxT7c=', '2014-09-15 10:04:49', 0, 'Sr._130', 'Sr.', 'Sec. Engineer/Work ', '', 0, 1, '2014-04-28 12:00:00'),
(131, 'pbkdf2_sha256$12000$kZyTLrbGntin$AqOG2W8sGHefEn6UBmoIr8iTwYrU8Epc+Yn1XMlxT7c=', '2014-09-15 10:04:49', 0, 'Executive_131', 'Executive', 'Engineer', 'singlajaikrishan@gmail.com', 0, 1, '2014-04-28 12:00:00'),
(132, 'pbkdf2_sha256$12000$kZyTLrbGntin$AqOG2W8sGHefEn6UBmoIr8iTwYrU8Epc+Yn1XMlxT7c=', '2014-09-15 10:04:49', 0, 'Guru_132', '', '', '', 0, 1, '2014-05-01 12:00:00'),
(133, 'pbkdf2_sha256$12000$kZyTLrbGntin$AqOG2W8sGHefEn6UBmoIr8iTwYrU8Epc+Yn1XMlxT7c=', '2014-09-15 10:04:49', 0, 'Director_133', 'Director', 'I/C ', '', 0, 1, '2014-05-01 12:00:00'),
(134, 'pbkdf2_sha256$12000$kZyTLrbGntin$AqOG2W8sGHefEn6UBmoIr8iTwYrU8Epc+Yn1XMlxT7c=', '2014-09-15 10:04:49', 0, 'Mr._134', 'Mr. Jatinder', 'Kumar ', '', 0, 1, '2014-05-01 12:00:00'),
(135, 'pbkdf2_sha256$12000$kZyTLrbGntin$AqOG2W8sGHefEn6UBmoIr8iTwYrU8Epc+Yn1XMlxT7c=', '2014-09-15 10:04:49', 0, 'M/S._135', '', '', '', 0, 1, '2014-05-01 12:00:00'),
(136, 'pbkdf2_sha256$12000$kZyTLrbGntin$AqOG2W8sGHefEn6UBmoIr8iTwYrU8Epc+Yn1XMlxT7c=', '2014-09-15 10:04:49', 0, 'Ms._136', 'Ms. Saloni', 'Baweja ', 'salonibaweja10@gmail.com', 0, 1, '2014-05-01 12:00:00'),
(137, 'pbkdf2_sha256$12000$kZyTLrbGntin$AqOG2W8sGHefEn6UBmoIr8iTwYrU8Epc+Yn1XMlxT7c=', '2014-09-15 10:04:49', 0, 'Mr.Ramandeep_137', 'Mr.Ramandeep Singh', '', 'ramanvirdiz@gmail.com', 0, 1, '2014-05-01 12:00:00'),
(138, 'pbkdf2_sha256$12000$kZyTLrbGntin$AqOG2W8sGHefEn6UBmoIr8iTwYrU8Epc+Yn1XMlxT7c=', '2014-09-15 10:04:49', 0, 'Ms._138', 'Ms. Divyanshi', '', 'divyanshikathuria@gmail.com', 0, 1, '2014-05-01 12:00:00'),
(139, 'pbkdf2_sha256$12000$kZyTLrbGntin$AqOG2W8sGHefEn6UBmoIr8iTwYrU8Epc+Yn1XMlxT7c=', '2014-09-15 10:04:49', 0, 'Mr._139', 'Mr. Ashutosh', 'Singh ', 'ashumrsingh@gmail.com', 0, 1, '2014-05-01 12:00:00'),
(140, 'pbkdf2_sha256$12000$kZyTLrbGntin$AqOG2W8sGHefEn6UBmoIr8iTwYrU8Epc+Yn1XMlxT7c=', '2014-09-15 10:04:49', 0, 'Mr._140', 'Mr. Arun', 'Kumar ', 'a.arunlishnor@gmail.com', 0, 1, '2014-05-01 12:00:00'),
(141, 'pbkdf2_sha256$12000$kZyTLrbGntin$AqOG2W8sGHefEn6UBmoIr8iTwYrU8Epc+Yn1XMlxT7c=', '2014-09-15 10:04:49', 0, 'Aashita_141', 'Aashita', 'Dutta ', 'aashitadutta@gmail.com', 0, 1, '2014-05-01 12:00:00'),
(142, 'pbkdf2_sha256$12000$kZyTLrbGntin$AqOG2W8sGHefEn6UBmoIr8iTwYrU8Epc+Yn1XMlxT7c=', '2014-09-15 10:04:49', 0, 'Ms._142', 'Ms. Gurpreet', 'Kaur ', 'gurpreetahuja0528@gmail.com', 0, 1, '2014-05-01 12:00:00'),
(143, 'pbkdf2_sha256$12000$kZyTLrbGntin$AqOG2W8sGHefEn6UBmoIr8iTwYrU8Epc+Yn1XMlxT7c=', '2014-09-15 10:04:49', 0, 'Mr._143', 'Mr. Amitt', 'Bhardwaj ', 'amittbhardwaj@gmail.com', 0, 1, '2014-05-01 12:00:00'),
(144, 'pbkdf2_sha256$12000$kZyTLrbGntin$AqOG2W8sGHefEn6UBmoIr8iTwYrU8Epc+Yn1XMlxT7c=', '2014-09-15 10:04:49', 0, 'Ms._144', 'Ms. Sanjeet', 'Kaur ', 'kaursanjeet@yahoo.com', 0, 1, '2014-05-01 12:00:00'),
(145, 'pbkdf2_sha256$12000$kZyTLrbGntin$AqOG2W8sGHefEn6UBmoIr8iTwYrU8Epc+Yn1XMlxT7c=', '2014-09-15 10:04:49', 0, 'Mr._145', 'Mr. Darshpreet', 'Singh ', 'mrdsingh@gmail.com', 0, 1, '2014-05-01 12:00:00'),
(146, 'pbkdf2_sha256$12000$kZyTLrbGntin$AqOG2W8sGHefEn6UBmoIr8iTwYrU8Epc+Yn1XMlxT7c=', '2014-09-15 10:04:49', 0, 'Mr._146', 'Mr. Gurpinder', 'Singh ', 'mpjatt22201150@gmail.com', 0, 1, '2014-05-01 12:00:00'),
(147, 'pbkdf2_sha256$12000$kZyTLrbGntin$AqOG2W8sGHefEn6UBmoIr8iTwYrU8Epc+Yn1XMlxT7c=', '2014-09-15 10:04:49', 0, 'Mr._147', 'Mr. Navdeep', 'Singh ', 'navdeepsaini48@gmail.com', 0, 1, '2014-05-01 12:00:00'),
(148, 'pbkdf2_sha256$12000$kZyTLrbGntin$AqOG2W8sGHefEn6UBmoIr8iTwYrU8Epc+Yn1XMlxT7c=', '2014-09-15 10:04:49', 0, 'Mr._148', 'Mr. Jagmeet', 'Singh ', 'jagmeet787@gmail.com', 0, 1, '2014-05-01 12:00:00'),
(149, 'pbkdf2_sha256$12000$kZyTLrbGntin$AqOG2W8sGHefEn6UBmoIr8iTwYrU8Epc+Yn1XMlxT7c=', '2014-09-15 10:04:49', 0, 'Ms._149', 'Ms. Jasleen', 'Kaur ', 'lalljasleen@gmail.com', 0, 1, '2014-05-02 12:00:00'),
(150, 'pbkdf2_sha256$12000$kZyTLrbGntin$AqOG2W8sGHefEn6UBmoIr8iTwYrU8Epc+Yn1XMlxT7c=', '2014-09-15 10:04:49', 0, 'Ms._150', 'Ms. Mandeep', 'Kaur ', 'mandeep9219@gmail.com', 0, 1, '2014-05-02 12:00:00'),
(151, 'pbkdf2_sha256$12000$kZyTLrbGntin$AqOG2W8sGHefEn6UBmoIr8iTwYrU8Epc+Yn1XMlxT7c=', '2014-09-15 10:04:49', 0, 'Ms._151', 'Ms. Harvir', 'Kaur ', 'harvirkaur241@yahoo.com', 0, 1, '2014-05-02 12:00:00'),
(152, 'pbkdf2_sha256$12000$kZyTLrbGntin$AqOG2W8sGHefEn6UBmoIr8iTwYrU8Epc+Yn1XMlxT7c=', '2014-09-15 10:04:49', 0, 'DGM_152', '', '', 'pathankotprject@ansalabl.com', 0, 1, '2014-05-02 12:00:00'),
(153, 'pbkdf2_sha256$12000$kZyTLrbGntin$AqOG2W8sGHefEn6UBmoIr8iTwYrU8Epc+Yn1XMlxT7c=', '2014-09-15 10:04:49', 0, 'Assistant_153', 'Assistant', 'Commissioner (Tech)', '', 0, 1, '2014-05-02 12:00:00'),
(154, 'pbkdf2_sha256$12000$kZyTLrbGntin$AqOG2W8sGHefEn6UBmoIr8iTwYrU8Epc+Yn1XMlxT7c=', '2014-09-15 10:04:49', 0, 'Mr._154', '', '', 'ipandher1@gmail.com', 0, 1, '2014-05-02 12:00:00'),
(155, 'pbkdf2_sha256$12000$kZyTLrbGntin$AqOG2W8sGHefEn6UBmoIr8iTwYrU8Epc+Yn1XMlxT7c=', '2014-09-15 10:04:49', 0, 'The_155', '', '', '', 0, 1, '2014-05-02 12:00:00'),
(156, 'pbkdf2_sha256$12000$kZyTLrbGntin$AqOG2W8sGHefEn6UBmoIr8iTwYrU8Epc+Yn1XMlxT7c=', '2014-09-15 10:04:49', 0, 'Mr._156', 'Mr. Gurjoypal', 'Singh ', 'gurjot25singh@yahoo.com', 0, 1, '2014-05-05 12:00:00'),
(157, 'pbkdf2_sha256$12000$kZyTLrbGntin$AqOG2W8sGHefEn6UBmoIr8iTwYrU8Epc+Yn1XMlxT7c=', '2014-09-15 10:04:49', 0, 'Mr._157', 'Mr. Mandeep', 'Singh ', 'mandeeps708@gmail.com', 0, 1, '2014-05-05 12:00:00'),
(158, 'pbkdf2_sha256$12000$kZyTLrbGntin$AqOG2W8sGHefEn6UBmoIr8iTwYrU8Epc+Yn1XMlxT7c=', '2014-09-15 10:04:49', 0, 'Sub_158', 'Sub', 'Divisional Engineer (C)', '', 0, 1, '2014-05-05 12:00:00'),
(159, 'pbkdf2_sha256$12000$kZyTLrbGntin$AqOG2W8sGHefEn6UBmoIr8iTwYrU8Epc+Yn1XMlxT7c=', '2014-09-15 10:04:49', 0, 'Mr._159', 'Mr. Gurmit', 'Singh ', '', 0, 1, '2014-05-05 12:00:00'),
(160, 'pbkdf2_sha256$12000$kZyTLrbGntin$AqOG2W8sGHefEn6UBmoIr8iTwYrU8Epc+Yn1XMlxT7c=', '2014-09-15 10:04:49', 0, 'M/S._160', '', '', '', 0, 1, '2014-05-05 12:00:00'),
(161, 'pbkdf2_sha256$12000$kZyTLrbGntin$AqOG2W8sGHefEn6UBmoIr8iTwYrU8Epc+Yn1XMlxT7c=', '2014-09-15 10:04:49', 0, 'Sub_161', 'Sub', 'Divisional Engineer (C)', '', 0, 1, '2014-05-05 12:00:00'),
(162, 'pbkdf2_sha256$12000$kZyTLrbGntin$AqOG2W8sGHefEn6UBmoIr8iTwYrU8Epc+Yn1XMlxT7c=', '2014-09-15 10:04:49', 0, 'Ms._162', 'Ms. Jyotsna', 'Chawla ', 'jyotsnachawla25@gmail.com', 0, 1, '2014-05-05 12:00:00'),
(163, 'pbkdf2_sha256$12000$kZyTLrbGntin$AqOG2W8sGHefEn6UBmoIr8iTwYrU8Epc+Yn1XMlxT7c=', '2014-09-15 10:04:49', 0, 'Sub_163', 'Sub', 'Divisional Engineer', 'wss_sddhuri@yahoo.in', 0, 1, '2014-05-05 12:00:00'),
(164, 'pbkdf2_sha256$12000$kZyTLrbGntin$AqOG2W8sGHefEn6UBmoIr8iTwYrU8Epc+Yn1XMlxT7c=', '2014-09-15 10:04:49', 0, 'Sub_164', 'Sub', 'Divisional Engineer (C)', '', 0, 1, '2014-05-05 12:00:00'),
(165, 'pbkdf2_sha256$12000$kZyTLrbGntin$AqOG2W8sGHefEn6UBmoIr8iTwYrU8Epc+Yn1XMlxT7c=', '2014-09-15 10:04:49', 0, 'Ms._165', 'Ms. Muskan', '', 'muskan.a912@yahoo.com', 0, 1, '2014-05-05 12:00:00'),
(166, 'pbkdf2_sha256$12000$kZyTLrbGntin$AqOG2W8sGHefEn6UBmoIr8iTwYrU8Epc+Yn1XMlxT7c=', '2014-09-15 10:04:49', 0, 'Ms._166', 'Ms. Sweta', 'Pathak ', 'shagun.pathak03@gmail.com', 0, 1, '2014-05-05 12:00:00'),
(167, 'pbkdf2_sha256$12000$kZyTLrbGntin$AqOG2W8sGHefEn6UBmoIr8iTwYrU8Epc+Yn1XMlxT7c=', '2014-09-15 10:04:49', 0, 'Mr._167', 'Mr. Sukhdeep', 'Singh', 'sukhdeepsingh339@gmail.com', 0, 1, '2014-05-06 12:00:00'),
(168, 'pbkdf2_sha256$12000$kZyTLrbGntin$AqOG2W8sGHefEn6UBmoIr8iTwYrU8Epc+Yn1XMlxT7c=', '2014-09-15 10:04:49', 0, 'Mr._168', 'Mr. Pappu', '', 'prince.chounkria@yahoo.com', 0, 1, '2014-05-06 12:00:00'),
(169, 'pbkdf2_sha256$12000$kZyTLrbGntin$AqOG2W8sGHefEn6UBmoIr8iTwYrU8Epc+Yn1XMlxT7c=', '2014-09-15 10:04:49', 0, 'Addl._169', 'Addl.', 'Superintending Engineer ', '', 0, 1, '2014-05-06 12:00:00'),
(170, 'pbkdf2_sha256$12000$kZyTLrbGntin$AqOG2W8sGHefEn6UBmoIr8iTwYrU8Epc+Yn1XMlxT7c=', '2014-09-15 10:04:49', 0, 'M/S._170', '', '', '', 0, 1, '2014-05-06 12:00:00'),
(171, 'pbkdf2_sha256$12000$kZyTLrbGntin$AqOG2W8sGHefEn6UBmoIr8iTwYrU8Epc+Yn1XMlxT7c=', '2014-09-15 10:04:49', 0, 'M/S._171', '', '', 'info@nasscom.in', 0, 1, '2014-05-06 12:00:00'),
(172, 'pbkdf2_sha256$12000$kZyTLrbGntin$AqOG2W8sGHefEn6UBmoIr8iTwYrU8Epc+Yn1XMlxT7c=', '2014-09-15 10:04:49', 0, 'Sub_172', 'Sub', 'Divisional Engineer', '', 0, 1, '2014-05-06 12:00:00'),
(173, 'pbkdf2_sha256$12000$kZyTLrbGntin$AqOG2W8sGHefEn6UBmoIr8iTwYrU8Epc+Yn1XMlxT7c=', '2014-09-15 10:04:49', 0, 'Mr._173', 'Mr. Inderjit', 'Singh ', 'gagan1260@gmail.com', 0, 1, '2014-05-06 12:00:00'),
(174, 'pbkdf2_sha256$12000$kZyTLrbGntin$AqOG2W8sGHefEn6UBmoIr8iTwYrU8Epc+Yn1XMlxT7c=', '2014-09-15 10:04:49', 0, 'Ms._174', 'Ms. Jaskarandeep', 'Kaur ', 'jasmine19293@gmail.com', 0, 1, '2014-05-06 12:00:00'),
(175, 'pbkdf2_sha256$12000$kZyTLrbGntin$AqOG2W8sGHefEn6UBmoIr8iTwYrU8Epc+Yn1XMlxT7c=', '2014-09-15 10:04:49', 0, 'Mr._175', 'Mr. Gurinder', 'Singh ', 'gurinder11dhandi@gmail.com', 0, 1, '2014-05-06 12:00:00'),
(176, 'pbkdf2_sha256$12000$kZyTLrbGntin$AqOG2W8sGHefEn6UBmoIr8iTwYrU8Epc+Yn1XMlxT7c=', '2014-09-15 10:04:49', 0, 'Mr._176', 'Mr. Sumandeep', 'Singh ', 'samandeep564@gmail.com', 0, 1, '2014-05-06 12:00:00'),
(177, 'pbkdf2_sha256$12000$kZyTLrbGntin$AqOG2W8sGHefEn6UBmoIr8iTwYrU8Epc+Yn1XMlxT7c=', '2014-09-15 10:04:49', 0, 'Mr._177', 'Mr. Parminder', 'Singh ', 'parmindersinghsekha@gmail.com', 0, 1, '2014-05-06 12:00:00'),
(178, 'pbkdf2_sha256$12000$kZyTLrbGntin$AqOG2W8sGHefEn6UBmoIr8iTwYrU8Epc+Yn1XMlxT7c=', '2014-09-15 10:04:49', 0, 'Mr._178', 'Mr. Gurjap', 'Singh Somel ', 'gurjap.singhoxi@gmail.com', 0, 1, '2014-05-06 12:00:00'),
(179, 'pbkdf2_sha256$12000$kZyTLrbGntin$AqOG2W8sGHefEn6UBmoIr8iTwYrU8Epc+Yn1XMlxT7c=', '2014-09-15 10:04:49', 0, 'Mr._179', 'Mr. Gagandeep', 'Singh ', 'gagandeepsingh.13@radiff.com', 0, 1, '2014-05-06 12:00:00'),
(180, 'pbkdf2_sha256$12000$kZyTLrbGntin$AqOG2W8sGHefEn6UBmoIr8iTwYrU8Epc+Yn1XMlxT7c=', '2014-09-15 10:04:49', 0, 'Mr._180', 'Mr. Harchand', 'Singh ', 'harchandbhullar3093@gmail.com', 0, 1, '2014-05-06 12:00:00'),
(181, 'pbkdf2_sha256$12000$kZyTLrbGntin$AqOG2W8sGHefEn6UBmoIr8iTwYrU8Epc+Yn1XMlxT7c=', '2014-09-15 10:04:49', 0, 'Mr._181', 'Mr. Sawanpreet', 'Singh ', 'sawanpreetsinghdhaliwal@gmail.com', 0, 1, '2014-05-06 12:00:00'),
(182, 'pbkdf2_sha256$12000$kZyTLrbGntin$AqOG2W8sGHefEn6UBmoIr8iTwYrU8Epc+Yn1XMlxT7c=', '2014-09-15 10:04:49', 0, 'Mr._182', 'Mr. Anoop', 'Singh ', 'anoopsingh1@live.in', 0, 1, '2014-05-06 12:00:00'),
(183, 'pbkdf2_sha256$12000$kZyTLrbGntin$AqOG2W8sGHefEn6UBmoIr8iTwYrU8Epc+Yn1XMlxT7c=', '2014-09-15 10:04:49', 0, 'Mr._183', 'Mr. Supinderjit', 'Singh ', 'supinderjitkhangura@gmail.com', 0, 1, '2014-05-06 12:00:00'),
(184, 'pbkdf2_sha256$12000$kZyTLrbGntin$AqOG2W8sGHefEn6UBmoIr8iTwYrU8Epc+Yn1XMlxT7c=', '2014-09-15 10:04:49', 0, 'Mr._184', 'Mr. Taljeet', 'Singh ', 'taljeetsingh93@yahoo.com', 0, 1, '2014-05-06 12:00:00'),
(185, 'pbkdf2_sha256$12000$kZyTLrbGntin$AqOG2W8sGHefEn6UBmoIr8iTwYrU8Epc+Yn1XMlxT7c=', '2014-09-15 10:04:49', 0, 'Sub_185', 'Sub', 'Divisional Engineer', '', 0, 1, '2014-05-06 12:00:00'),
(186, 'pbkdf2_sha256$12000$kZyTLrbGntin$AqOG2W8sGHefEn6UBmoIr8iTwYrU8Epc+Yn1XMlxT7c=', '2014-09-15 10:04:49', 0, 'Mr._186', 'Mr. Amritpal', 'Singh ', 'amritpal2792@gmail.com', 0, 1, '2014-05-06 12:00:00'),
(187, 'pbkdf2_sha256$12000$kZyTLrbGntin$AqOG2W8sGHefEn6UBmoIr8iTwYrU8Epc+Yn1XMlxT7c=', '2014-09-15 10:04:49', 0, 'Ms._187', 'Ms. Navjot', 'Kaur ', 'jotsohal7520@gmail.com', 0, 1, '2014-05-06 12:00:00'),
(188, 'pbkdf2_sha256$12000$kZyTLrbGntin$AqOG2W8sGHefEn6UBmoIr8iTwYrU8Epc+Yn1XMlxT7c=', '2014-09-15 10:04:49', 0, 'Sub_188', 'Sub', 'Divisional Engineer', '', 0, 1, '2014-05-06 12:00:00'),
(189, 'pbkdf2_sha256$12000$kZyTLrbGntin$AqOG2W8sGHefEn6UBmoIr8iTwYrU8Epc+Yn1XMlxT7c=', '2014-09-15 10:04:49', 0, 'M/S._189', '', '', 'diljit.architect@yahoo.com', 0, 1, '2014-05-06 12:00:00'),
(190, 'pbkdf2_sha256$12000$kZyTLrbGntin$AqOG2W8sGHefEn6UBmoIr8iTwYrU8Epc+Yn1XMlxT7c=', '2014-09-15 10:04:49', 0, 'Mr._190', 'Mr. Vikas', 'Bhatia ', '', 0, 1, '2014-05-06 12:00:00'),
(191, 'pbkdf2_sha256$12000$kZyTLrbGntin$AqOG2W8sGHefEn6UBmoIr8iTwYrU8Epc+Yn1XMlxT7c=', '2014-09-15 10:04:49', 0, 'Mr._191', 'Mr. Amit', 'Kumar Singh ', 'amitsinghrocks08@gmail.com', 0, 1, '2014-05-06 12:00:00'),
(192, 'pbkdf2_sha256$12000$kZyTLrbGntin$AqOG2W8sGHefEn6UBmoIr8iTwYrU8Epc+Yn1XMlxT7c=', '2014-09-15 10:04:49', 0, 'Mr._192', 'Mr. Ashutosh', 'Sahoo ', 'ashurockstarashu@gmail.com', 0, 1, '2014-05-06 12:00:00'),
(193, 'pbkdf2_sha256$12000$kZyTLrbGntin$AqOG2W8sGHefEn6UBmoIr8iTwYrU8Epc+Yn1XMlxT7c=', '2014-09-15 10:04:49', 0, 'Mr._193', 'Mr. Amit', 'Kumar ', 'ak94267@gmail.com', 0, 1, '2014-05-06 12:00:00'),
(194, 'pbkdf2_sha256$12000$kZyTLrbGntin$AqOG2W8sGHefEn6UBmoIr8iTwYrU8Epc+Yn1XMlxT7c=', '2014-09-15 10:04:49', 0, 'Mr._194', 'Mr. Ankit', 'Singh ', 'ankit1243602@gmail.com', 0, 1, '2014-05-06 12:00:00'),
(195, 'pbkdf2_sha256$12000$kZyTLrbGntin$AqOG2W8sGHefEn6UBmoIr8iTwYrU8Epc+Yn1XMlxT7c=', '2014-09-15 10:04:49', 0, 'Executive_195', 'Executive', 'Officer ', '', 0, 1, '2014-05-06 12:00:00'),
(196, 'pbkdf2_sha256$12000$kZyTLrbGntin$AqOG2W8sGHefEn6UBmoIr8iTwYrU8Epc+Yn1XMlxT7c=', '2014-09-15 10:04:49', 0, 'M/S._196', '', '', '', 0, 1, '2014-05-06 12:00:00'),
(197, 'pbkdf2_sha256$12000$kZyTLrbGntin$AqOG2W8sGHefEn6UBmoIr8iTwYrU8Epc+Yn1XMlxT7c=', '2014-09-15 10:04:49', 0, 'Mr._197', 'Mr. Ramneekpaul', 'Singh', 'ramneekpaulsingh@gmail.com', 0, 1, '2014-05-06 12:00:00'),
(198, 'pbkdf2_sha256$12000$kZyTLrbGntin$AqOG2W8sGHefEn6UBmoIr8iTwYrU8Epc+Yn1XMlxT7c=', '2014-09-15 10:04:49', 0, 'Ms._198', 'Ms. Rajpreet', 'Kaur', 'rajpreetk72@gmail.com', 0, 1, '2014-05-06 12:00:00'),
(199, 'pbkdf2_sha256$12000$kZyTLrbGntin$AqOG2W8sGHefEn6UBmoIr8iTwYrU8Epc+Yn1XMlxT7c=', '2014-09-15 10:04:49', 0, 'Ms._199', 'Ms. Samanjeet', 'Kaur ', 'samanjeetkaur@gmail.com', 0, 1, '2014-05-06 12:00:00'),
(200, 'pbkdf2_sha256$12000$kZyTLrbGntin$AqOG2W8sGHefEn6UBmoIr8iTwYrU8Epc+Yn1XMlxT7c=', '2014-09-15 10:04:49', 0, 'Ms._200', 'Ms. Ramanpreet', 'Kaur Deol ', 'preet.deol15@yahoo.com', 0, 1, '2014-05-06 12:00:00'),
(201, 'pbkdf2_sha256$12000$kZyTLrbGntin$AqOG2W8sGHefEn6UBmoIr8iTwYrU8Epc+Yn1XMlxT7c=', '2014-09-15 10:04:49', 0, 'Ms._201', 'Ms. Prabhjot', 'Kaur ', 'prabhsmikly@gmail.com', 0, 1, '2014-05-06 12:00:00'),
(202, 'pbkdf2_sha256$12000$kZyTLrbGntin$AqOG2W8sGHefEn6UBmoIr8iTwYrU8Epc+Yn1XMlxT7c=', '2014-09-15 10:04:49', 0, 'Ms.Gitanjali,_202', 'Ms.Gitanjali ', '', 'pathaniagitanjali@gmail.com', 0, 1, '2014-05-06 12:00:00'),
(203, 'pbkdf2_sha256$12000$kZyTLrbGntin$AqOG2W8sGHefEn6UBmoIr8iTwYrU8Epc+Yn1XMlxT7c=', '2014-09-15 10:04:49', 0, 'Ms._203', 'Ms. Harmandeep', 'Kaur ', 'harmanvirk32@gmail.com', 0, 1, '2014-05-06 12:00:00'),
(204, 'pbkdf2_sha256$12000$kZyTLrbGntin$AqOG2W8sGHefEn6UBmoIr8iTwYrU8Epc+Yn1XMlxT7c=', '2014-09-15 10:04:49', 0, 'Ms._204', 'Ms. Ravneet', 'Kaur ', 'ravvsandhu9@gmail.com', 0, 1, '2014-05-06 12:00:00'),
(205, 'pbkdf2_sha256$12000$kZyTLrbGntin$AqOG2W8sGHefEn6UBmoIr8iTwYrU8Epc+Yn1XMlxT7c=', '2014-09-15 10:04:49', 0, 'Power_205', '', '', '', 0, 1, '2014-05-07 12:00:00'),
(206, 'pbkdf2_sha256$12000$kZyTLrbGntin$AqOG2W8sGHefEn6UBmoIr8iTwYrU8Epc+Yn1XMlxT7c=', '2014-09-15 10:04:49', 0, 'Mr._206', 'Mr. Chetan', 'Sharma', '', 0, 1, '2014-05-07 12:00:00'),
(207, 'pbkdf2_sha256$12000$kZyTLrbGntin$AqOG2W8sGHefEn6UBmoIr8iTwYrU8Epc+Yn1XMlxT7c=', '2014-09-15 10:04:49', 0, 'Ms._207', 'Ms. Prabhjeet', 'Kaur ', 'jeet.deol9433@gmail.com', 0, 1, '2014-05-07 12:00:00'),
(208, 'pbkdf2_sha256$12000$kZyTLrbGntin$AqOG2W8sGHefEn6UBmoIr8iTwYrU8Epc+Yn1XMlxT7c=', '2014-09-15 10:04:49', 0, 'Ms._208', 'Ms. Kamalpreet', 'Kaur ', 'grewalkamal005@gmail.com', 0, 1, '2014-05-07 12:00:00'),
(209, 'pbkdf2_sha256$12000$kZyTLrbGntin$AqOG2W8sGHefEn6UBmoIr8iTwYrU8Epc+Yn1XMlxT7c=', '2014-09-15 10:04:49', 0, 'Mr._209', 'Mr. Albert', '', 'eralbert9191@gmail.com', 0, 1, '2014-05-07 12:00:00'),
(210, 'pbkdf2_sha256$12000$kZyTLrbGntin$AqOG2W8sGHefEn6UBmoIr8iTwYrU8Epc+Yn1XMlxT7c=', '2014-09-15 10:04:49', 0, 'Mr._210', 'Mr. Jasvir', 'Singh ', 'jassigrewal91@gmail.com', 0, 1, '2014-05-07 12:00:00'),
(211, 'pbkdf2_sha256$12000$kZyTLrbGntin$AqOG2W8sGHefEn6UBmoIr8iTwYrU8Epc+Yn1XMlxT7c=', '2014-09-15 10:04:49', 0, 'Mr._211', 'Mr. Gurjot', 'Singh ', 'bhattigurjot@gmail.com', 0, 1, '2014-05-07 12:00:00'),
(212, 'pbkdf2_sha256$12000$kZyTLrbGntin$AqOG2W8sGHefEn6UBmoIr8iTwYrU8Epc+Yn1XMlxT7c=', '2014-09-15 10:04:49', 0, 'Mr._212', 'Mr. Jaskaran', 'Singh Lamba ', 'lambajaskaran@gmail.com', 0, 1, '2014-05-07 12:00:00'),
(213, 'pbkdf2_sha256$12000$kZyTLrbGntin$AqOG2W8sGHefEn6UBmoIr8iTwYrU8Epc+Yn1XMlxT7c=', '2014-09-15 10:04:49', 0, 'M/S._213', '', '', 'vinay.sholapurkar@metrogroup.co.in', 0, 1, '2014-05-08 12:00:00'),
(214, 'pbkdf2_sha256$12000$kZyTLrbGntin$AqOG2W8sGHefEn6UBmoIr8iTwYrU8Epc+Yn1XMlxT7c=', '2014-09-15 10:04:49', 0, 'Paaramraj_214', 'Paaramraj', 'Singh', 'paramgill04@gmail.com', 0, 1, '2014-05-08 12:00:00'),
(215, 'pbkdf2_sha256$12000$kZyTLrbGntin$AqOG2W8sGHefEn6UBmoIr8iTwYrU8Epc+Yn1XMlxT7c=', '2014-09-15 10:04:49', 0, 'Executive_215', 'Executive', 'Engineer', '', 0, 1, '2014-05-08 12:00:00'),
(216, 'pbkdf2_sha256$12000$kZyTLrbGntin$AqOG2W8sGHefEn6UBmoIr8iTwYrU8Epc+Yn1XMlxT7c=', '2014-09-15 10:04:49', 0, 'Executive_216', 'Executive', 'Engineer', '', 0, 1, '2014-05-08 12:00:00'),
(217, 'pbkdf2_sha256$12000$kZyTLrbGntin$AqOG2W8sGHefEn6UBmoIr8iTwYrU8Epc+Yn1XMlxT7c=', '2014-09-15 10:04:49', 0, 'Sub_217', 'Sub', 'Divisional Engineer', '', 0, 1, '2014-05-08 12:00:00'),
(218, 'pbkdf2_sha256$12000$kZyTLrbGntin$AqOG2W8sGHefEn6UBmoIr8iTwYrU8Epc+Yn1XMlxT7c=', '2014-09-15 10:04:49', 0, 'Sub_218', 'Sub', 'Divisional Engineer', '', 0, 1, '2014-05-08 12:00:00'),
(219, 'pbkdf2_sha256$12000$kZyTLrbGntin$AqOG2W8sGHefEn6UBmoIr8iTwYrU8Epc+Yn1XMlxT7c=', '2014-09-15 10:04:49', 0, 'Mr._219', 'Mr. Bharat', 'Bhushan ', 'bb14521@gmail.com', 0, 1, '2014-05-08 12:00:00'),
(220, 'pbkdf2_sha256$12000$kZyTLrbGntin$AqOG2W8sGHefEn6UBmoIr8iTwYrU8Epc+Yn1XMlxT7c=', '2014-09-15 10:04:49', 0, 'Ms._220', 'Ms. Sandeep', 'Kaur ', 'kaur7034@gmail.com', 0, 1, '2014-05-08 12:00:00'),
(221, 'pbkdf2_sha256$12000$kZyTLrbGntin$AqOG2W8sGHefEn6UBmoIr8iTwYrU8Epc+Yn1XMlxT7c=', '2014-09-15 10:04:49', 0, 'Sub_221', 'Sub', 'Divisional Officer D-1(B & R', '', 0, 1, '2014-05-08 12:00:00'),
(222, 'pbkdf2_sha256$12000$kZyTLrbGntin$AqOG2W8sGHefEn6UBmoIr8iTwYrU8Epc+Yn1XMlxT7c=', '2014-09-15 10:04:49', 0, 'M/S._222', '', '', 'ashiana_architects@yahoo.com', 0, 1, '2014-05-09 12:00:00'),
(223, 'pbkdf2_sha256$12000$kZyTLrbGntin$AqOG2W8sGHefEn6UBmoIr8iTwYrU8Epc+Yn1XMlxT7c=', '2014-09-15 10:04:49', 0, 'Advisor_223', '', '', 'naveen.malhotra@yahoo.com', 0, 1, '2014-05-09 12:00:00'),
(224, 'pbkdf2_sha256$12000$kZyTLrbGntin$AqOG2W8sGHefEn6UBmoIr8iTwYrU8Epc+Yn1XMlxT7c=', '2014-09-15 10:04:49', 0, 'Executive_224', 'Executive', 'Engineer', '', 0, 1, '2014-05-09 12:00:00'),
(225, 'pbkdf2_sha256$12000$kZyTLrbGntin$AqOG2W8sGHefEn6UBmoIr8iTwYrU8Epc+Yn1XMlxT7c=', '2014-09-15 10:04:49', 0, 'Ms._225', 'Ms. Lakshita', 'Sharma ', 'sharmalakshita04@gmail.com', 0, 1, '2014-05-09 12:00:00'),
(226, 'pbkdf2_sha256$12000$kZyTLrbGntin$AqOG2W8sGHefEn6UBmoIr8iTwYrU8Epc+Yn1XMlxT7c=', '2014-09-15 10:04:49', 0, 'Mr._226', 'Mr. Munish', 'Bassi ', '', 0, 1, '2014-05-09 12:00:00'),
(227, 'pbkdf2_sha256$12000$kZyTLrbGntin$AqOG2W8sGHefEn6UBmoIr8iTwYrU8Epc+Yn1XMlxT7c=', '2014-09-15 10:04:49', 0, 'Mr._227', 'Mr. Jagtaran', 'Singh ', 'jagtaransingh88@gmail.com', 0, 1, '2014-05-09 12:00:00'),
(228, 'pbkdf2_sha256$12000$kZyTLrbGntin$AqOG2W8sGHefEn6UBmoIr8iTwYrU8Epc+Yn1XMlxT7c=', '2014-09-15 10:04:49', 0, 'Mr._228', 'Mr. Haramrit', 'Pal Singh ', 'haramritpansar@gmail.com', 0, 1, '2014-05-09 12:00:00'),
(229, 'pbkdf2_sha256$12000$kZyTLrbGntin$AqOG2W8sGHefEn6UBmoIr8iTwYrU8Epc+Yn1XMlxT7c=', '2014-09-15 10:04:49', 0, 'Ms._229', 'Ms. Kamaljeet', 'Kaur ', 'kamal.kaur68@gmail.com', 0, 1, '2014-05-09 12:00:00'),
(230, 'pbkdf2_sha256$12000$kZyTLrbGntin$AqOG2W8sGHefEn6UBmoIr8iTwYrU8Epc+Yn1XMlxT7c=', '2014-09-15 10:04:49', 0, 'Mr._230', 'Mr. Deepak', 'Kumar Sharma ', 'deeky.sharma@gmail.com', 0, 1, '2014-05-09 12:00:00'),
(231, 'pbkdf2_sha256$12000$kZyTLrbGntin$AqOG2W8sGHefEn6UBmoIr8iTwYrU8Epc+Yn1XMlxT7c=', '2014-09-15 10:04:49', 0, 'Ms._231', 'Ms. Chanpreet', 'Kaur ', 'chan20kaur@gmail.com', 0, 1, '2014-05-09 12:00:00'),
(232, 'pbkdf2_sha256$12000$kZyTLrbGntin$AqOG2W8sGHefEn6UBmoIr8iTwYrU8Epc+Yn1XMlxT7c=', '2014-09-15 10:04:49', 0, '_232', '', 'Charu Chopra ', 'charu.chopra84@gmail.com', 0, 1, '2014-05-09 12:00:00'),
(233, 'pbkdf2_sha256$12000$kZyTLrbGntin$AqOG2W8sGHefEn6UBmoIr8iTwYrU8Epc+Yn1XMlxT7c=', '2014-09-15 10:04:49', 0, 'Mr._233', 'Mr. Harjot', 'Singh ', 'hnigger67@gmail.com', 0, 1, '2014-05-09 12:00:00'),
(234, 'pbkdf2_sha256$12000$kZyTLrbGntin$AqOG2W8sGHefEn6UBmoIr8iTwYrU8Epc+Yn1XMlxT7c=', '2014-09-15 10:04:49', 0, 'Mr._234', 'Mr. Jaspreert', 'Singh ', 'singh25jaspreet2525@gmail.com', 0, 1, '2014-05-09 12:00:00'),
(235, 'pbkdf2_sha256$12000$kZyTLrbGntin$AqOG2W8sGHefEn6UBmoIr8iTwYrU8Epc+Yn1XMlxT7c=', '2014-09-15 10:04:49', 0, 'Mr._235', 'Mr. Ankur', 'Garg ', 'ankurgarg1507@gmail.com', 0, 1, '2014-05-12 12:00:00'),
(236, 'pbkdf2_sha256$12000$kZyTLrbGntin$AqOG2W8sGHefEn6UBmoIr8iTwYrU8Epc+Yn1XMlxT7c=', '2014-09-15 10:04:49', 0, 'Mr._236', 'Mr. Rohit', '', 'rohit.jhajhria@gmail.com', 0, 1, '2014-05-12 12:00:00'),
(237, 'pbkdf2_sha256$12000$kZyTLrbGntin$AqOG2W8sGHefEn6UBmoIr8iTwYrU8Epc+Yn1XMlxT7c=', '2014-09-15 10:04:49', 0, 'Mr._237', 'Mr. Vipul', 'Suryavanshi', '', 0, 1, '2014-05-12 12:00:00'),
(238, 'pbkdf2_sha256$12000$kZyTLrbGntin$AqOG2W8sGHefEn6UBmoIr8iTwYrU8Epc+Yn1XMlxT7c=', '2014-09-15 10:04:49', 0, 'Mr._238', 'Mr. Barinder', 'Singh Jassar', 'g.jassar@hotmail.com', 0, 1, '2014-05-12 12:00:00'),
(239, 'pbkdf2_sha256$12000$kZyTLrbGntin$AqOG2W8sGHefEn6UBmoIr8iTwYrU8Epc+Yn1XMlxT7c=', '2014-09-15 10:04:49', 0, 'Mr._239', 'Mr. Kuldeep', 'Singh Khaira', '', 0, 1, '2014-05-13 12:00:00'),
(240, 'pbkdf2_sha256$12000$kZyTLrbGntin$AqOG2W8sGHefEn6UBmoIr8iTwYrU8Epc+Yn1XMlxT7c=', '2014-09-15 10:04:49', 0, 'Sub_240', 'Sub', 'Divisional Engineer (C-5) ', '', 0, 1, '2014-05-13 12:00:00'),
(241, 'pbkdf2_sha256$12000$kZyTLrbGntin$AqOG2W8sGHefEn6UBmoIr8iTwYrU8Epc+Yn1XMlxT7c=', '2014-09-15 10:04:49', 0, 'Sub_241', 'Sub', 'Divisional Engineer (C-1) ', '', 0, 1, '2014-05-13 12:00:00'),
(242, 'pbkdf2_sha256$12000$kZyTLrbGntin$AqOG2W8sGHefEn6UBmoIr8iTwYrU8Epc+Yn1XMlxT7c=', '2014-09-15 10:04:49', 0, 'Sub_242', 'Sub', 'Divisional Engineer', '', 0, 1, '2014-05-13 12:00:00'),
(243, 'pbkdf2_sha256$12000$kZyTLrbGntin$AqOG2W8sGHefEn6UBmoIr8iTwYrU8Epc+Yn1XMlxT7c=', '2014-09-15 10:04:49', 0, 'Ms._243', 'Ms. Gurjit', 'Kaur ', 'gurjitkaur9999@gmail.com', 0, 1, '2014-05-13 12:00:00'),
(244, 'pbkdf2_sha256$12000$kZyTLrbGntin$AqOG2W8sGHefEn6UBmoIr8iTwYrU8Epc+Yn1XMlxT7c=', '2014-09-15 10:04:49', 0, 'President,_244', 'President', '', '', 0, 1, '2014-05-13 12:00:00'),
(245, 'pbkdf2_sha256$12000$kZyTLrbGntin$AqOG2W8sGHefEn6UBmoIr8iTwYrU8Epc+Yn1XMlxT7c=', '2014-09-15 10:04:49', 0, 'Vice_245', 'Vice', 'Chairman ', '', 0, 1, '2014-05-13 12:00:00'),
(246, 'pbkdf2_sha256$12000$kZyTLrbGntin$AqOG2W8sGHefEn6UBmoIr8iTwYrU8Epc+Yn1XMlxT7c=', '2014-09-15 10:04:49', 0, 'Ms._246', 'Ms. Rajveer', 'Kaur ', 'preetraj512@Gmail.com', 0, 1, '2014-05-14 12:00:00'),
(247, 'pbkdf2_sha256$12000$kZyTLrbGntin$AqOG2W8sGHefEn6UBmoIr8iTwYrU8Epc+Yn1XMlxT7c=', '2014-09-15 10:04:49', 0, 'M/s._247', '', '', '', 0, 1, '2014-05-14 12:00:00'),
(248, 'pbkdf2_sha256$12000$kZyTLrbGntin$AqOG2W8sGHefEn6UBmoIr8iTwYrU8Epc+Yn1XMlxT7c=', '2014-09-15 10:04:49', 0, 'Ms._248', 'Ms. Paramjeet', 'Kaur ', 'parwaazkaur@yahoo.com', 0, 1, '2014-05-14 12:00:00'),
(249, 'pbkdf2_sha256$12000$kZyTLrbGntin$AqOG2W8sGHefEn6UBmoIr8iTwYrU8Epc+Yn1XMlxT7c=', '2014-09-15 10:04:49', 0, 'Chairman,_249', 'Chairman', '', '', 0, 1, '2014-05-14 12:00:00'),
(250, 'pbkdf2_sha256$12000$kZyTLrbGntin$AqOG2W8sGHefEn6UBmoIr8iTwYrU8Epc+Yn1XMlxT7c=', '2014-09-15 10:04:49', 0, 'Mr._250', 'Mr. Aseem', 'Mittal ', 'mittalaseem79@gmail.com', 0, 1, '2014-05-14 12:00:00'),
(251, 'pbkdf2_sha256$12000$kZyTLrbGntin$AqOG2W8sGHefEn6UBmoIr8iTwYrU8Epc+Yn1XMlxT7c=', '2014-09-15 10:04:49', 0, 'Trust_251', 'Trust', 'Engineer ', '', 0, 1, '2014-05-14 12:00:00'),
(252, 'pbkdf2_sha256$12000$kZyTLrbGntin$AqOG2W8sGHefEn6UBmoIr8iTwYrU8Epc+Yn1XMlxT7c=', '2014-09-15 10:04:49', 0, 'Mr._252', 'Mr. Amritpal', 'Singh ', 'amritpalsinghsidhu301@gmail.com', 0, 1, '2014-05-14 12:00:00'),
(253, 'pbkdf2_sha256$12000$kZyTLrbGntin$AqOG2W8sGHefEn6UBmoIr8iTwYrU8Epc+Yn1XMlxT7c=', '2014-09-15 10:04:49', 0, 'Mr._253', 'Mr. Ravneet', 'Kaur ', 'kaurneet215@gmail.com', 0, 1, '2014-05-14 12:00:00'),
(254, 'pbkdf2_sha256$12000$kZyTLrbGntin$AqOG2W8sGHefEn6UBmoIr8iTwYrU8Epc+Yn1XMlxT7c=', '2014-09-15 10:04:49', 0, 'M/S._254', '', '', '', 0, 1, '2014-05-14 12:00:00'),
(255, 'pbkdf2_sha256$12000$kZyTLrbGntin$AqOG2W8sGHefEn6UBmoIr8iTwYrU8Epc+Yn1XMlxT7c=', '2014-09-15 10:04:49', 0, 'Assistant_255', 'Assistant', 'Corporation Engineer', '', 0, 1, '2014-05-15 12:00:00'),
(256, 'pbkdf2_sha256$12000$kZyTLrbGntin$AqOG2W8sGHefEn6UBmoIr8iTwYrU8Epc+Yn1XMlxT7c=', '2014-09-15 10:04:49', 0, 'Principal_256', 'Principal', '', '', 0, 1, '2014-05-15 12:00:00'),
(257, 'pbkdf2_sha256$12000$kZyTLrbGntin$AqOG2W8sGHefEn6UBmoIr8iTwYrU8Epc+Yn1XMlxT7c=', '2014-09-15 10:04:49', 0, 'Mr._257', 'Mr. Sunil', 'Adhikari', 'suniladhikari20@yahoo.com', 0, 1, '2014-05-15 12:00:00'),
(258, 'pbkdf2_sha256$12000$kZyTLrbGntin$AqOG2W8sGHefEn6UBmoIr8iTwYrU8Epc+Yn1XMlxT7c=', '2014-09-15 10:04:49', 0, 'Assistant_258', 'Assistant', 'Commissioner (Tech)', '', 0, 1, '2014-05-15 12:00:00'),
(259, 'pbkdf2_sha256$12000$kZyTLrbGntin$AqOG2W8sGHefEn6UBmoIr8iTwYrU8Epc+Yn1XMlxT7c=', '2014-09-15 10:04:49', 0, 'Sub_259', 'Sub', 'Divisional Engineer', '', 0, 1, '2014-05-19 12:00:00'),
(260, 'pbkdf2_sha256$12000$kZyTLrbGntin$AqOG2W8sGHefEn6UBmoIr8iTwYrU8Epc+Yn1XMlxT7c=', '2014-09-15 10:04:49', 0, 'Ms._260', 'Ms. Ravina', 'Rani ', 'ravinasingla02@gmail.com', 0, 1, '2014-05-19 12:00:00'),
(261, 'pbkdf2_sha256$12000$kZyTLrbGntin$AqOG2W8sGHefEn6UBmoIr8iTwYrU8Epc+Yn1XMlxT7c=', '2014-09-15 10:04:49', 0, 'Sub_261', 'Sub', 'Divisional Officer', '', 0, 1, '2014-05-19 12:00:00');
INSERT INTO `auth_user` (`id`, `password`, `last_login`, `is_superuser`, `username`, `first_name`, `last_name`, `email`, `is_staff`, `is_active`, `date_joined`) VALUES
(262, 'pbkdf2_sha256$12000$kZyTLrbGntin$AqOG2W8sGHefEn6UBmoIr8iTwYrU8Epc+Yn1XMlxT7c=', '2014-09-15 10:04:49', 0, 'Sub_262', 'Sub', 'Divisional Engineer (C-II) ', '', 0, 1, '2014-05-19 12:00:00'),
(263, 'pbkdf2_sha256$12000$kZyTLrbGntin$AqOG2W8sGHefEn6UBmoIr8iTwYrU8Epc+Yn1XMlxT7c=', '2014-09-15 10:04:49', 0, 'M/S._263', 'M/S. P.R.Engineering', 'Enterprises ', '', 0, 1, '2014-05-19 12:00:00'),
(264, 'pbkdf2_sha256$12000$kZyTLrbGntin$AqOG2W8sGHefEn6UBmoIr8iTwYrU8Epc+Yn1XMlxT7c=', '2014-09-15 10:04:49', 0, 'Executive_264', '', '', '', 0, 1, '2014-05-19 12:00:00'),
(265, 'pbkdf2_sha256$12000$kZyTLrbGntin$AqOG2W8sGHefEn6UBmoIr8iTwYrU8Epc+Yn1XMlxT7c=', '2014-09-15 10:04:49', 0, 'Mr._265', 'Mr. Rajit', 'Choudhary ', 'rajit_choudhary@yahoo.com', 0, 1, '2014-05-19 12:00:00'),
(266, 'pbkdf2_sha256$12000$kZyTLrbGntin$AqOG2W8sGHefEn6UBmoIr8iTwYrU8Epc+Yn1XMlxT7c=', '2014-09-15 10:04:49', 0, 'Sub_266', 'Sub', 'Divisional Engineer', '', 0, 1, '2014-05-19 12:00:00'),
(267, 'pbkdf2_sha256$12000$kZyTLrbGntin$AqOG2W8sGHefEn6UBmoIr8iTwYrU8Epc+Yn1XMlxT7c=', '2014-09-15 10:04:49', 0, 'Sub_267', 'Sub', 'Divisional Officer (C) ', '', 0, 1, '2014-05-19 12:00:00'),
(268, 'pbkdf2_sha256$12000$kZyTLrbGntin$AqOG2W8sGHefEn6UBmoIr8iTwYrU8Epc+Yn1XMlxT7c=', '2014-09-15 10:04:49', 0, 'Sub_268', 'Sub', 'Divisional Engineer (C-4) ', '', 0, 1, '2014-05-20 12:00:00'),
(269, 'pbkdf2_sha256$12000$kZyTLrbGntin$AqOG2W8sGHefEn6UBmoIr8iTwYrU8Epc+Yn1XMlxT7c=', '2014-09-15 10:04:49', 0, 'Executive_269', 'Executive', 'Corporation Engineer ', '', 0, 1, '2014-05-20 12:00:00'),
(270, 'pbkdf2_sha256$12000$kZyTLrbGntin$AqOG2W8sGHefEn6UBmoIr8iTwYrU8Epc+Yn1XMlxT7c=', '2014-09-15 10:04:49', 0, 'Mr._270', 'Mr. Gurwinder', 'Singh Bains ', 's.gurwindersinghbains@gmail.com', 0, 1, '2014-05-20 12:00:00'),
(271, 'pbkdf2_sha256$12000$kZyTLrbGntin$AqOG2W8sGHefEn6UBmoIr8iTwYrU8Epc+Yn1XMlxT7c=', '2014-09-15 10:04:49', 0, 'M/S._271', 'M/S. Gulab', 'Singh & Sons', '', 0, 1, '2014-05-20 12:00:00'),
(272, 'pbkdf2_sha256$12000$kZyTLrbGntin$AqOG2W8sGHefEn6UBmoIr8iTwYrU8Epc+Yn1XMlxT7c=', '2014-09-15 10:04:49', 0, 'S._272', '', '', '', 0, 1, '2014-05-20 12:00:00'),
(273, 'pbkdf2_sha256$12000$kZyTLrbGntin$AqOG2W8sGHefEn6UBmoIr8iTwYrU8Epc+Yn1XMlxT7c=', '2014-09-15 10:04:49', 0, 'Dean_273', 'Dean', 'Testing & Consultancy', '', 0, 1, '2014-05-20 12:00:00'),
(274, 'pbkdf2_sha256$12000$kZyTLrbGntin$AqOG2W8sGHefEn6UBmoIr8iTwYrU8Epc+Yn1XMlxT7c=', '2014-09-15 10:04:49', 0, 'S._274', 'S. Balour', 'Singh', '', 0, 1, '2014-05-20 12:00:00'),
(275, 'pbkdf2_sha256$12000$kZyTLrbGntin$AqOG2W8sGHefEn6UBmoIr8iTwYrU8Epc+Yn1XMlxT7c=', '2014-09-15 10:04:49', 0, 'S._275', 'S. Jaswant', 'Singh', '', 0, 1, '2014-05-20 12:00:00'),
(276, 'pbkdf2_sha256$12000$kZyTLrbGntin$AqOG2W8sGHefEn6UBmoIr8iTwYrU8Epc+Yn1XMlxT7c=', '2014-09-15 10:04:49', 0, 'Sh._276', 'Sh. Ram', 'Tirath', '', 0, 1, '2014-05-20 12:00:00'),
(277, 'pbkdf2_sha256$12000$kZyTLrbGntin$AqOG2W8sGHefEn6UBmoIr8iTwYrU8Epc+Yn1XMlxT7c=', '2014-09-15 10:04:49', 0, 'Mr._277', 'Mr. Chandandeep', 'Singh ', 'chandan.walia@gmail.com', 0, 1, '2014-05-20 12:00:00'),
(278, 'pbkdf2_sha256$12000$kZyTLrbGntin$AqOG2W8sGHefEn6UBmoIr8iTwYrU8Epc+Yn1XMlxT7c=', '2014-09-15 10:04:49', 0, 'M/S._278', 'M/S. Raj', 'Amar Forgings Pvt. Ltd.', 'rajamarforgings@gmail.com', 0, 1, '2014-05-21 12:00:00'),
(279, 'pbkdf2_sha256$12000$kZyTLrbGntin$AqOG2W8sGHefEn6UBmoIr8iTwYrU8Epc+Yn1XMlxT7c=', '2014-09-15 10:04:49', 0, 'Superintending_279', '', '', 'se.itjal@gmail.com', 0, 1, '2014-05-21 12:00:00'),
(280, 'pbkdf2_sha256$12000$kZyTLrbGntin$AqOG2W8sGHefEn6UBmoIr8iTwYrU8Epc+Yn1XMlxT7c=', '2014-09-15 10:04:49', 0, 'M/S._280', 'M/S. Garrison', 'Engineer ', '', 0, 1, '2014-05-22 12:00:00'),
(281, 'pbkdf2_sha256$12000$kZyTLrbGntin$AqOG2W8sGHefEn6UBmoIr8iTwYrU8Epc+Yn1XMlxT7c=', '2014-09-15 10:04:49', 0, 'Mr._281', '', '', 'kakkarram@gmail.com', 0, 1, '2014-05-22 12:00:00'),
(282, 'pbkdf2_sha256$12000$kZyTLrbGntin$AqOG2W8sGHefEn6UBmoIr8iTwYrU8Epc+Yn1XMlxT7c=', '2014-09-15 10:04:49', 0, 'Mr._282', 'Mr. Simranjit', 'Singh ', 'simranjit12singh@gmail.com', 0, 1, '2014-05-22 12:00:00'),
(283, 'pbkdf2_sha256$12000$kZyTLrbGntin$AqOG2W8sGHefEn6UBmoIr8iTwYrU8Epc+Yn1XMlxT7c=', '2014-09-15 10:04:49', 0, 'M/S_283', 'M/S S.P.Singla', 'Construction Pvt.Ltd. ', '', 0, 1, '2014-05-22 12:00:00'),
(284, 'pbkdf2_sha256$12000$kZyTLrbGntin$AqOG2W8sGHefEn6UBmoIr8iTwYrU8Epc+Yn1XMlxT7c=', '2014-09-15 10:04:49', 0, 'Power_284', '', '', '', 0, 1, '2014-05-22 12:00:00'),
(285, 'pbkdf2_sha256$12000$kZyTLrbGntin$AqOG2W8sGHefEn6UBmoIr8iTwYrU8Epc+Yn1XMlxT7c=', '2014-09-15 10:04:49', 0, 'Mr._285', '', '', 'coolnav221@gmail.com', 0, 1, '2014-05-22 12:00:00'),
(286, 'pbkdf2_sha256$12000$kZyTLrbGntin$AqOG2W8sGHefEn6UBmoIr8iTwYrU8Epc+Yn1XMlxT7c=', '2014-09-15 10:04:49', 0, 'Mr._286', 'Mr. Suraj', 'Kakkar ', 'kokkarsuraj.11@gmail.com', 0, 1, '2014-05-22 12:00:00'),
(287, 'pbkdf2_sha256$12000$kZyTLrbGntin$AqOG2W8sGHefEn6UBmoIr8iTwYrU8Epc+Yn1XMlxT7c=', '2014-09-15 10:04:49', 0, 'M/S_287', 'M/S', 'Kalpataru Power Transmission L', '', 0, 1, '2014-05-23 12:00:00'),
(288, 'pbkdf2_sha256$12000$kZyTLrbGntin$AqOG2W8sGHefEn6UBmoIr8iTwYrU8Epc+Yn1XMlxT7c=', '2014-09-15 10:04:49', 0, 'Mr._288', '', '', 'amanhmnsh419@gmail.com', 0, 1, '2014-05-23 12:00:00'),
(289, 'pbkdf2_sha256$12000$kZyTLrbGntin$AqOG2W8sGHefEn6UBmoIr8iTwYrU8Epc+Yn1XMlxT7c=', '2014-09-15 10:04:49', 0, 'Sub_289', 'Sub', 'Divisional Engineer', '', 0, 1, '2014-05-23 12:00:00'),
(290, 'pbkdf2_sha256$12000$kZyTLrbGntin$AqOG2W8sGHefEn6UBmoIr8iTwYrU8Epc+Yn1XMlxT7c=', '2014-09-15 10:04:49', 0, 'Ms._290', 'Ms. Alisha', 'Jain', 'jain.alisha14@gmail.com', 0, 1, '2014-05-23 12:00:00'),
(291, 'pbkdf2_sha256$12000$kZyTLrbGntin$AqOG2W8sGHefEn6UBmoIr8iTwYrU8Epc+Yn1XMlxT7c=', '2014-09-15 10:04:49', 0, 'Ms.Kulwinder_291', 'Ms.Kulwinder Kaur', '', 'dohtoyek16.kk@gmail.com', 0, 1, '2014-05-23 12:00:00'),
(292, 'pbkdf2_sha256$12000$kZyTLrbGntin$AqOG2W8sGHefEn6UBmoIr8iTwYrU8Epc+Yn1XMlxT7c=', '2014-09-15 10:04:49', 0, 'Mr._292', 'Mr. Harminder', 'Singh', '', 0, 1, '2014-05-23 12:00:00'),
(293, 'pbkdf2_sha256$12000$kZyTLrbGntin$AqOG2W8sGHefEn6UBmoIr8iTwYrU8Epc+Yn1XMlxT7c=', '2014-09-15 10:04:49', 0, 'Ms._293', 'Ms. Satwantjit', 'Kaur', '99satwant@gmail.com', 0, 1, '2014-05-26 12:00:00'),
(294, 'pbkdf2_sha256$12000$kZyTLrbGntin$AqOG2W8sGHefEn6UBmoIr8iTwYrU8Epc+Yn1XMlxT7c=', '2014-09-15 10:04:49', 0, 'M/S._294', 'M/S. Bj', 'Cold Store ', '', 0, 1, '2014-05-26 12:00:00'),
(295, 'pbkdf2_sha256$12000$kZyTLrbGntin$AqOG2W8sGHefEn6UBmoIr8iTwYrU8Epc+Yn1XMlxT7c=', '2014-09-15 10:04:49', 0, 'Assistant_295', '', '', '', 0, 1, '2014-05-26 12:00:00'),
(296, 'pbkdf2_sha256$12000$kZyTLrbGntin$AqOG2W8sGHefEn6UBmoIr8iTwYrU8Epc+Yn1XMlxT7c=', '2014-09-15 10:04:49', 0, 'Executive_296', 'Executive', 'Engineer', '', 0, 1, '2014-05-27 12:00:00'),
(297, 'pbkdf2_sha256$12000$kZyTLrbGntin$AqOG2W8sGHefEn6UBmoIr8iTwYrU8Epc+Yn1XMlxT7c=', '2014-09-15 10:04:49', 0, 'Mr._297', 'Mr. ', 'Gagan Joyt Singh ', 'thegaganx@gmail.com', 0, 1, '2014-05-27 12:00:00'),
(298, 'pbkdf2_sha256$12000$kZyTLrbGntin$AqOG2W8sGHefEn6UBmoIr8iTwYrU8Epc+Yn1XMlxT7c=', '2014-09-15 10:04:49', 0, 'M/S._298', 'M/S. Paarth', 'Builders And Engineers', 'paarthconstructions@yahoo.com', 0, 1, '2014-05-27 12:00:00'),
(299, 'pbkdf2_sha256$12000$kZyTLrbGntin$AqOG2W8sGHefEn6UBmoIr8iTwYrU8Epc+Yn1XMlxT7c=', '2014-09-15 10:04:49', 0, 'M/S._299', '', '', 'deepakbuilders1987@yahoo.com', 0, 1, '2014-05-27 12:00:00'),
(300, 'pbkdf2_sha256$12000$kZyTLrbGntin$AqOG2W8sGHefEn6UBmoIr8iTwYrU8Epc+Yn1XMlxT7c=', '2014-09-15 10:04:49', 0, 'Sub_300', '', '', '', 0, 1, '2014-05-27 12:00:00'),
(301, 'pbkdf2_sha256$12000$kZyTLrbGntin$AqOG2W8sGHefEn6UBmoIr8iTwYrU8Epc+Yn1XMlxT7c=', '2014-09-15 10:04:49', 0, 'M/S._301', 'M/S. Indus', 'Adventures Private Limited ', '', 0, 1, '2014-05-28 12:00:00'),
(302, 'pbkdf2_sha256$12000$kZyTLrbGntin$AqOG2W8sGHefEn6UBmoIr8iTwYrU8Epc+Yn1XMlxT7c=', '2014-09-15 10:04:49', 0, 'S._302', '', '', '', 0, 1, '2014-05-28 12:00:00'),
(303, 'pbkdf2_sha256$12000$kZyTLrbGntin$AqOG2W8sGHefEn6UBmoIr8iTwYrU8Epc+Yn1XMlxT7c=', '2014-09-15 10:04:49', 0, 'M/S._303', 'M/S. Ganga', 'Acrowools Ltd ', '', 0, 1, '2014-05-28 12:00:00'),
(304, 'pbkdf2_sha256$12000$kZyTLrbGntin$AqOG2W8sGHefEn6UBmoIr8iTwYrU8Epc+Yn1XMlxT7c=', '2014-09-15 10:04:49', 0, 'Executive_304', '', '', '', 0, 1, '2014-05-28 12:00:00'),
(305, 'pbkdf2_sha256$12000$kZyTLrbGntin$AqOG2W8sGHefEn6UBmoIr8iTwYrU8Epc+Yn1XMlxT7c=', '2014-09-15 10:04:49', 0, 'M/S._305', 'M/S. Maharaj', 'Bhuri Wale Mander', '', 0, 1, '2014-05-29 12:00:00'),
(306, 'pbkdf2_sha256$12000$kZyTLrbGntin$AqOG2W8sGHefEn6UBmoIr8iTwYrU8Epc+Yn1XMlxT7c=', '2014-09-15 10:04:49', 0, 'Mr._306', '', '', '', 0, 1, '2014-05-29 12:00:00'),
(307, 'pbkdf2_sha256$12000$kZyTLrbGntin$AqOG2W8sGHefEn6UBmoIr8iTwYrU8Epc+Yn1XMlxT7c=', '2014-09-15 10:04:49', 0, 'Executive_307', 'Executive', 'Engineer', '', 0, 1, '2014-05-30 12:00:00'),
(308, 'pbkdf2_sha256$12000$kZyTLrbGntin$AqOG2W8sGHefEn6UBmoIr8iTwYrU8Epc+Yn1XMlxT7c=', '2014-09-15 10:04:49', 0, 'Mr._308', 'Mr. Kaushalendra', 'Kumar Dubey', 'Dubey.kaushalendra@yahoo.com', 0, 1, '2014-06-02 12:00:00'),
(309, 'pbkdf2_sha256$12000$kZyTLrbGntin$AqOG2W8sGHefEn6UBmoIr8iTwYrU8Epc+Yn1XMlxT7c=', '2014-09-15 10:04:49', 0, 'Executive_309', 'Executive', 'Engineer', 'xengwmks@gmail.com', 0, 1, '2014-06-02 12:00:00'),
(310, 'pbkdf2_sha256$12000$kZyTLrbGntin$AqOG2W8sGHefEn6UBmoIr8iTwYrU8Epc+Yn1XMlxT7c=', '2014-09-15 10:04:49', 0, 'M/S._310', 'M/S. D.P.', 'Singh Chadha & Co. ', '', 0, 1, '2014-06-02 12:00:00'),
(311, 'pbkdf2_sha256$12000$kZyTLrbGntin$AqOG2W8sGHefEn6UBmoIr8iTwYrU8Epc+Yn1XMlxT7c=', '2014-09-15 10:04:49', 0, 'Ms._311', '', '', 'harjotpandher93@gmail.com', 0, 1, '2014-06-02 12:00:00'),
(312, 'pbkdf2_sha256$12000$kZyTLrbGntin$AqOG2W8sGHefEn6UBmoIr8iTwYrU8Epc+Yn1XMlxT7c=', '2014-09-15 10:04:49', 0, 'Executive_312', 'Executive', 'Engineer', '', 0, 1, '2014-06-02 12:00:00'),
(313, 'pbkdf2_sha256$12000$kZyTLrbGntin$AqOG2W8sGHefEn6UBmoIr8iTwYrU8Epc+Yn1XMlxT7c=', '2014-09-15 10:04:49', 0, 'Professor-Cum-Head,_313', 'Professor-Cum-Head', '', 'manansh2002@yahoo.co.in', 0, 1, '2014-06-03 12:00:00'),
(314, 'pbkdf2_sha256$12000$kZyTLrbGntin$AqOG2W8sGHefEn6UBmoIr8iTwYrU8Epc+Yn1XMlxT7c=', '2014-09-15 10:04:49', 0, 'M/S._314', 'M/S. Singla', 'Engineers & Contractor ', '', 0, 1, '2014-06-03 12:00:00'),
(315, 'pbkdf2_sha256$12000$kZyTLrbGntin$AqOG2W8sGHefEn6UBmoIr8iTwYrU8Epc+Yn1XMlxT7c=', '2014-09-15 10:04:49', 0, 'Mr._315', '', '', 'hsinghpandher@live.com', 0, 1, '2014-06-03 12:00:00'),
(316, 'pbkdf2_sha256$12000$kZyTLrbGntin$AqOG2W8sGHefEn6UBmoIr8iTwYrU8Epc+Yn1XMlxT7c=', '2014-09-15 10:04:49', 0, 'Executive_316', 'Executive', 'Engineer B&R ', '', 0, 1, '2014-06-04 12:00:00'),
(317, 'pbkdf2_sha256$12000$kZyTLrbGntin$AqOG2W8sGHefEn6UBmoIr8iTwYrU8Epc+Yn1XMlxT7c=', '2014-09-15 10:04:49', 0, 'A2Z_317', 'A2Z', 'Waste Management (Ludhiana) Lt', 'uma.shankar@a2zemail.com', 0, 1, '2014-06-05 12:00:00'),
(318, 'pbkdf2_sha256$12000$kZyTLrbGntin$AqOG2W8sGHefEn6UBmoIr8iTwYrU8Epc+Yn1XMlxT7c=', '2014-09-15 10:04:49', 0, 'Executive_318', '', '', '', 0, 1, '2014-06-05 12:00:00'),
(319, 'pbkdf2_sha256$12000$kZyTLrbGntin$AqOG2W8sGHefEn6UBmoIr8iTwYrU8Epc+Yn1XMlxT7c=', '2014-09-15 10:04:49', 0, 'Executive_319', 'Executive', 'Engineer (Ws) ', 'pmb.xenphchd@punjabmail.gov.in', 0, 1, '2014-06-06 12:00:00'),
(320, 'pbkdf2_sha256$12000$kZyTLrbGntin$AqOG2W8sGHefEn6UBmoIr8iTwYrU8Epc+Yn1XMlxT7c=', '2014-09-15 10:04:49', 0, 'Superintending_320', 'Superintending', 'Engineer (D) ', '', 0, 1, '2014-06-06 12:00:00'),
(321, 'pbkdf2_sha256$12000$kZyTLrbGntin$AqOG2W8sGHefEn6UBmoIr8iTwYrU8Epc+Yn1XMlxT7c=', '2014-09-15 10:04:49', 0, 'Assistant_321', 'Assistant', 'Engineer (B & R) - QC ', '', 0, 1, '2014-06-06 12:00:00'),
(322, 'pbkdf2_sha256$12000$kZyTLrbGntin$AqOG2W8sGHefEn6UBmoIr8iTwYrU8Epc+Yn1XMlxT7c=', '2014-09-15 10:04:49', 0, 'M/S._322', 'M/S. Ess', 'R Construction Company', '', 0, 1, '2014-06-06 12:00:00'),
(323, 'pbkdf2_sha256$12000$kZyTLrbGntin$AqOG2W8sGHefEn6UBmoIr8iTwYrU8Epc+Yn1XMlxT7c=', '2014-09-15 10:04:49', 0, 'Mr._323', '', '', '', 0, 1, '2014-06-06 12:00:00'),
(324, 'pbkdf2_sha256$12000$kZyTLrbGntin$AqOG2W8sGHefEn6UBmoIr8iTwYrU8Epc+Yn1XMlxT7c=', '2014-09-15 10:04:49', 0, 'M/S._324', 'M/S. Ravinder', 'Kumar Contr.', '', 0, 1, '2014-06-06 12:00:00'),
(325, 'pbkdf2_sha256$12000$kZyTLrbGntin$AqOG2W8sGHefEn6UBmoIr8iTwYrU8Epc+Yn1XMlxT7c=', '2014-09-15 10:04:49', 0, 'Ms._325', '', '', 'skaur910028@gmail.com', 0, 1, '2014-06-06 12:00:00'),
(326, 'pbkdf2_sha256$12000$kZyTLrbGntin$AqOG2W8sGHefEn6UBmoIr8iTwYrU8Epc+Yn1XMlxT7c=', '2014-09-15 10:04:49', 0, 'M/s_326', 'M/s', 'Kanin (India) ', 'singla@kanin.com', 0, 1, '2014-06-09 12:00:00'),
(327, 'pbkdf2_sha256$12000$kZyTLrbGntin$AqOG2W8sGHefEn6UBmoIr8iTwYrU8Epc+Yn1XMlxT7c=', '2014-09-15 10:04:49', 0, 'Mr._327', '', '', '', 0, 1, '2014-06-09 12:00:00'),
(328, 'pbkdf2_sha256$12000$kZyTLrbGntin$AqOG2W8sGHefEn6UBmoIr8iTwYrU8Epc+Yn1XMlxT7c=', '2014-09-15 10:04:49', 0, 'Executive_328', 'Executive', 'Engineer', '', 0, 1, '2014-06-09 12:00:00'),
(329, 'pbkdf2_sha256$12000$kZyTLrbGntin$AqOG2W8sGHefEn6UBmoIr8iTwYrU8Epc+Yn1XMlxT7c=', '2014-09-15 10:04:49', 0, 'M/S_329', 'M/S', 'Bhasin Infrastrcture Developer', '', 0, 1, '2014-06-09 12:00:00'),
(330, 'pbkdf2_sha256$12000$kZyTLrbGntin$AqOG2W8sGHefEn6UBmoIr8iTwYrU8Epc+Yn1XMlxT7c=', '2014-09-15 10:04:49', 0, 'Sub_330', '', '', '', 0, 1, '2014-06-10 12:00:00'),
(331, 'pbkdf2_sha256$12000$kZyTLrbGntin$AqOG2W8sGHefEn6UBmoIr8iTwYrU8Epc+Yn1XMlxT7c=', '2014-09-15 10:04:49', 0, 'Ludhiana_331', 'Ludhiana', 'Chapter', '', 0, 1, '2014-06-11 12:00:00'),
(332, 'pbkdf2_sha256$12000$kZyTLrbGntin$AqOG2W8sGHefEn6UBmoIr8iTwYrU8Epc+Yn1XMlxT7c=', '2014-09-15 10:04:49', 0, 'Power_332', 'Power', 'Grid Carporation Of India Limi', '', 0, 1, '2014-06-11 12:00:00'),
(333, 'pbkdf2_sha256$12000$kZyTLrbGntin$AqOG2W8sGHefEn6UBmoIr8iTwYrU8Epc+Yn1XMlxT7c=', '2014-09-15 10:04:49', 0, 'M/S._333', '', '', '', 0, 1, '2014-06-11 12:00:00'),
(334, 'pbkdf2_sha256$12000$kZyTLrbGntin$AqOG2W8sGHefEn6UBmoIr8iTwYrU8Epc+Yn1XMlxT7c=', '2014-09-15 10:04:49', 0, 'M/S._334', '', '', '', 0, 1, '2014-06-11 12:00:00'),
(335, 'pbkdf2_sha256$12000$kZyTLrbGntin$AqOG2W8sGHefEn6UBmoIr8iTwYrU8Epc+Yn1XMlxT7c=', '2014-09-15 10:04:49', 0, 'Mr._335', '', '', 'sameerpujanigndpc@gmail.com', 0, 1, '2014-06-12 12:00:00'),
(336, 'pbkdf2_sha256$12000$kZyTLrbGntin$AqOG2W8sGHefEn6UBmoIr8iTwYrU8Epc+Yn1XMlxT7c=', '2014-09-15 10:04:49', 0, 'Mr._336', 'Mr. Swatanter', 'Kumar', '', 0, 1, '2014-06-13 12:00:00'),
(337, 'pbkdf2_sha256$12000$kZyTLrbGntin$AqOG2W8sGHefEn6UBmoIr8iTwYrU8Epc+Yn1XMlxT7c=', '2014-09-15 10:04:49', 0, 'Monga_337', 'Monga', '& Associates', 'monga_vineet@rediffmail.com', 0, 1, '2014-06-13 12:00:00'),
(338, 'pbkdf2_sha256$12000$kZyTLrbGntin$AqOG2W8sGHefEn6UBmoIr8iTwYrU8Epc+Yn1XMlxT7c=', '2014-09-15 10:04:49', 0, 'M/S_338', '', '', '', 0, 1, '2014-06-16 12:00:00'),
(339, 'pbkdf2_sha256$12000$kZyTLrbGntin$AqOG2W8sGHefEn6UBmoIr8iTwYrU8Epc+Yn1XMlxT7c=', '2014-09-15 10:04:49', 0, 'Agm_339', '', '', 'info@rites.com', 0, 1, '2014-06-16 12:00:00'),
(340, 'pbkdf2_sha256$12000$kZyTLrbGntin$AqOG2W8sGHefEn6UBmoIr8iTwYrU8Epc+Yn1XMlxT7c=', '2014-09-15 10:04:49', 0, 'M/S_340', '', '', 'vcw@lntecc.com', 0, 1, '2014-06-16 12:00:00'),
(341, 'pbkdf2_sha256$12000$kZyTLrbGntin$AqOG2W8sGHefEn6UBmoIr8iTwYrU8Epc+Yn1XMlxT7c=', '2014-09-15 10:04:49', 0, 'Shivam_341', '', '', '', 0, 1, '2014-06-17 12:00:00'),
(342, 'pbkdf2_sha256$12000$kZyTLrbGntin$AqOG2W8sGHefEn6UBmoIr8iTwYrU8Epc+Yn1XMlxT7c=', '2014-09-15 10:04:49', 0, 'S._342', '', '', '', 0, 1, '2014-06-17 12:00:00'),
(343, 'pbkdf2_sha256$12000$kZyTLrbGntin$AqOG2W8sGHefEn6UBmoIr8iTwYrU8Epc+Yn1XMlxT7c=', '2014-09-15 10:04:49', 0, 'Mr._343', 'Mr. Mandeep', 'Singh', 'mangatmandeep@gmail.com', 0, 1, '2014-06-17 12:00:00'),
(344, 'pbkdf2_sha256$12000$kZyTLrbGntin$AqOG2W8sGHefEn6UBmoIr8iTwYrU8Epc+Yn1XMlxT7c=', '2014-09-15 10:04:49', 0, 'Executive_344', 'Executive', 'Engineer (Tech) ', '', 0, 1, '2014-06-18 12:00:00'),
(345, 'pbkdf2_sha256$12000$kZyTLrbGntin$AqOG2W8sGHefEn6UBmoIr8iTwYrU8Epc+Yn1XMlxT7c=', '2014-09-15 10:04:49', 0, 'M/S._345', 'M/S. Brick', 'Technogy Suppilers ', 'btscementbricks@gmail.com', 0, 1, '2014-06-18 12:00:00'),
(346, 'pbkdf2_sha256$12000$kZyTLrbGntin$AqOG2W8sGHefEn6UBmoIr8iTwYrU8Epc+Yn1XMlxT7c=', '2014-09-15 10:04:49', 0, 'M/S._346', '', '', '', 0, 1, '2014-06-18 12:00:00'),
(347, 'pbkdf2_sha256$12000$kZyTLrbGntin$AqOG2W8sGHefEn6UBmoIr8iTwYrU8Epc+Yn1XMlxT7c=', '2014-09-15 10:04:49', 0, 'Sub_347', '', '', '', 0, 1, '2014-06-18 12:00:00'),
(348, 'pbkdf2_sha256$12000$kZyTLrbGntin$AqOG2W8sGHefEn6UBmoIr8iTwYrU8Epc+Yn1XMlxT7c=', '2014-09-15 10:04:49', 0, 'Executive_348', 'Executive', 'Engineer', 'eecd1jalpwdpb@gmail.com', 0, 1, '2014-06-19 12:00:00'),
(349, 'pbkdf2_sha256$12000$kZyTLrbGntin$AqOG2W8sGHefEn6UBmoIr8iTwYrU8Epc+Yn1XMlxT7c=', '2014-09-15 10:04:49', 0, 'M/S._349', 'M/S. Malhotra', 'Land Developers & Colonisers (', 'info@amgeco.in', 0, 1, '2014-06-19 12:00:00'),
(350, 'pbkdf2_sha256$12000$kZyTLrbGntin$AqOG2W8sGHefEn6UBmoIr8iTwYrU8Epc+Yn1XMlxT7c=', '2014-09-15 10:04:49', 0, 'Sub_350', '', '', '', 0, 1, '2014-06-19 12:00:00'),
(351, 'pbkdf2_sha256$12000$kZyTLrbGntin$AqOG2W8sGHefEn6UBmoIr8iTwYrU8Epc+Yn1XMlxT7c=', '2014-09-15 10:04:49', 0, 'Sub_351', 'Sub', 'Divisional Engineer', '', 0, 1, '2014-06-20 12:00:00'),
(352, 'pbkdf2_sha256$12000$kZyTLrbGntin$AqOG2W8sGHefEn6UBmoIr8iTwYrU8Epc+Yn1XMlxT7c=', '2014-09-15 10:04:49', 0, 'Corporation_352', 'Corporation', 'Engineer B & R ', '', 0, 1, '2014-06-20 12:00:00'),
(353, 'pbkdf2_sha256$12000$kZyTLrbGntin$AqOG2W8sGHefEn6UBmoIr8iTwYrU8Epc+Yn1XMlxT7c=', '2014-09-15 10:04:49', 0, 'Sub_353', 'Sub', 'Divisional Engineer', '', 0, 1, '2014-06-20 12:00:00'),
(354, 'pbkdf2_sha256$12000$kZyTLrbGntin$AqOG2W8sGHefEn6UBmoIr8iTwYrU8Epc+Yn1XMlxT7c=', '2014-09-15 10:04:49', 0, 'Corporation_354', 'Corporation', 'Engineer ', 'eo_mcmoga2007@yahoo.com', 0, 1, '2014-06-23 12:00:00'),
(355, 'pbkdf2_sha256$12000$kZyTLrbGntin$AqOG2W8sGHefEn6UBmoIr8iTwYrU8Epc+Yn1XMlxT7c=', '2014-09-15 10:04:49', 0, 'Ms._355', 'Ms. Amanpreet', 'Kaur', 'aman2527preet@gmail.com', 0, 1, '2014-06-23 12:00:00'),
(356, 'pbkdf2_sha256$12000$kZyTLrbGntin$AqOG2W8sGHefEn6UBmoIr8iTwYrU8Epc+Yn1XMlxT7c=', '2014-09-15 10:04:49', 0, 'Dr._356', 'Dr. Hardeep', 'Singh Rai ', '', 0, 1, '2014-06-23 12:00:00'),
(357, 'pbkdf2_sha256$12000$kZyTLrbGntin$AqOG2W8sGHefEn6UBmoIr8iTwYrU8Epc+Yn1XMlxT7c=', '2014-09-15 10:04:49', 0, 'Power_357', 'Power', 'Grid Carporation Of India Limi', 'powergridasr@yahoo.com', 0, 1, '2014-06-24 12:00:00'),
(358, 'pbkdf2_sha256$12000$kZyTLrbGntin$AqOG2W8sGHefEn6UBmoIr8iTwYrU8Epc+Yn1XMlxT7c=', '2014-09-15 10:04:49', 0, 'Executive_358', '', '', '', 0, 1, '2014-06-24 12:00:00'),
(359, 'pbkdf2_sha256$12000$kZyTLrbGntin$AqOG2W8sGHefEn6UBmoIr8iTwYrU8Epc+Yn1XMlxT7c=', '2014-09-15 10:04:49', 0, 'Dupty._359', 'Dupty.', 'Supdt. Of Police ', 'dspvbunitjal@yahoo.in', 0, 1, '2014-06-24 12:00:00'),
(360, 'pbkdf2_sha256$12000$kZyTLrbGntin$AqOG2W8sGHefEn6UBmoIr8iTwYrU8Epc+Yn1XMlxT7c=', '2014-09-15 10:04:49', 0, 'Sub_360', 'Sub', 'Divisional Engineer', '', 0, 1, '2014-06-24 12:00:00'),
(361, 'pbkdf2_sha256$12000$kZyTLrbGntin$AqOG2W8sGHefEn6UBmoIr8iTwYrU8Epc+Yn1XMlxT7c=', '2014-09-15 10:04:49', 0, 'Manager_361', 'Manager', 'Engineer ', '', 0, 1, '2014-06-24 12:00:00'),
(362, 'pbkdf2_sha256$12000$kZyTLrbGntin$AqOG2W8sGHefEn6UBmoIr8iTwYrU8Epc+Yn1XMlxT7c=', '2014-09-15 10:04:49', 0, 'Executive_362', 'Executive', 'Engineer', '', 0, 1, '2014-06-25 12:00:00'),
(363, 'pbkdf2_sha256$12000$kZyTLrbGntin$AqOG2W8sGHefEn6UBmoIr8iTwYrU8Epc+Yn1XMlxT7c=', '2014-09-15 10:04:49', 0, 'M/S._363', 'M/S. Good', 'Luck Carbon Pvt. Ltd. ', 'hkpatel@ralsongoogluck.com', 0, 1, '2014-06-25 12:00:00'),
(364, 'pbkdf2_sha256$12000$kZyTLrbGntin$AqOG2W8sGHefEn6UBmoIr8iTwYrU8Epc+Yn1XMlxT7c=', '2014-09-15 10:04:49', 0, 'Executive_364', '', '', '', 0, 1, '2014-06-25 12:00:00'),
(365, 'pbkdf2_sha256$12000$kZyTLrbGntin$AqOG2W8sGHefEn6UBmoIr8iTwYrU8Epc+Yn1XMlxT7c=', '2014-09-15 10:04:49', 0, 'Sub_365', 'Sub', 'Divisional Engineer', 'saahilpunjabi2002@gmail.com', 0, 1, '2014-06-25 12:00:00'),
(366, 'pbkdf2_sha256$12000$kZyTLrbGntin$AqOG2W8sGHefEn6UBmoIr8iTwYrU8Epc+Yn1XMlxT7c=', '2014-09-15 10:04:49', 0, 'Sub_366', 'Sub', 'Divisional Engineer (P.H) ', '', 0, 1, '2014-06-25 12:00:00'),
(367, 'pbkdf2_sha256$12000$kZyTLrbGntin$AqOG2W8sGHefEn6UBmoIr8iTwYrU8Epc+Yn1XMlxT7c=', '2014-09-15 10:04:49', 0, 'Sub_367', 'Sub', 'Divisional Officer (WS) ', '', 0, 1, '2014-06-26 12:00:00'),
(368, 'pbkdf2_sha256$12000$kZyTLrbGntin$AqOG2W8sGHefEn6UBmoIr8iTwYrU8Epc+Yn1XMlxT7c=', '2014-09-15 10:04:49', 0, 'Sh._368', 'Sh. Sukhwinder', 'Singh ', '', 0, 1, '2014-06-27 12:00:00'),
(369, 'pbkdf2_sha256$12000$kZyTLrbGntin$AqOG2W8sGHefEn6UBmoIr8iTwYrU8Epc+Yn1XMlxT7c=', '2014-09-15 10:04:49', 0, 'Ms._369', 'Ms. Lavleen', 'Kaur ', 'imlavleen@gmail.com', 0, 1, '2014-06-30 12:00:00'),
(370, 'pbkdf2_sha256$12000$kZyTLrbGntin$AqOG2W8sGHefEn6UBmoIr8iTwYrU8Epc+Yn1XMlxT7c=', '2014-09-15 10:04:49', 0, 'Ms._370', 'Ms. Jasleen', 'Saini ', 'jasleensaini12345@gmail.com', 0, 1, '2014-06-30 12:00:00'),
(371, 'pbkdf2_sha256$12000$kZyTLrbGntin$AqOG2W8sGHefEn6UBmoIr8iTwYrU8Epc+Yn1XMlxT7c=', '2014-09-15 10:04:49', 0, 'Ms._371', 'Ms. Balpreet', 'Kaur', '', 0, 1, '2014-07-01 12:00:00'),
(372, 'pbkdf2_sha256$12000$kZyTLrbGntin$AqOG2W8sGHefEn6UBmoIr8iTwYrU8Epc+Yn1XMlxT7c=', '2014-09-15 10:04:49', 0, 'Sh._372', 'Sh. Rajesh', 'Sarya', '', 0, 1, '2014-07-01 12:00:00'),
(373, 'pbkdf2_sha256$12000$kZyTLrbGntin$AqOG2W8sGHefEn6UBmoIr8iTwYrU8Epc+Yn1XMlxT7c=', '2014-09-15 10:04:49', 0, 'M/S._373', 'M/S. E.S.', 'Constructions ', '', 0, 1, '2014-07-01 12:00:00'),
(374, 'pbkdf2_sha256$12000$kZyTLrbGntin$AqOG2W8sGHefEn6UBmoIr8iTwYrU8Epc+Yn1XMlxT7c=', '2014-09-15 10:04:49', 0, 'M/S._374', '', '', '', 0, 1, '2014-07-01 12:00:00'),
(375, 'pbkdf2_sha256$12000$kZyTLrbGntin$AqOG2W8sGHefEn6UBmoIr8iTwYrU8Epc+Yn1XMlxT7c=', '2014-09-15 10:04:49', 0, 'Municipal_375', '', '', '', 0, 1, '2014-07-01 12:00:00'),
(376, 'pbkdf2_sha256$12000$kZyTLrbGntin$AqOG2W8sGHefEn6UBmoIr8iTwYrU8Epc+Yn1XMlxT7c=', '2014-09-15 10:04:49', 0, 'Sub_376', '', '', '', 0, 1, '2014-07-01 12:00:00'),
(377, 'pbkdf2_sha256$12000$kZyTLrbGntin$AqOG2W8sGHefEn6UBmoIr8iTwYrU8Epc+Yn1XMlxT7c=', '2014-09-15 10:04:49', 0, 'M/S_377', 'M/S', 'Alhuwalia Consturction Co. ', '', 0, 1, '2014-07-01 12:00:00'),
(378, 'pbkdf2_sha256$12000$kZyTLrbGntin$AqOG2W8sGHefEn6UBmoIr8iTwYrU8Epc+Yn1XMlxT7c=', '2014-09-15 10:04:49', 0, 'Dr._378', '', '', '', 0, 1, '2014-07-02 12:00:00'),
(379, 'pbkdf2_sha256$12000$kZyTLrbGntin$AqOG2W8sGHefEn6UBmoIr8iTwYrU8Epc+Yn1XMlxT7c=', '2014-09-15 10:04:49', 0, 'M/S._379', 'M/S. RHG', 'Constructions ', 'rhgconstructions@gmail.com', 0, 1, '2014-07-02 12:00:00'),
(380, 'pbkdf2_sha256$12000$kZyTLrbGntin$AqOG2W8sGHefEn6UBmoIr8iTwYrU8Epc+Yn1XMlxT7c=', '2014-09-15 10:04:49', 0, 'M/S._380', '', '', '', 0, 1, '2014-07-02 12:00:00'),
(381, 'pbkdf2_sha256$12000$kZyTLrbGntin$AqOG2W8sGHefEn6UBmoIr8iTwYrU8Epc+Yn1XMlxT7c=', '2014-09-15 10:04:49', 0, 'M/S._381', '', '', 'engg.rpandey@gmail.com', 0, 1, '2014-07-02 12:00:00'),
(382, 'pbkdf2_sha256$12000$kZyTLrbGntin$AqOG2W8sGHefEn6UBmoIr8iTwYrU8Epc+Yn1XMlxT7c=', '2014-09-15 10:04:49', 0, 'Superintending_382', '', '', '', 0, 1, '2014-07-03 12:00:00'),
(383, 'pbkdf2_sha256$12000$kZyTLrbGntin$AqOG2W8sGHefEn6UBmoIr8iTwYrU8Epc+Yn1XMlxT7c=', '2014-09-15 10:04:49', 0, 'Ms._383', 'Ms. Sarabjit', 'Kaur', 'sarbi_1@yahoo.in', 0, 1, '2014-07-04 12:00:00'),
(384, 'pbkdf2_sha256$12000$kZyTLrbGntin$AqOG2W8sGHefEn6UBmoIr8iTwYrU8Epc+Yn1XMlxT7c=', '2014-09-15 10:04:49', 0, 'Sub_384', 'Sub', 'Divisional Engineer', 'sdesbs@gmail.com', 0, 1, '2014-07-04 12:00:00'),
(385, 'pbkdf2_sha256$12000$kZyTLrbGntin$AqOG2W8sGHefEn6UBmoIr8iTwYrU8Epc+Yn1XMlxT7c=', '2014-09-15 10:04:49', 0, 'Sub_385', 'Sub', 'Divisional Officer  (B & R) (', '', 0, 1, '2014-07-07 12:00:00'),
(386, 'pbkdf2_sha256$12000$kZyTLrbGntin$AqOG2W8sGHefEn6UBmoIr8iTwYrU8Epc+Yn1XMlxT7c=', '2014-09-15 10:04:49', 0, 'Depty_386', 'Depty', 'Manager (Engineering) ', '', 0, 1, '2014-07-07 12:00:00'),
(387, 'pbkdf2_sha256$12000$kZyTLrbGntin$AqOG2W8sGHefEn6UBmoIr8iTwYrU8Epc+Yn1XMlxT7c=', '2014-09-15 10:04:49', 0, 'M/S._387', 'M/S. Tokyo', 'Engineering Consultants ', 'pmc4asp@gmail.com', 0, 1, '2014-07-07 12:00:00'),
(388, 'pbkdf2_sha256$12000$kZyTLrbGntin$AqOG2W8sGHefEn6UBmoIr8iTwYrU8Epc+Yn1XMlxT7c=', '2014-09-15 10:04:49', 0, 'Excutive_388', '', '', '', 0, 1, '2014-07-08 12:00:00'),
(389, 'pbkdf2_sha256$12000$kZyTLrbGntin$AqOG2W8sGHefEn6UBmoIr8iTwYrU8Epc+Yn1XMlxT7c=', '2014-09-15 10:04:49', 0, 'M/S._389', 'M/S. Moonlight', 'Auto Pvt. Ltd. ', '', 0, 1, '2014-07-08 12:00:00'),
(390, 'pbkdf2_sha256$12000$kZyTLrbGntin$AqOG2W8sGHefEn6UBmoIr8iTwYrU8Epc+Yn1XMlxT7c=', '2014-09-15 10:04:49', 0, 'Mr._390', '', '', '', 0, 1, '2014-07-09 12:00:00'),
(391, 'pbkdf2_sha256$12000$kZyTLrbGntin$AqOG2W8sGHefEn6UBmoIr8iTwYrU8Epc+Yn1XMlxT7c=', '2014-09-15 10:04:49', 0, 'M/S._391', 'M/S. Phoenix', 'Infra Pvt. Ltd.  ', 'phoenixinfraltd@gmail.com', 0, 1, '2014-07-09 12:00:00'),
(392, 'pbkdf2_sha256$12000$kZyTLrbGntin$AqOG2W8sGHefEn6UBmoIr8iTwYrU8Epc+Yn1XMlxT7c=', '2014-09-15 10:04:49', 0, 'Mr._392', '', '', '', 0, 1, '2014-07-10 12:00:00'),
(393, 'pbkdf2_sha256$12000$kZyTLrbGntin$AqOG2W8sGHefEn6UBmoIr8iTwYrU8Epc+Yn1XMlxT7c=', '2014-09-15 10:04:49', 0, 'M/S_393', 'M/S', 'Raja Ingots ', '', 0, 1, '2014-07-10 12:00:00'),
(394, 'pbkdf2_sha256$12000$kZyTLrbGntin$AqOG2W8sGHefEn6UBmoIr8iTwYrU8Epc+Yn1XMlxT7c=', '2014-09-15 10:04:49', 0, 'Sub_394', '', '', '', 0, 1, '2014-07-10 12:00:00'),
(395, 'pbkdf2_sha256$12000$kZyTLrbGntin$AqOG2W8sGHefEn6UBmoIr8iTwYrU8Epc+Yn1XMlxT7c=', '2014-09-15 10:04:49', 0, 'M/S_395', 'M/S', 'Dedicated Freight Corridor Cor', 'gsingh@dfcc.co.in', 0, 1, '2014-07-11 12:00:00'),
(396, 'pbkdf2_sha256$12000$kZyTLrbGntin$AqOG2W8sGHefEn6UBmoIr8iTwYrU8Epc+Yn1XMlxT7c=', '2014-09-15 10:04:49', 0, 'Ms._396', '', '', 'surfaceqwerty1@gmail.com', 0, 1, '2014-07-11 12:00:00'),
(397, 'pbkdf2_sha256$12000$kZyTLrbGntin$AqOG2W8sGHefEn6UBmoIr8iTwYrU8Epc+Yn1XMlxT7c=', '2014-09-15 10:04:49', 0, 'Sse_397', 'Sse', '(W) Phagwara', '', 0, 1, '2014-07-15 12:00:00'),
(398, 'pbkdf2_sha256$12000$kZyTLrbGntin$AqOG2W8sGHefEn6UBmoIr8iTwYrU8Epc+Yn1XMlxT7c=', '2014-09-15 10:04:49', 0, 'M/S._398', 'M/S. L', '& T Construction ', '', 0, 1, '2014-07-15 12:00:00'),
(399, 'pbkdf2_sha256$12000$kZyTLrbGntin$AqOG2W8sGHefEn6UBmoIr8iTwYrU8Epc+Yn1XMlxT7c=', '2014-09-15 10:04:49', 0, 'Addl._399', '', '', 'civilworksludhiana@yahoo.in', 0, 1, '2014-07-15 12:00:00'),
(400, 'pbkdf2_sha256$12000$kZyTLrbGntin$AqOG2W8sGHefEn6UBmoIr8iTwYrU8Epc+Yn1XMlxT7c=', '2014-09-15 10:04:49', 0, 'M/S._400', 'M/S. G2L', 'Infrastructions & Developers P', 'info@g2lgroup.com', 0, 1, '2014-07-15 12:00:00'),
(401, 'pbkdf2_sha256$12000$kZyTLrbGntin$AqOG2W8sGHefEn6UBmoIr8iTwYrU8Epc+Yn1XMlxT7c=', '2014-09-15 10:04:49', 0, 'Executive_401', '', '', '', 0, 1, '2014-07-16 12:00:00'),
(402, 'pbkdf2_sha256$12000$kZyTLrbGntin$AqOG2W8sGHefEn6UBmoIr8iTwYrU8Epc+Yn1XMlxT7c=', '2014-09-15 10:04:49', 0, 'Prof._402', 'Prof. Prem', 'Singh', '', 0, 1, '2014-07-16 12:00:00'),
(403, 'pbkdf2_sha256$12000$kZyTLrbGntin$AqOG2W8sGHefEn6UBmoIr8iTwYrU8Epc+Yn1XMlxT7c=', '2014-09-15 10:04:49', 0, 'Mr._403', 'Mr. Mohit', 'Rana', 'mohitrana67@gmal.com', 0, 1, '2014-07-17 12:00:00'),
(404, 'pbkdf2_sha256$12000$kZyTLrbGntin$AqOG2W8sGHefEn6UBmoIr8iTwYrU8Epc+Yn1XMlxT7c=', '2014-09-15 10:04:49', 0, 'Executive_404', 'Executive', 'Engineer', '', 0, 1, '2014-07-17 12:00:00'),
(405, 'pbkdf2_sha256$12000$kZyTLrbGntin$AqOG2W8sGHefEn6UBmoIr8iTwYrU8Epc+Yn1XMlxT7c=', '2014-09-15 10:04:49', 0, 'Mr._405', 'Mr. Anil', 'Kumar Handa Govt. Contractor', '', 0, 1, '2014-07-17 12:00:00'),
(406, 'pbkdf2_sha256$12000$kZyTLrbGntin$AqOG2W8sGHefEn6UBmoIr8iTwYrU8Epc+Yn1XMlxT7c=', '2014-09-15 10:04:49', 0, 'The_406', 'The', 'Ludhiana Shri Jagjit Nagar Co-', '', 0, 1, '2014-07-18 12:00:00'),
(407, 'pbkdf2_sha256$12000$kZyTLrbGntin$AqOG2W8sGHefEn6UBmoIr8iTwYrU8Epc+Yn1XMlxT7c=', '2014-09-15 10:04:49', 0, 'Mr._407', '', '', '', 0, 1, '2014-07-21 12:00:00'),
(408, 'pbkdf2_sha256$12000$kZyTLrbGntin$AqOG2W8sGHefEn6UBmoIr8iTwYrU8Epc+Yn1XMlxT7c=', '2014-09-15 10:04:49', 0, 'Dr._408', 'Dr. Baljit', 'Singh', '', 0, 1, '2014-07-21 12:00:00'),
(409, 'pbkdf2_sha256$12000$kZyTLrbGntin$AqOG2W8sGHefEn6UBmoIr8iTwYrU8Epc+Yn1XMlxT7c=', '2014-09-15 10:04:49', 0, 'Sub_409', 'Sub', 'Divisional Engineer (Civil & P', '', 0, 1, '2014-07-21 12:00:00'),
(410, 'pbkdf2_sha256$12000$kZyTLrbGntin$AqOG2W8sGHefEn6UBmoIr8iTwYrU8Epc+Yn1XMlxT7c=', '2014-09-15 10:04:49', 0, 'Mr._410', 'Mr. Malkit', 'Singh Govt. Contractor ', '', 0, 1, '2014-07-21 12:00:00'),
(411, 'pbkdf2_sha256$12000$kZyTLrbGntin$AqOG2W8sGHefEn6UBmoIr8iTwYrU8Epc+Yn1XMlxT7c=', '2014-09-15 10:04:49', 0, 'M/S_411', 'M/S', 'Akal Construction ', '', 0, 1, '2014-07-21 12:00:00'),
(412, 'pbkdf2_sha256$12000$kZyTLrbGntin$AqOG2W8sGHefEn6UBmoIr8iTwYrU8Epc+Yn1XMlxT7c=', '2014-09-15 10:04:49', 0, 'M/S._412', '', '', 'naween.kumar@ril.com', 0, 1, '2014-07-22 12:00:00'),
(413, 'pbkdf2_sha256$12000$kZyTLrbGntin$AqOG2W8sGHefEn6UBmoIr8iTwYrU8Epc+Yn1XMlxT7c=', '2014-09-15 10:04:49', 0, 'Mr._413', '', '', '', 0, 1, '2014-07-22 12:00:00'),
(414, 'pbkdf2_sha256$12000$kZyTLrbGntin$AqOG2W8sGHefEn6UBmoIr8iTwYrU8Epc+Yn1XMlxT7c=', '2014-09-15 10:04:49', 0, 'Power_414', 'Power', 'Grid Carporation Of India Limi', '', 0, 1, '2014-07-23 12:00:00'),
(415, 'pbkdf2_sha256$12000$kZyTLrbGntin$AqOG2W8sGHefEn6UBmoIr8iTwYrU8Epc+Yn1XMlxT7c=', '2014-09-15 10:04:49', 0, 'Executive_415', '', '', 'imptrustropar@gmail.com', 0, 1, '2014-07-23 12:00:00'),
(416, 'pbkdf2_sha256$12000$kZyTLrbGntin$AqOG2W8sGHefEn6UBmoIr8iTwYrU8Epc+Yn1XMlxT7c=', '2014-09-15 10:04:49', 0, 'Mr._416', 'Mr. Mohd.', 'Ishpaq & Mudasu Nageer ', '', 0, 1, '2014-07-23 12:00:00'),
(417, 'pbkdf2_sha256$12000$kZyTLrbGntin$AqOG2W8sGHefEn6UBmoIr8iTwYrU8Epc+Yn1XMlxT7c=', '2014-09-15 10:04:49', 0, 'M/S._417', 'M/S. Binder', '& Sons Govt. Contractors', '', 0, 1, '2014-07-23 12:00:00'),
(418, 'pbkdf2_sha256$12000$kZyTLrbGntin$AqOG2W8sGHefEn6UBmoIr8iTwYrU8Epc+Yn1XMlxT7c=', '2014-09-15 10:04:49', 0, 'Power_418', '', '', 'rhqmalerkotla@yahoo.co.in', 0, 1, '2014-07-23 12:00:00'),
(419, 'pbkdf2_sha256$12000$kZyTLrbGntin$AqOG2W8sGHefEn6UBmoIr8iTwYrU8Epc+Yn1XMlxT7c=', '2014-09-15 10:04:49', 0, 'Corporation_419', '', '', '', 0, 1, '2014-07-24 12:00:00'),
(420, 'pbkdf2_sha256$12000$kZyTLrbGntin$AqOG2W8sGHefEn6UBmoIr8iTwYrU8Epc+Yn1XMlxT7c=', '2014-09-15 10:04:49', 0, 'Executive_420', 'Executive', 'Engineer - A (B&R) ', '', 0, 1, '2014-07-24 12:00:00'),
(421, 'pbkdf2_sha256$12000$kZyTLrbGntin$AqOG2W8sGHefEn6UBmoIr8iTwYrU8Epc+Yn1XMlxT7c=', '2014-09-15 10:04:49', 0, 'Mr._421', 'Mr. Sohrab', 'Gill ', '', 0, 1, '2014-07-28 12:00:00'),
(422, 'pbkdf2_sha256$12000$kZyTLrbGntin$AqOG2W8sGHefEn6UBmoIr8iTwYrU8Epc+Yn1XMlxT7c=', '2014-09-15 10:04:49', 0, 'Assistant_422', 'Assistant', 'Trust Engineer ', '', 0, 1, '2014-07-28 12:00:00'),
(423, 'pbkdf2_sha256$12000$kZyTLrbGntin$AqOG2W8sGHefEn6UBmoIr8iTwYrU8Epc+Yn1XMlxT7c=', '2014-09-15 10:04:49', 0, 'Sub_423', 'Sub', 'Divisional Engineer (Civil) ', '', 0, 1, '2014-07-31 12:00:00'),
(424, 'pbkdf2_sha256$12000$kZyTLrbGntin$AqOG2W8sGHefEn6UBmoIr8iTwYrU8Epc+Yn1XMlxT7c=', '2014-09-15 10:04:49', 0, 'M/S._424', 'M/S. Shahpoorji', 'Pallonji & Co.Ltd.', '', 0, 1, '2014-07-31 12:00:00'),
(425, 'pbkdf2_sha256$12000$kZyTLrbGntin$AqOG2W8sGHefEn6UBmoIr8iTwYrU8Epc+Yn1XMlxT7c=', '2014-09-15 10:04:49', 0, 'Sub_425', '', '', '', 0, 1, '2014-08-01 12:00:00'),
(426, 'pbkdf2_sha256$12000$kZyTLrbGntin$AqOG2W8sGHefEn6UBmoIr8iTwYrU8Epc+Yn1XMlxT7c=', '2014-09-15 10:04:49', 0, 'Sub_426', 'Sub', 'Divisional Engineer (B) ', '', 0, 1, '2014-08-04 12:00:00'),
(427, 'pbkdf2_sha256$12000$kZyTLrbGntin$AqOG2W8sGHefEn6UBmoIr8iTwYrU8Epc+Yn1XMlxT7c=', '2014-09-15 10:04:49', 0, 'Mr._427', 'Mr. Yog', 'Dhian Kalra ', '', 0, 1, '2014-08-04 12:00:00'),
(428, 'pbkdf2_sha256$12000$kZyTLrbGntin$AqOG2W8sGHefEn6UBmoIr8iTwYrU8Epc+Yn1XMlxT7c=', '2014-09-15 10:04:49', 0, 'M/S._428', 'M/S. Sri', 'Radha Gopinath Temple Iskcon', 'amit.garg307@gmail.com', 0, 1, '2014-08-04 12:00:00'),
(429, 'pbkdf2_sha256$12000$kZyTLrbGntin$AqOG2W8sGHefEn6UBmoIr8iTwYrU8Epc+Yn1XMlxT7c=', '2014-09-15 10:04:49', 0, 'A_429', '', '', 'ldh.solutionsinc@gmail.com', 0, 1, '2014-08-04 12:00:00'),
(430, 'pbkdf2_sha256$12000$kZyTLrbGntin$AqOG2W8sGHefEn6UBmoIr8iTwYrU8Epc+Yn1XMlxT7c=', '2014-09-15 10:04:49', 0, 'Municipal_430', '', '', '', 0, 1, '2014-08-04 12:00:00'),
(431, 'pbkdf2_sha256$12000$kZyTLrbGntin$AqOG2W8sGHefEn6UBmoIr8iTwYrU8Epc+Yn1XMlxT7c=', '2014-09-15 10:04:49', 0, 'Municipal_431', 'Municipal', 'Engineer', '', 0, 1, '2014-08-04 12:00:00'),
(432, 'pbkdf2_sha256$12000$kZyTLrbGntin$AqOG2W8sGHefEn6UBmoIr8iTwYrU8Epc+Yn1XMlxT7c=', '2014-09-15 10:04:49', 0, 'Executive_432', 'Executive', 'Officer ', '', 0, 1, '2014-08-04 12:00:00'),
(433, 'pbkdf2_sha256$12000$kZyTLrbGntin$AqOG2W8sGHefEn6UBmoIr8iTwYrU8Epc+Yn1XMlxT7c=', '2014-09-15 10:04:49', 0, 'Executive_433', 'Executive', 'Officer ', '', 0, 1, '2014-08-04 12:00:00'),
(434, 'pbkdf2_sha256$12000$kZyTLrbGntin$AqOG2W8sGHefEn6UBmoIr8iTwYrU8Epc+Yn1XMlxT7c=', '2014-09-15 10:04:49', 0, 'M/S._434', 'M/S. Himgiri', 'Godowns ', 'amar8080@hotmail.com', 0, 1, '2014-08-04 12:00:00'),
(435, 'pbkdf2_sha256$12000$kZyTLrbGntin$AqOG2W8sGHefEn6UBmoIr8iTwYrU8Epc+Yn1XMlxT7c=', '2014-09-15 10:04:49', 0, 'Satguru_435', '', '', 'sandeeprana@spsapollo.com', 0, 1, '2014-08-06 12:00:00'),
(436, 'pbkdf2_sha256$12000$kZyTLrbGntin$AqOG2W8sGHefEn6UBmoIr8iTwYrU8Epc+Yn1XMlxT7c=', '2014-09-15 10:04:49', 0, 'M/S._436', '', '', '', 0, 1, '2014-08-06 12:00:00'),
(437, 'pbkdf2_sha256$12000$kZyTLrbGntin$AqOG2W8sGHefEn6UBmoIr8iTwYrU8Epc+Yn1XMlxT7c=', '2014-09-15 10:04:49', 0, 'Prof._437', '', '', '', 0, 1, '2014-08-06 12:00:00'),
(438, 'pbkdf2_sha256$12000$kZyTLrbGntin$AqOG2W8sGHefEn6UBmoIr8iTwYrU8Epc+Yn1XMlxT7c=', '2014-09-15 10:04:49', 0, 'Executive_438', 'Executive', 'Engineer', 'eewss_tt@yahoo.co.in', 0, 1, '2014-08-07 12:00:00'),
(439, 'pbkdf2_sha256$12000$kZyTLrbGntin$AqOG2W8sGHefEn6UBmoIr8iTwYrU8Epc+Yn1XMlxT7c=', '2014-09-15 10:04:49', 0, 'Sh._439', 'Sh. Ranbir', 'Singh', '', 0, 1, '2014-08-07 12:00:00'),
(440, 'pbkdf2_sha256$12000$kZyTLrbGntin$AqOG2W8sGHefEn6UBmoIr8iTwYrU8Epc+Yn1XMlxT7c=', '2014-09-15 10:04:49', 0, 'Block_440', 'Block', 'Dev. & Panchayat Officer ', '', 0, 1, '2014-08-07 12:00:00'),
(441, 'pbkdf2_sha256$12000$kZyTLrbGntin$AqOG2W8sGHefEn6UBmoIr8iTwYrU8Epc+Yn1XMlxT7c=', '2014-09-15 10:04:49', 0, 'Executive_441', 'Executive', 'Engineer', '', 0, 1, '2014-08-08 12:00:00'),
(442, 'pbkdf2_sha256$12000$kZyTLrbGntin$AqOG2W8sGHefEn6UBmoIr8iTwYrU8Epc+Yn1XMlxT7c=', '2014-09-15 10:04:49', 0, 'M/S_442', 'M/S A.S.C.', 'Builders Pvt. Ltd. ', '', 0, 1, '2014-08-08 12:00:00'),
(443, 'pbkdf2_sha256$12000$kZyTLrbGntin$AqOG2W8sGHefEn6UBmoIr8iTwYrU8Epc+Yn1XMlxT7c=', '2014-09-15 10:04:49', 0, 'M/S_443', '', '', '', 0, 1, '2014-08-08 12:00:00'),
(444, 'pbkdf2_sha256$12000$kZyTLrbGntin$AqOG2W8sGHefEn6UBmoIr8iTwYrU8Epc+Yn1XMlxT7c=', '2014-09-15 10:04:49', 0, 'M/S._444', '', '', 'info@srishtisales.com', 0, 1, '2014-08-11 12:00:00'),
(445, 'pbkdf2_sha256$12000$kZyTLrbGntin$AqOG2W8sGHefEn6UBmoIr8iTwYrU8Epc+Yn1XMlxT7c=', '2014-09-15 10:04:49', 0, 'M/S_445', '', '', 'info@visionhomez.com', 0, 1, '2014-08-12 12:00:00'),
(446, 'pbkdf2_sha256$12000$kZyTLrbGntin$AqOG2W8sGHefEn6UBmoIr8iTwYrU8Epc+Yn1XMlxT7c=', '2014-09-15 10:04:49', 0, 'Executive_446', '', '', '', 0, 1, '2014-08-12 12:00:00'),
(447, 'pbkdf2_sha256$12000$kZyTLrbGntin$AqOG2W8sGHefEn6UBmoIr8iTwYrU8Epc+Yn1XMlxT7c=', '2014-09-15 10:04:49', 0, 'Assistant_447', 'Assistant', 'Engineer (Civil) ', 'rishie.kyl@gmail.com', 0, 1, '2014-08-13 12:00:00'),
(448, 'pbkdf2_sha256$12000$kZyTLrbGntin$AqOG2W8sGHefEn6UBmoIr8iTwYrU8Epc+Yn1XMlxT7c=', '2014-09-15 10:04:49', 0, 'Punjab_448', 'Punjab', 'Municipal Infrastructure Devel', '', 0, 1, '2014-08-13 12:00:00'),
(449, 'pbkdf2_sha256$12000$kZyTLrbGntin$AqOG2W8sGHefEn6UBmoIr8iTwYrU8Epc+Yn1XMlxT7c=', '2014-09-15 10:04:49', 0, 'Power_449', '', '', '', 0, 1, '2014-08-13 12:00:00'),
(450, 'pbkdf2_sha256$12000$kZyTLrbGntin$AqOG2W8sGHefEn6UBmoIr8iTwYrU8Epc+Yn1XMlxT7c=', '2014-09-15 10:04:49', 0, 'M/S_450', '', '', '', 0, 1, '2014-08-19 12:00:00'),
(451, 'pbkdf2_sha256$12000$kZyTLrbGntin$AqOG2W8sGHefEn6UBmoIr8iTwYrU8Epc+Yn1XMlxT7c=', '2014-09-15 10:04:49', 0, 'M/S_451', '', '', '', 0, 1, '2014-08-20 12:00:00'),
(452, 'pbkdf2_sha256$12000$kZyTLrbGntin$AqOG2W8sGHefEn6UBmoIr8iTwYrU8Epc+Yn1XMlxT7c=', '2014-09-15 10:04:49', 0, 'Sub_452', '', '', '', 0, 1, '2014-08-21 12:00:00'),
(453, 'pbkdf2_sha256$12000$kZyTLrbGntin$AqOG2W8sGHefEn6UBmoIr8iTwYrU8Epc+Yn1XMlxT7c=', '2014-09-15 10:04:49', 0, 'Bureau_453', 'Bureau', 'Of Indian Standards ', '', 0, 1, '2014-08-21 12:00:00'),
(454, 'pbkdf2_sha256$12000$kZyTLrbGntin$AqOG2W8sGHefEn6UBmoIr8iTwYrU8Epc+Yn1XMlxT7c=', '2014-09-15 10:04:49', 0, 'The_454', '', '', '', 0, 1, '2014-08-21 12:00:00'),
(455, 'pbkdf2_sha256$12000$kZyTLrbGntin$AqOG2W8sGHefEn6UBmoIr8iTwYrU8Epc+Yn1XMlxT7c=', '2014-09-15 10:04:49', 0, 'M/S._455', '', '', '', 0, 1, '2014-08-21 12:00:00'),
(456, 'pbkdf2_sha256$12000$kZyTLrbGntin$AqOG2W8sGHefEn6UBmoIr8iTwYrU8Epc+Yn1XMlxT7c=', '2014-09-15 10:04:49', 0, 'Corporation_456', '', '', '', 0, 1, '2014-08-21 12:00:00'),
(457, 'pbkdf2_sha256$12000$kZyTLrbGntin$AqOG2W8sGHefEn6UBmoIr8iTwYrU8Epc+Yn1XMlxT7c=', '2014-09-15 10:04:49', 0, 'Sub_457', 'Sub', 'Divisional Engineer', '', 0, 1, '2014-08-21 12:00:00'),
(458, 'pbkdf2_sha256$12000$kZyTLrbGntin$AqOG2W8sGHefEn6UBmoIr8iTwYrU8Epc+Yn1XMlxT7c=', '2014-09-15 10:04:49', 0, 'M/S_458', 'M/S', 'Hemkunt Infratech Pvt. Ltd. ', '', 0, 1, '2014-08-21 12:00:00'),
(459, 'pbkdf2_sha256$12000$kZyTLrbGntin$AqOG2W8sGHefEn6UBmoIr8iTwYrU8Epc+Yn1XMlxT7c=', '2014-09-15 10:04:49', 0, 'M/S_459', '', '', '', 0, 1, '2014-08-21 12:00:00'),
(460, 'pbkdf2_sha256$12000$kZyTLrbGntin$AqOG2W8sGHefEn6UBmoIr8iTwYrU8Epc+Yn1XMlxT7c=', '2014-09-15 10:04:49', 0, 'Hinduatan_460', '', '', '', 0, 1, '2014-08-25 12:00:00'),
(461, 'pbkdf2_sha256$12000$kZyTLrbGntin$AqOG2W8sGHefEn6UBmoIr8iTwYrU8Epc+Yn1XMlxT7c=', '2014-09-15 10:04:49', 0, 'M/S_461', '', '', 'ciicotiles@yahoo.com', 0, 1, '2014-08-26 12:00:00'),
(462, 'pbkdf2_sha256$12000$kZyTLrbGntin$AqOG2W8sGHefEn6UBmoIr8iTwYrU8Epc+Yn1XMlxT7c=', '2014-09-15 10:04:49', 0, 'M/S_462', '', '', 'spantech18@yahoo.com', 0, 1, '2014-08-26 12:00:00'),
(463, 'pbkdf2_sha256$12000$kZyTLrbGntin$AqOG2W8sGHefEn6UBmoIr8iTwYrU8Epc+Yn1XMlxT7c=', '2014-09-15 10:04:49', 0, 'Sub_463', '', '', '', 0, 1, '2014-08-27 12:00:00'),
(464, 'pbkdf2_sha256$12000$kZyTLrbGntin$AqOG2W8sGHefEn6UBmoIr8iTwYrU8Epc+Yn1XMlxT7c=', '2014-09-15 10:04:49', 0, 'Superintending_464', 'Superintending', 'Engineer ', '', 0, 1, '2014-08-27 12:00:00'),
(465, 'pbkdf2_sha256$12000$kZyTLrbGntin$AqOG2W8sGHefEn6UBmoIr8iTwYrU8Epc+Yn1XMlxT7c=', '2014-09-15 10:04:49', 0, 'Sub_465', 'Sub', 'Divisional Officer ', '', 0, 1, '2014-08-27 12:00:00'),
(466, 'pbkdf2_sha256$12000$kZyTLrbGntin$AqOG2W8sGHefEn6UBmoIr8iTwYrU8Epc+Yn1XMlxT7c=', '2014-09-15 10:04:49', 0, 'Sub_466', 'Sub', 'Divisional Engineer (C)', '', 0, 1, '2014-08-28 12:00:00'),
(467, 'pbkdf2_sha256$12000$kZyTLrbGntin$AqOG2W8sGHefEn6UBmoIr8iTwYrU8Epc+Yn1XMlxT7c=', '2014-09-15 10:04:49', 0, 'M/S_467', 'M/S', 'Palace Infratech Pvt. Ltd. ', '', 0, 1, '2014-08-28 12:00:00'),
(468, 'pbkdf2_sha256$12000$kZyTLrbGntin$AqOG2W8sGHefEn6UBmoIr8iTwYrU8Epc+Yn1XMlxT7c=', '2014-09-15 10:04:49', 0, 'M/S._468', '', '', '', 0, 1, '2014-08-29 12:00:00'),
(469, 'pbkdf2_sha256$12000$kZyTLrbGntin$AqOG2W8sGHefEn6UBmoIr8iTwYrU8Epc+Yn1XMlxT7c=', '2014-09-15 10:04:49', 0, 'Executive_469', '', '', 'eecphscjal1@gmail.com', 0, 1, '2014-08-29 12:00:00'),
(470, 'pbkdf2_sha256$12000$kZyTLrbGntin$AqOG2W8sGHefEn6UBmoIr8iTwYrU8Epc+Yn1XMlxT7c=', '2014-09-15 10:04:49', 0, 'Mr._470', 'Mr. Mohandeep', 'Goyal S/O Sh. Harbhajan Lal Go', '', 0, 1, '2014-08-29 12:00:00'),
(471, 'pbkdf2_sha256$12000$kZyTLrbGntin$AqOG2W8sGHefEn6UBmoIr8iTwYrU8Epc+Yn1XMlxT7c=', '2014-09-15 10:04:49', 0, 'Mr._471', 'Mr. Surinder', 'Mohan', '', 0, 1, '2014-08-29 12:00:00'),
(472, 'pbkdf2_sha256$12000$kZyTLrbGntin$AqOG2W8sGHefEn6UBmoIr8iTwYrU8Epc+Yn1XMlxT7c=', '2014-09-15 10:04:49', 0, 'M/S._472', 'M/S. Sunil', 'Hitech Engg. Ltd.  ', '', 0, 1, '2014-09-01 12:00:00'),
(473, 'pbkdf2_sha256$12000$kZyTLrbGntin$AqOG2W8sGHefEn6UBmoIr8iTwYrU8Epc+Yn1XMlxT7c=', '2014-09-15 10:04:49', 0, 'M/S._473', '', '', '', 0, 1, '2014-09-01 12:00:00'),
(474, 'pbkdf2_sha256$12000$kZyTLrbGntin$AqOG2W8sGHefEn6UBmoIr8iTwYrU8Epc+Yn1XMlxT7c=', '2014-09-15 10:04:49', 0, 'Sh._474', '', '', '', 0, 1, '2014-09-01 12:00:00'),
(475, 'pbkdf2_sha256$12000$kZyTLrbGntin$AqOG2W8sGHefEn6UBmoIr8iTwYrU8Epc+Yn1XMlxT7c=', '2014-09-15 10:04:49', 0, 'M/S_475', 'M/S', 'Rmc Ludhiana ', 'r_moudgill@yahoo.co.in', 0, 1, '2014-09-02 12:00:00'),
(476, 'pbkdf2_sha256$12000$kZyTLrbGntin$AqOG2W8sGHefEn6UBmoIr8iTwYrU8Epc+Yn1XMlxT7c=', '2014-09-15 10:04:49', 0, 'Chairman,_476', '', '', '', 0, 1, '2014-09-03 12:00:00'),
(477, 'pbkdf2_sha256$12000$kZyTLrbGntin$AqOG2W8sGHefEn6UBmoIr8iTwYrU8Epc+Yn1XMlxT7c=', '2014-09-15 10:04:49', 0, 'M/S._477', 'M/S. I.', 'B. Enterprises Engineers & Co', 'info@ib-enterprises.com', 0, 1, '2014-09-03 12:00:00'),
(478, 'pbkdf2_sha256$12000$kZyTLrbGntin$AqOG2W8sGHefEn6UBmoIr8iTwYrU8Epc+Yn1XMlxT7c=', '2014-09-15 10:04:49', 0, 'M/s._478', '', '', 'bhuwangoyal@gmail.com', 0, 1, '2014-09-04 12:00:00'),
(479, 'pbkdf2_sha256$12000$kZyTLrbGntin$AqOG2W8sGHefEn6UBmoIr8iTwYrU8Epc+Yn1XMlxT7c=', '2014-09-15 10:04:49', 0, 'Sub_479', '', '', '', 0, 1, '2014-09-08 12:00:00'),
(480, 'pbkdf2_sha256$12000$kZyTLrbGntin$AqOG2W8sGHefEn6UBmoIr8iTwYrU8Epc+Yn1XMlxT7c=', '2014-09-15 10:04:49', 0, 'Sub_480', 'Sub', 'Divisional Engineer', '', 0, 1, '2014-09-08 12:00:00'),
(481, 'pbkdf2_sha256$12000$kZyTLrbGntin$AqOG2W8sGHefEn6UBmoIr8iTwYrU8Epc+Yn1XMlxT7c=', '2014-09-15 10:04:49', 0, 'Assistant_481', 'Assistant', 'Trust Engineer ', '', 0, 1, '2014-09-08 12:00:00'),
(482, 'pbkdf2_sha256$12000$kZyTLrbGntin$AqOG2W8sGHefEn6UBmoIr8iTwYrU8Epc+Yn1XMlxT7c=', '2014-09-15 10:04:49', 0, 'M/S._482', 'M/S. Fortune', 'Metals Limited ', 'info@fortunegroup.org.in', 0, 1, '2014-09-09 12:00:00'),
(483, 'pbkdf2_sha256$12000$kZyTLrbGntin$AqOG2W8sGHefEn6UBmoIr8iTwYrU8Epc+Yn1XMlxT7c=', '2014-09-15 10:04:49', 0, 'Secretary,_483', '', '', '', 0, 1, '2014-09-09 12:00:00'),
(484, 'pbkdf2_sha256$12000$kZyTLrbGntin$AqOG2W8sGHefEn6UBmoIr8iTwYrU8Epc+Yn1XMlxT7c=', '2014-09-15 10:04:49', 0, 'Gram_484', 'Gram', 'Panchayat ', '', 0, 1, '2014-09-09 12:00:00'),
(485, 'pbkdf2_sha256$12000$kZyTLrbGntin$AqOG2W8sGHefEn6UBmoIr8iTwYrU8Epc+Yn1XMlxT7c=', '2014-09-15 10:04:49', 0, 'M/S._485', '', '', '', 0, 1, '2014-09-10 12:00:00'),
(486, 'pbkdf2_sha256$12000$kZyTLrbGntin$AqOG2W8sGHefEn6UBmoIr8iTwYrU8Epc+Yn1XMlxT7c=', '2014-09-15 10:04:49', 0, 'M/s._486', '', '', 'suriconsturctions@yahoo.com', 0, 1, '2014-09-10 12:00:00'),
(487, 'pbkdf2_sha256$12000$kZyTLrbGntin$AqOG2W8sGHefEn6UBmoIr8iTwYrU8Epc+Yn1XMlxT7c=', '2014-09-15 10:04:49', 0, 'Sub_487', '', '', '', 0, 1, '2014-09-11 12:00:00'),
(488, 'pbkdf2_sha256$12000$kZyTLrbGntin$AqOG2W8sGHefEn6UBmoIr8iTwYrU8Epc+Yn1XMlxT7c=', '2014-09-15 10:04:49', 0, 'M/S._488', 'M/S. Gondwana', 'Engineers Limited ', 'info@gondwanaeng.com', 0, 1, '2014-09-11 12:00:00'),
(489, 'pbkdf2_sha256$12000$kZyTLrbGntin$AqOG2W8sGHefEn6UBmoIr8iTwYrU8Epc+Yn1XMlxT7c=', '2014-09-15 10:04:49', 0, 'Sub_489', '', '', '', 0, 1, '2014-09-11 12:00:00'),
(490, 'pbkdf2_sha256$12000$kZyTLrbGntin$AqOG2W8sGHefEn6UBmoIr8iTwYrU8Epc+Yn1XMlxT7c=', '2014-09-15 10:04:49', 0, 'M/S_490', 'M/S', 'Anand Enterprises ', 'concretemixture@yahoo.co.in', 0, 1, '2014-09-12 12:00:00'),
(491, 'pbkdf2_sha256$12000$kZyTLrbGntin$AqOG2W8sGHefEn6UBmoIr8iTwYrU8Epc+Yn1XMlxT7c=', '2014-09-15 10:04:49', 0, 'Hotel_491', '', '', '', 0, 1, '2014-09-12 12:00:00'),
(492, 'pbkdf2_sha256$12000$kZyTLrbGntin$AqOG2W8sGHefEn6UBmoIr8iTwYrU8Epc+Yn1XMlxT7c=', '2014-09-15 10:04:49', 0, 'M/S_492', '', '', '', 0, 1, '2014-09-12 12:00:00'),
(493, 'pbkdf2_sha256$12000$kZyTLrbGntin$AqOG2W8sGHefEn6UBmoIr8iTwYrU8Epc+Yn1XMlxT7c=', '2014-09-15 10:04:49', 0, 'M/S._493', '', '', '', 0, 1, '2014-09-15 12:00:00'),
(494, 'pbkdf2_sha256$12000$kZyTLrbGntin$AqOG2W8sGHefEn6UBmoIr8iTwYrU8Epc+Yn1XMlxT7c=', '2014-09-15 10:04:49', 0, 'Sub_494', '', '', '', 0, 1, '2014-09-15 12:00:00'),
(495, 'pbkdf2_sha256$12000$kZyTLrbGntin$AqOG2W8sGHefEn6UBmoIr8iTwYrU8Epc+Yn1XMlxT7c=', '2014-09-15 10:04:49', 0, 'Arora_495', 'Arora', '& Associates ', '', 0, 1, '2014-09-16 12:00:00'),
(496, 'pbkdf2_sha256$12000$kZyTLrbGntin$AqOG2W8sGHefEn6UBmoIr8iTwYrU8Epc+Yn1XMlxT7c=', '2014-09-15 10:04:49', 0, 'M/S._496', '', '', '', 0, 1, '2014-09-16 12:00:00'),
(497, 'pbkdf2_sha256$12000$kZyTLrbGntin$AqOG2W8sGHefEn6UBmoIr8iTwYrU8Epc+Yn1XMlxT7c=', '2014-09-15 10:04:49', 0, 'M/S._497', '', '', 'jkinfcon@yahoo.in', 0, 1, '2014-09-16 12:00:00'),
(498, 'pbkdf2_sha256$12000$kZyTLrbGntin$AqOG2W8sGHefEn6UBmoIr8iTwYrU8Epc+Yn1XMlxT7c=', '2014-09-15 10:04:49', 0, 'M/S._498', '', '', 'jkinfcon@yahoo.in', 0, 1, '2014-09-16 12:00:00'),
(499, 'pbkdf2_sha256$12000$kZyTLrbGntin$AqOG2W8sGHefEn6UBmoIr8iTwYrU8Epc+Yn1XMlxT7c=', '2014-09-15 10:04:49', 0, 'M/S._499', '', '', 'info@fiberfillgroup.com', 0, 1, '2014-09-16 12:00:00'),
(500, 'pbkdf2_sha256$12000$kZyTLrbGntin$AqOG2W8sGHefEn6UBmoIr8iTwYrU8Epc+Yn1XMlxT7c=', '2014-09-15 10:04:49', 0, 'S._500', '', '', '', 0, 1, '2014-09-16 12:00:00'),
(501, 'pbkdf2_sha256$12000$kZyTLrbGntin$AqOG2W8sGHefEn6UBmoIr8iTwYrU8Epc+Yn1XMlxT7c=', '2014-09-15 10:04:49', 0, 'Executive_501', 'Executive', 'Engineer', '', 0, 1, '2014-09-17 12:00:00'),
(502, 'pbkdf2_sha256$12000$kZyTLrbGntin$AqOG2W8sGHefEn6UBmoIr8iTwYrU8Epc+Yn1XMlxT7c=', '2014-09-15 10:04:49', 0, 'Mr._502', 'Mr. Rakesh', 'Kumar Contractor RMC Ludhiana', 'info@rakeshkumarcontractor.com', 0, 1, '2014-09-18 12:00:00'),
(503, 'pbkdf2_sha256$12000$kZyTLrbGntin$AqOG2W8sGHefEn6UBmoIr8iTwYrU8Epc+Yn1XMlxT7c=', '2014-09-15 10:04:49', 0, 'Executive_503', 'Executive', 'Engineer (Ws) ', 'pmb.xenphchd@punjabmail.gov.in', 0, 1, '2014-09-19 12:00:00'),
(504, 'pbkdf2_sha256$12000$kZyTLrbGntin$AqOG2W8sGHefEn6UBmoIr8iTwYrU8Epc+Yn1XMlxT7c=', '2014-09-15 10:04:49', 0, 'Forest_504', 'Forest', 'Range Officer ', '', 0, 1, '2014-09-19 12:00:00'),
(505, 'pbkdf2_sha256$12000$kZyTLrbGntin$AqOG2W8sGHefEn6UBmoIr8iTwYrU8Epc+Yn1XMlxT7c=', '2014-09-15 10:04:49', 0, 'M/S_505', 'M/S', 'Tantia Constructions Limied & ', '', 0, 1, '2014-09-19 12:00:00'),
(506, 'pbkdf2_sha256$12000$kZyTLrbGntin$AqOG2W8sGHefEn6UBmoIr8iTwYrU8Epc+Yn1XMlxT7c=', '2014-09-15 10:04:49', 0, 'Executive_506', '', '', '', 0, 1, '2014-09-19 12:00:00'),
(507, 'pbkdf2_sha256$12000$kZyTLrbGntin$AqOG2W8sGHefEn6UBmoIr8iTwYrU8Epc+Yn1XMlxT7c=', '2014-09-15 10:04:49', 0, 'M/S._507', 'M/S. Atam', 'Developers', 'parveenatam@yahoo.com', 0, 1, '2014-09-22 12:00:00'),
(508, 'pbkdf2_sha256$12000$kZyTLrbGntin$AqOG2W8sGHefEn6UBmoIr8iTwYrU8Epc+Yn1XMlxT7c=', '2014-09-15 10:04:49', 0, 'Sh._508', '', '', '', 0, 1, '2014-09-22 12:00:00'),
(509, 'pbkdf2_sha256$12000$kZyTLrbGntin$AqOG2W8sGHefEn6UBmoIr8iTwYrU8Epc+Yn1XMlxT7c=', '2014-09-15 10:04:49', 0, 'Corporation_509', 'Corporation', 'Engineer (B & R) ', '', 0, 1, '2014-09-24 12:00:00'),
(510, 'pbkdf2_sha256$12000$kZyTLrbGntin$AqOG2W8sGHefEn6UBmoIr8iTwYrU8Epc+Yn1XMlxT7c=', '2014-09-15 10:04:49', 0, 'Executive_510', 'Executive', 'Engineer', '', 0, 1, '2014-09-24 12:00:00'),
(511, 'pbkdf2_sha256$12000$kZyTLrbGntin$AqOG2W8sGHefEn6UBmoIr8iTwYrU8Epc+Yn1XMlxT7c=', '2014-09-15 10:04:49', 0, 'Sub_511', 'Sub', 'Divisional Engineer', '', 0, 1, '2014-09-24 12:00:00'),
(512, 'pbkdf2_sha256$12000$kZyTLrbGntin$AqOG2W8sGHefEn6UBmoIr8iTwYrU8Epc+Yn1XMlxT7c=', '2014-09-15 10:04:49', 0, 'Sub_512', 'Sub', 'Divisional Officer', '', 0, 1, '2014-09-25 12:00:00'),
(513, 'pbkdf2_sha256$12000$kZyTLrbGntin$AqOG2W8sGHefEn6UBmoIr8iTwYrU8Epc+Yn1XMlxT7c=', '2014-09-15 10:04:49', 0, 'M/S_513', 'M/S', ' Kapoor Developing Solutions ', 'kapoor.gem49@gmail.com', 0, 1, '2014-09-26 12:00:00'),
(514, 'pbkdf2_sha256$12000$kZyTLrbGntin$AqOG2W8sGHefEn6UBmoIr8iTwYrU8Epc+Yn1XMlxT7c=', '2014-09-15 10:04:49', 0, 'M/S._514', '', '', 'info@virdiconstrution.com', 0, 1, '2014-09-29 12:00:00'),
(515, 'pbkdf2_sha256$12000$kZyTLrbGntin$AqOG2W8sGHefEn6UBmoIr8iTwYrU8Epc+Yn1XMlxT7c=', '2014-09-15 10:04:49', 0, 'M/s._515', '', '', '', 0, 1, '2014-09-30 12:00:00'),
(516, 'pbkdf2_sha256$12000$kZyTLrbGntin$AqOG2W8sGHefEn6UBmoIr8iTwYrU8Epc+Yn1XMlxT7c=', '2014-09-15 10:04:49', 0, 'M/S_516', '', '', 'sales@janpathdevelopers.com', 0, 1, '2014-09-30 12:00:00'),
(517, 'pbkdf2_sha256$12000$kZyTLrbGntin$AqOG2W8sGHefEn6UBmoIr8iTwYrU8Epc+Yn1XMlxT7c=', '2014-09-15 10:04:49', 0, 'M/S_517', '', '', 'spscpkl@gmail.com', 0, 1, '2014-10-01 12:00:00'),
(518, 'pbkdf2_sha256$12000$kZyTLrbGntin$AqOG2W8sGHefEn6UBmoIr8iTwYrU8Epc+Yn1XMlxT7c=', '2014-09-15 10:04:49', 0, 'Assistant_518', '', '', '', 0, 1, '2014-10-01 12:00:00'),
(519, 'pbkdf2_sha256$12000$kZyTLrbGntin$AqOG2W8sGHefEn6UBmoIr8iTwYrU8Epc+Yn1XMlxT7c=', '2014-09-15 10:04:49', 0, 'Corporation_519', 'Corporation', 'Engineer B & R ', '', 0, 1, '2014-10-02 12:00:00'),
(520, 'pbkdf2_sha256$12000$kZyTLrbGntin$AqOG2W8sGHefEn6UBmoIr8iTwYrU8Epc+Yn1XMlxT7c=', '2014-09-15 10:04:49', 0, 'The_520', 'The', 'Member Secratory', '', 0, 1, '2014-10-06 12:00:00'),
(521, 'pbkdf2_sha256$12000$kZyTLrbGntin$AqOG2W8sGHefEn6UBmoIr8iTwYrU8Epc+Yn1XMlxT7c=', '2014-09-15 10:04:49', 0, 'Sh._521', 'Sh. Ajay', 'Singh', '', 0, 1, '2014-10-06 12:00:00'),
(522, 'pbkdf2_sha256$12000$kZyTLrbGntin$AqOG2W8sGHefEn6UBmoIr8iTwYrU8Epc+Yn1XMlxT7c=', '2014-09-15 10:04:49', 0, 'Sh._522', 'Sh. Jaswant', 'Singh. Govt. Contractor', '', 0, 1, '2014-10-06 12:00:00'),
(523, 'pbkdf2_sha256$12000$kZyTLrbGntin$AqOG2W8sGHefEn6UBmoIr8iTwYrU8Epc+Yn1XMlxT7c=', '2014-09-15 10:04:49', 0, 'M/S._523', 'M/S. J.R.', 'Engineers Consultants And Cont', '', 0, 1, '2014-10-07 12:00:00'),
(524, 'pbkdf2_sha256$12000$kZyTLrbGntin$AqOG2W8sGHefEn6UBmoIr8iTwYrU8Epc+Yn1XMlxT7c=', '2014-09-15 10:04:49', 0, 'Dayanand_524', '', '', 'dmchldh@glide.net.in', 0, 1, '2014-10-07 12:00:00'),
(525, 'pbkdf2_sha256$12000$kZyTLrbGntin$AqOG2W8sGHefEn6UBmoIr8iTwYrU8Epc+Yn1XMlxT7c=', '2014-09-15 10:04:49', 0, 'M/S_525', '', '', 'vk.vaishnavi@yahoo.com', 0, 1, '2014-10-09 12:00:00'),
(526, 'pbkdf2_sha256$12000$kZyTLrbGntin$AqOG2W8sGHefEn6UBmoIr8iTwYrU8Epc+Yn1XMlxT7c=', '2014-09-15 10:04:49', 0, 'Sub_526', '', '', '', 0, 1, '2014-10-09 12:00:00');
INSERT INTO `auth_user` (`id`, `password`, `last_login`, `is_superuser`, `username`, `first_name`, `last_name`, `email`, `is_staff`, `is_active`, `date_joined`) VALUES
(527, 'pbkdf2_sha256$12000$kZyTLrbGntin$AqOG2W8sGHefEn6UBmoIr8iTwYrU8Epc+Yn1XMlxT7c=', '2014-09-15 10:04:49', 0, 'Superintending_527', 'Superintending', 'Engineer (B&R) ', '', 0, 1, '2014-10-09 12:00:00'),
(528, 'pbkdf2_sha256$12000$kZyTLrbGntin$AqOG2W8sGHefEn6UBmoIr8iTwYrU8Epc+Yn1XMlxT7c=', '2014-09-15 10:04:49', 0, 'Sub_528', 'Sub', 'Divisional Engineer', '', 0, 1, '2014-10-09 12:00:00'),
(529, 'pbkdf2_sha256$12000$kZyTLrbGntin$AqOG2W8sGHefEn6UBmoIr8iTwYrU8Epc+Yn1XMlxT7c=', '2014-09-15 10:04:49', 0, 'Municipal_529', 'Municipal', 'Engineer', '', 0, 1, '2014-10-15 12:00:00'),
(530, 'pbkdf2_sha256$12000$kZyTLrbGntin$AqOG2W8sGHefEn6UBmoIr8iTwYrU8Epc+Yn1XMlxT7c=', '2014-09-15 10:04:49', 0, 'Municipal_530', 'Municipal', 'Engineer', '', 0, 1, '2014-10-16 12:00:00'),
(531, 'pbkdf2_sha256$12000$kZyTLrbGntin$AqOG2W8sGHefEn6UBmoIr8iTwYrU8Epc+Yn1XMlxT7c=', '2014-09-15 10:04:49', 0, 'Addl._531', 'Addl.', 'Superintending Engineer ', '', 0, 1, '2014-10-17 12:00:00'),
(532, 'pbkdf2_sha256$12000$kZyTLrbGntin$AqOG2W8sGHefEn6UBmoIr8iTwYrU8Epc+Yn1XMlxT7c=', '2014-09-15 10:04:49', 0, 'Executive_532', 'Executive', 'Engineer', '', 0, 1, '2014-10-17 12:00:00'),
(533, 'pbkdf2_sha256$12000$kZyTLrbGntin$AqOG2W8sGHefEn6UBmoIr8iTwYrU8Epc+Yn1XMlxT7c=', '2014-09-15 10:04:49', 0, 'Sub_533', 'Sub', 'Divisional Engineer (C)', '', 0, 1, '2014-10-17 12:00:00'),
(534, 'pbkdf2_sha256$12000$kZyTLrbGntin$AqOG2W8sGHefEn6UBmoIr8iTwYrU8Epc+Yn1XMlxT7c=', '2014-09-15 10:04:49', 0, 'The_534', '', '', 'ieindia.11c@gmail.com', 0, 1, '2014-10-20 12:00:00'),
(535, 'pbkdf2_sha256$12000$kZyTLrbGntin$AqOG2W8sGHefEn6UBmoIr8iTwYrU8Epc+Yn1XMlxT7c=', '2014-09-15 10:04:49', 0, 'Executive_535', 'Executive', 'Engineer', '', 0, 1, '2014-10-20 12:00:00'),
(536, 'pbkdf2_sha256$12000$kZyTLrbGntin$AqOG2W8sGHefEn6UBmoIr8iTwYrU8Epc+Yn1XMlxT7c=', '2014-09-15 10:04:49', 0, 'Sub_536', 'Sub', 'Divisional Engineer (Projects)', '', 0, 1, '2014-10-21 12:00:00'),
(537, 'pbkdf2_sha256$12000$kZyTLrbGntin$AqOG2W8sGHefEn6UBmoIr8iTwYrU8Epc+Yn1XMlxT7c=', '2014-09-15 10:04:49', 0, 'Arvind_537', '', '', '', 0, 1, '2014-10-22 12:00:00'),
(538, 'pbkdf2_sha256$12000$kZyTLrbGntin$AqOG2W8sGHefEn6UBmoIr8iTwYrU8Epc+Yn1XMlxT7c=', '2014-09-15 10:04:49', 0, 'Executive_538', 'Executive', 'Engineer', 'xenpwprajalandhar@gmail.com', 0, 1, '2014-10-22 12:00:00'),
(539, 'pbkdf2_sha256$12000$kZyTLrbGntin$AqOG2W8sGHefEn6UBmoIr8iTwYrU8Epc+Yn1XMlxT7c=', '2014-09-15 10:04:49', 0, 'Kangaro_539', '', '', '', 0, 1, '2014-10-27 12:00:00'),
(540, 'pbkdf2_sha256$12000$kZyTLrbGntin$AqOG2W8sGHefEn6UBmoIr8iTwYrU8Epc+Yn1XMlxT7c=', '2014-09-15 10:04:49', 0, 'M/S._540', '', '', '', 0, 1, '2014-10-27 12:00:00'),
(541, 'pbkdf2_sha256$12000$kZyTLrbGntin$AqOG2W8sGHefEn6UBmoIr8iTwYrU8Epc+Yn1XMlxT7c=', '2014-09-15 10:04:49', 0, 'Sub_541', 'Sub', 'Divisional Officer', '', 0, 1, '2014-10-27 12:00:00'),
(542, 'pbkdf2_sha256$12000$kZyTLrbGntin$AqOG2W8sGHefEn6UBmoIr8iTwYrU8Epc+Yn1XMlxT7c=', '2014-09-15 10:04:49', 0, 'M/S_542', '', '', '', 0, 1, '2014-10-28 12:00:00'),
(543, 'pbkdf2_sha256$12000$kZyTLrbGntin$AqOG2W8sGHefEn6UBmoIr8iTwYrU8Epc+Yn1XMlxT7c=', '2014-09-15 10:04:49', 0, 'Executive_543', 'Executive', 'Engineer', '', 0, 1, '2014-10-28 12:00:00'),
(544, 'pbkdf2_sha256$12000$kZyTLrbGntin$AqOG2W8sGHefEn6UBmoIr8iTwYrU8Epc+Yn1XMlxT7c=', '2014-09-15 10:04:49', 0, 'Sub_544', 'Sub', 'Divisional Engineer', '', 0, 1, '2014-10-28 12:00:00'),
(545, 'pbkdf2_sha256$12000$kZyTLrbGntin$AqOG2W8sGHefEn6UBmoIr8iTwYrU8Epc+Yn1XMlxT7c=', '2014-09-15 10:04:49', 0, 'M/S._545', '', '', '', 0, 1, '2014-10-28 12:00:00'),
(546, 'pbkdf2_sha256$12000$kZyTLrbGntin$AqOG2W8sGHefEn6UBmoIr8iTwYrU8Epc+Yn1XMlxT7c=', '2014-09-15 10:04:49', 0, 'Mr._546', 'Mr. Amit', 'Garg', 'amit.garg307@gmail.com', 0, 1, '2014-10-29 12:00:00'),
(547, 'pbkdf2_sha256$12000$kZyTLrbGntin$AqOG2W8sGHefEn6UBmoIr8iTwYrU8Epc+Yn1XMlxT7c=', '2014-09-15 10:04:49', 0, 'M/S_547', '', '', '', 0, 1, '2014-10-30 12:00:00'),
(548, 'pbkdf2_sha256$12000$kZyTLrbGntin$AqOG2W8sGHefEn6UBmoIr8iTwYrU8Epc+Yn1XMlxT7c=', '2014-09-15 10:04:49', 0, 'Directorate,_548', 'Directorate', 'Department Of Local Govt. Punj', '', 0, 1, '2014-10-30 12:00:00'),
(549, 'pbkdf2_sha256$12000$kZyTLrbGntin$AqOG2W8sGHefEn6UBmoIr8iTwYrU8Epc+Yn1XMlxT7c=', '2014-09-15 10:04:49', 0, 'Project_549', 'Project', 'Engineer ', 'engineeringwing@sggswu.org', 0, 1, '2014-10-31 12:00:00'),
(550, 'pbkdf2_sha256$12000$kZyTLrbGntin$AqOG2W8sGHefEn6UBmoIr8iTwYrU8Epc+Yn1XMlxT7c=', '2014-09-15 10:04:49', 0, 'Executive_550', 'Executive', 'Engineer', '', 0, 1, '2014-10-31 12:00:00'),
(551, 'pbkdf2_sha256$12000$kZyTLrbGntin$AqOG2W8sGHefEn6UBmoIr8iTwYrU8Epc+Yn1XMlxT7c=', '2014-09-15 10:04:49', 0, 'M/S_551', '', '', '', 0, 1, '2014-11-03 12:00:00'),
(552, 'pbkdf2_sha256$12000$kZyTLrbGntin$AqOG2W8sGHefEn6UBmoIr8iTwYrU8Epc+Yn1XMlxT7c=', '2014-09-15 10:04:49', 0, 'Sub_552', 'Sub', 'Divisional Engineer', '', 0, 1, '2014-11-03 12:00:00'),
(553, 'pbkdf2_sha256$12000$kZyTLrbGntin$AqOG2W8sGHefEn6UBmoIr8iTwYrU8Epc+Yn1XMlxT7c=', '2014-09-15 10:04:49', 0, 'Principal,_553', 'Principal Bal Bharati Public ', '', '', 0, 1, '2014-11-04 12:00:00'),
(554, 'pbkdf2_sha256$12000$kZyTLrbGntin$AqOG2W8sGHefEn6UBmoIr8iTwYrU8Epc+Yn1XMlxT7c=', '2014-09-15 10:04:49', 0, 'M/S_554', '', '', '', 0, 1, '2014-11-04 12:00:00'),
(555, 'pbkdf2_sha256$12000$kZyTLrbGntin$AqOG2W8sGHefEn6UBmoIr8iTwYrU8Epc+Yn1XMlxT7c=', '2014-09-15 10:04:49', 0, 'Dr._555', 'Dr. Ved', 'Parkash Takkar', '', 0, 1, '2014-11-05 12:00:00'),
(556, 'pbkdf2_sha256$12000$kZyTLrbGntin$AqOG2W8sGHefEn6UBmoIr8iTwYrU8Epc+Yn1XMlxT7c=', '2014-09-15 10:04:49', 0, 'Trust_556', 'Trust', 'Engineer ', '', 0, 1, '2014-11-07 12:00:00'),
(557, 'pbkdf2_sha256$12000$kZyTLrbGntin$AqOG2W8sGHefEn6UBmoIr8iTwYrU8Epc+Yn1XMlxT7c=', '2014-09-15 10:04:49', 0, 'Chief_557', 'Chief', 'Engineer (Civil)', '', 0, 1, '2014-11-07 12:00:00'),
(558, 'pbkdf2_sha256$12000$kZyTLrbGntin$AqOG2W8sGHefEn6UBmoIr8iTwYrU8Epc+Yn1XMlxT7c=', '2014-09-15 10:04:49', 0, 'M/S._558', '', '', '', 0, 1, '2014-11-10 12:00:00'),
(559, 'pbkdf2_sha256$12000$kZyTLrbGntin$AqOG2W8sGHefEn6UBmoIr8iTwYrU8Epc+Yn1XMlxT7c=', '2014-09-15 10:04:49', 0, 'Principal,_559', 'Principal Guru Teg Bahadur Na', '', '', 0, 1, '2014-11-10 12:00:00'),
(560, 'pbkdf2_sha256$12000$kZyTLrbGntin$AqOG2W8sGHefEn6UBmoIr8iTwYrU8Epc+Yn1XMlxT7c=', '2014-09-15 10:04:49', 0, 'Ms._560', 'Ms. Tajinder', 'Kaur', 'kaurtajinder825@gmail.com', 0, 1, '2014-11-10 12:00:00'),
(561, 'pbkdf2_sha256$12000$kZyTLrbGntin$AqOG2W8sGHefEn6UBmoIr8iTwYrU8Epc+Yn1XMlxT7c=', '2014-09-15 10:04:49', 0, 'Ms._561', 'Ms. Harmanpreet', 'Kaur', 'harmanpandher06@gmail.com', 0, 1, '2014-11-10 12:00:00'),
(562, 'pbkdf2_sha256$12000$kZyTLrbGntin$AqOG2W8sGHefEn6UBmoIr8iTwYrU8Epc+Yn1XMlxT7c=', '2014-09-15 10:04:49', 0, 'Ms._562', 'Ms. ', 'Pawandeep Kaur', 'pawangrewal03@yahoo.com', 0, 1, '2014-11-10 12:00:00'),
(563, 'pbkdf2_sha256$12000$kZyTLrbGntin$AqOG2W8sGHefEn6UBmoIr8iTwYrU8Epc+Yn1XMlxT7c=', '2014-09-15 10:04:49', 0, 'Ms/_563', 'Ms/', 'Simarjit Kaur', 'jashanjhally97@gmail.com', 0, 1, '2014-11-10 12:00:00'),
(564, 'pbkdf2_sha256$12000$kZyTLrbGntin$AqOG2W8sGHefEn6UBmoIr8iTwYrU8Epc+Yn1XMlxT7c=', '2014-09-15 10:04:49', 0, 'Mr._564', 'Mr. Harinderpal', 'Singh Cheema', 'er.harindercheema@gmail.com', 0, 1, '2014-11-10 12:00:00'),
(565, 'pbkdf2_sha256$12000$kZyTLrbGntin$AqOG2W8sGHefEn6UBmoIr8iTwYrU8Epc+Yn1XMlxT7c=', '2014-09-15 10:04:49', 0, 'Mr._565', 'Mr. Jasveer', 'Singh', 'jasveermous@gmail.com', 0, 1, '2014-11-10 12:00:00'),
(566, 'pbkdf2_sha256$12000$kZyTLrbGntin$AqOG2W8sGHefEn6UBmoIr8iTwYrU8Epc+Yn1XMlxT7c=', '2014-09-15 10:04:49', 0, 'Mr._566', 'Mr. Gurjinder', 'Singh', 'gary.gurjinder@gmail.com', 0, 1, '2014-11-10 12:00:00'),
(567, 'pbkdf2_sha256$12000$kZyTLrbGntin$AqOG2W8sGHefEn6UBmoIr8iTwYrU8Epc+Yn1XMlxT7c=', '2014-09-15 10:04:49', 0, 'Muncipal_567', 'Muncipal', 'Engineer ', '', 0, 1, '2014-11-10 12:00:00'),
(568, 'pbkdf2_sha256$12000$kZyTLrbGntin$AqOG2W8sGHefEn6UBmoIr8iTwYrU8Epc+Yn1XMlxT7c=', '2014-09-15 10:04:49', 0, 'Mr._568', 'Mr. Avneet', 'Singh', 'avneetsg@gmail.com', 0, 1, '2014-11-10 12:00:00'),
(569, 'pbkdf2_sha256$12000$kZyTLrbGntin$AqOG2W8sGHefEn6UBmoIr8iTwYrU8Epc+Yn1XMlxT7c=', '2014-09-15 10:04:49', 0, 'Mr._569', 'Mr. Gurjant', 'Singh', 'gurjant670574@yahoo.com.in', 0, 1, '2014-11-10 12:00:00'),
(570, 'pbkdf2_sha256$12000$kZyTLrbGntin$AqOG2W8sGHefEn6UBmoIr8iTwYrU8Epc+Yn1XMlxT7c=', '2014-09-15 10:04:49', 0, 'Ms._570', 'Ms. Yadvir', 'Kaur', 'yadvirkaur15@gmail.com', 0, 1, '2014-11-10 12:00:00'),
(571, 'pbkdf2_sha256$12000$kZyTLrbGntin$AqOG2W8sGHefEn6UBmoIr8iTwYrU8Epc+Yn1XMlxT7c=', '2014-09-15 10:04:49', 0, 'Sub_571', 'Sub', 'Divisional Engineer', '', 0, 1, '2014-11-11 12:00:00'),
(572, 'pbkdf2_sha256$12000$kZyTLrbGntin$AqOG2W8sGHefEn6UBmoIr8iTwYrU8Epc+Yn1XMlxT7c=', '2014-09-15 10:04:49', 0, 'A.S.M.,_572', 'A.S.M. ', '', '', 0, 1, '2014-11-11 12:00:00'),
(573, 'pbkdf2_sha256$12000$kZyTLrbGntin$AqOG2W8sGHefEn6UBmoIr8iTwYrU8Epc+Yn1XMlxT7c=', '2014-09-15 10:04:49', 0, 'Mr._573', 'Mr. Jatinder', 'Singh', 'jatinder.saini027@gmail.com', 0, 1, '2014-11-11 12:00:00'),
(574, 'pbkdf2_sha256$12000$kZyTLrbGntin$AqOG2W8sGHefEn6UBmoIr8iTwYrU8Epc+Yn1XMlxT7c=', '2014-09-15 10:04:49', 0, 'Mr._574', 'Mr. Prabhdeep', 'Singh', 'gillprabh282@gmail.com', 0, 1, '2014-11-11 12:00:00'),
(575, 'pbkdf2_sha256$12000$kZyTLrbGntin$AqOG2W8sGHefEn6UBmoIr8iTwYrU8Epc+Yn1XMlxT7c=', '2014-09-15 10:04:49', 0, 'Sh._575', 'Sh. Gurcharan', 'Singh Batth', '', 0, 1, '2014-11-11 12:00:00'),
(576, 'pbkdf2_sha256$12000$kZyTLrbGntin$AqOG2W8sGHefEn6UBmoIr8iTwYrU8Epc+Yn1XMlxT7c=', '2014-09-15 10:04:49', 0, 'Delta_576', '', '', '', 0, 1, '2014-11-14 12:00:00'),
(577, 'pbkdf2_sha256$12000$kZyTLrbGntin$AqOG2W8sGHefEn6UBmoIr8iTwYrU8Epc+Yn1XMlxT7c=', '2014-09-15 10:04:49', 0, 'Mr._577', 'Mr. Ramesh', 'Kumar Engineers & Contractors', 'rameshkansal62@gmail.com', 0, 1, '2014-11-14 12:00:00'),
(578, 'pbkdf2_sha256$12000$kZyTLrbGntin$AqOG2W8sGHefEn6UBmoIr8iTwYrU8Epc+Yn1XMlxT7c=', '2014-09-15 10:04:49', 0, 'S._578', 'S. Joginder', 'Singh Pannu Govt. Contractor', '', 0, 1, '2014-11-14 12:00:00'),
(579, 'pbkdf2_sha256$12000$kZyTLrbGntin$AqOG2W8sGHefEn6UBmoIr8iTwYrU8Epc+Yn1XMlxT7c=', '2014-09-15 10:04:49', 0, 'Muncipal_579', 'Muncipal', 'Engineer ', '', 0, 1, '2014-11-15 12:00:00'),
(580, 'pbkdf2_sha256$12000$kZyTLrbGntin$AqOG2W8sGHefEn6UBmoIr8iTwYrU8Epc+Yn1XMlxT7c=', '2014-09-15 10:04:49', 0, 'Mr._580', 'Mr. Amardeep', 'Singh', '', 0, 1, '2014-11-17 12:00:00'),
(581, 'pbkdf2_sha256$12000$kZyTLrbGntin$AqOG2W8sGHefEn6UBmoIr8iTwYrU8Epc+Yn1XMlxT7c=', '2014-09-15 10:04:49', 0, 'DSP,_581', 'DSP', '', '', 0, 1, '2014-11-17 12:00:00'),
(582, 'pbkdf2_sha256$12000$kZyTLrbGntin$AqOG2W8sGHefEn6UBmoIr8iTwYrU8Epc+Yn1XMlxT7c=', '2014-09-15 10:04:49', 0, 'Sub_582', 'Sub', 'Divisional Engineer', '', 0, 1, '2014-11-18 12:00:00'),
(583, 'pbkdf2_sha256$12000$kZyTLrbGntin$AqOG2W8sGHefEn6UBmoIr8iTwYrU8Epc+Yn1XMlxT7c=', '2014-09-15 10:04:49', 0, 'Head_583', 'Head', 'Engineer (Centaral) ', '', 0, 1, '2014-11-18 12:00:00'),
(584, 'pbkdf2_sha256$12000$kZyTLrbGntin$AqOG2W8sGHefEn6UBmoIr8iTwYrU8Epc+Yn1XMlxT7c=', '2014-09-15 10:04:49', 0, 'M/S_584', '', '', '', 0, 1, '2014-11-18 12:00:00'),
(585, 'pbkdf2_sha256$12000$kZyTLrbGntin$AqOG2W8sGHefEn6UBmoIr8iTwYrU8Epc+Yn1XMlxT7c=', '2014-09-15 10:04:49', 0, 'SDO_585', '', '', '', 0, 1, '2014-11-18 12:00:00'),
(586, 'pbkdf2_sha256$12000$kZyTLrbGntin$AqOG2W8sGHefEn6UBmoIr8iTwYrU8Epc+Yn1XMlxT7c=', '2014-09-15 10:04:49', 0, 'Sub_586', 'Sub', 'Divisional Officer', '', 0, 1, '2014-11-18 12:00:00'),
(587, 'pbkdf2_sha256$12000$kZyTLrbGntin$AqOG2W8sGHefEn6UBmoIr8iTwYrU8Epc+Yn1XMlxT7c=', '2014-09-15 10:04:49', 0, 'M/S_587', '', '', '', 0, 1, '2014-11-19 12:00:00'),
(588, 'pbkdf2_sha256$12000$kZyTLrbGntin$AqOG2W8sGHefEn6UBmoIr8iTwYrU8Epc+Yn1XMlxT7c=', '2014-09-15 10:04:49', 0, 'Principal,_588', 'Principal', '', '', 0, 1, '2014-11-21 12:00:00'),
(589, 'pbkdf2_sha256$12000$kZyTLrbGntin$AqOG2W8sGHefEn6UBmoIr8iTwYrU8Epc+Yn1XMlxT7c=', '2014-09-15 10:04:49', 0, 'Sub_589', 'Sub', 'Divisional Engineer', '', 0, 1, '2014-11-21 12:00:00'),
(590, 'pbkdf2_sha256$12000$kZyTLrbGntin$AqOG2W8sGHefEn6UBmoIr8iTwYrU8Epc+Yn1XMlxT7c=', '2014-09-15 10:04:49', 0, 'Malod_590', '', '', '', 0, 1, '2014-11-21 12:00:00'),
(591, 'pbkdf2_sha256$12000$kZyTLrbGntin$AqOG2W8sGHefEn6UBmoIr8iTwYrU8Epc+Yn1XMlxT7c=', '2014-09-15 10:04:49', 0, 'Ge(P),_591', 'Ge(P)', '', '', 0, 1, '2014-11-21 12:00:00'),
(592, 'pbkdf2_sha256$12000$kZyTLrbGntin$AqOG2W8sGHefEn6UBmoIr8iTwYrU8Epc+Yn1XMlxT7c=', '2014-09-15 10:04:49', 0, 'M/S._592', '', '', '', 0, 1, '2014-11-25 12:00:00'),
(593, 'pbkdf2_sha256$12000$kZyTLrbGntin$AqOG2W8sGHefEn6UBmoIr8iTwYrU8Epc+Yn1XMlxT7c=', '2014-09-15 10:04:49', 0, 'M/S._593', '', '', '', 0, 1, '2014-11-25 12:00:00'),
(594, 'pbkdf2_sha256$12000$kZyTLrbGntin$AqOG2W8sGHefEn6UBmoIr8iTwYrU8Epc+Yn1XMlxT7c=', '2014-09-15 10:04:49', 0, 'Addl._594', 'Addl.', 'Superintending Engineer ', '', 0, 1, '2014-11-25 12:00:00'),
(595, 'pbkdf2_sha256$12000$LCvYThBhIGOg$wOY9aF0KDwKPnMz9O6CbgcV9Bm8L3Me4ukt8xfQlh9Y=', '2015-01-05 10:50:04', 1, 'admin', 'Tcc', 'Admin', 'tcc@gndec.ac.in', 1, 1, '2014-11-27 06:05:53'),
(596, 'pbkdf2_sha256$12000$HsTabTSOXoY8$Daw4Q7WtkWj4h4cGcQZz8sWLZ8FDJ+nbNe+oaEJmjLM=', '2015-01-05 04:20:38', 0, 'kirandeep', 'Kirandeep', 'Kaur', 'tcc@gndec.ac.in', 1, 1, '2014-11-27 06:12:46'),
(597, 'pbkdf2_sha256$12000$D8u3KpnMA0aA$rfL/+xbLVJVC9Zp0TMR9BSxAey+G3sBsca1UOaM5QIg=', '2015-01-05 10:44:41', 1, 'bhagwant', 'Bhagwant', 'Singh', 'tcc@gndec.ac.in', 1, 1, '2014-11-27 06:13:21'),
(598, 'pbkdf2_sha256$12000$RRuILcnOOBP6$csGUNM5CRMPxS5l36Bl4KiyiCfcrLMzx4ShjAq1lilM=', '2015-01-07 05:52:09', 0, 'palwinder', 'Palwinder', 'Singh', 'tcc@gndec.ac.in', 1, 1, '2014-11-27 06:13:38'),
(599, 'pbkdf2_sha256$12000$8a4tFG1hh67p$s93Wbt879HRGdrJ9BP7lyoX8yqBNJWPrOsMi5SZkV2U=', '2014-11-27 06:13:52', 0, 'dhian', 'Dhian', 'Singh', 'tcc@gndec.ac.in', 1, 1, '2014-11-27 06:13:52'),
(600, 'pbkdf2_sha256$12000$a8OLCivanUap$2rd7JAsHGFfT/6u+mMZDZgT67TtQ+vq9jbBMZEIgyn0=', '2014-12-08 05:02:35', 0, 'palwindersinghmaholi', 'Palwinder', 'maholi', '', 0, 1, '2014-12-08 05:02:35'),
(601, 'pbkdf2_sha256$12000$Fex3tHsz4ze0$tQcIlvApuV30z+A4eT0mlamWvH4h+dfQxIWlHHaIQ5o=', '2014-12-10 05:19:36', 0, 'jctlimitedgenralmangerphagwara', 'G.M (Civil Garmenting), ', 'JCT Limited', 'dineshk@jctktd.com', 0, 1, '2014-12-10 05:19:36'),
(602, 'pbkdf2_sha256$12000$hRny8KgoYwsT$zIRNoDOHAWC6aodEHxhWnWIWdZGaPAwVj860CBjpZFg=', '2014-12-20 06:35:56', 0, 'punjabtiles', '', '', 'bal69rajasingh@yahoo.com', 0, 1, '2014-12-20 06:35:56'),
(603, 'pbkdf2_sha256$12000$vzF7AFHuQZu3$8OStGY0xU4YIjy0agQsGnXDljXfHiatwibndXt7CLFw=', '2014-12-22 09:21:15', 0, 'montecarlo', '', '', '', 0, 1, '2014-12-22 09:21:15'),
(604, 'pbkdf2_sha256$12000$0bIzvNP9ibqW$EJRL3VgxWj4b5otjFFKPJn0CoVhSwOz/FS4nAUEeC6k=', '2014-12-22 10:02:22', 0, 'harjinderpal', '', '', '', 0, 1, '2014-12-22 10:02:22'),
(605, 'pbkdf2_sha256$12000$ihUdMfKsJn3Q$eG4r8SrC3krnVd+ISTf+XZOkBxlGi4yFfq/kTSLFy5c=', '2014-12-23 05:37:12', 0, 'Gupinderjitsingh', '', '', '', 0, 1, '2014-12-23 05:37:12'),
(606, 'pbkdf2_sha256$12000$nfgTBcIQvVfu$vaagdGTVE9XSdpUZu0+GdAyZ28PTHuRUJ2CzUXz4204=', '2014-12-23 05:57:20', 0, 'sunilkumar', '', '', '', 0, 1, '2014-12-23 05:57:20'),
(607, 'pbkdf2_sha256$12000$ANl44SIPqp0l$+s9JTFGOjvGa1LUG/5k5KifITSP2OKGZaWpOFY3xv3Y=', '2014-12-23 07:32:55', 0, 'Harjas', '', '', 'harjasruby@gmail.com', 0, 1, '2014-12-23 07:32:55'),
(608, 'pbkdf2_sha256$12000$fZ46xh89mOn5$hD8ixA6RwXGvqsjtEoNuuLEjw+HQMW3ZSJKX4NXot+M=', '2014-12-23 09:07:07', 0, 'Paramjit', '', '', '', 0, 1, '2014-12-23 09:07:07'),
(609, 'pbkdf2_sha256$12000$yGt6MJEr9BKj$pRD5rgfuFOwdaQd62mLd5KgGl1Q3SsCNkWCUxxXuKhs=', '2014-12-23 09:31:21', 0, 'samindiabuilt', '', '', 'info@samindiabuiltwell.com', 0, 1, '2014-12-23 09:31:21'),
(610, 'pbkdf2_sha256$12000$ADRHYpR52Qw8$FaW5NeqzWfuq5bprjrA2YgUGBj6Td5hLE+RaaTbtgUU=', '2014-12-23 09:39:16', 0, 'tarsemkumar', '', '', '', 0, 1, '2014-12-23 09:39:16'),
(611, 'pbkdf2_sha256$12000$LrINgcfaxN9g$tlGHNqClYrJ9/QkUnpBtx8Yrd5Tiv5bSJER7eeUjj74=', '2014-12-26 07:30:34', 0, 'sagarsinghthakur', '', '', '', 0, 1, '2014-12-26 07:30:34'),
(612, 'pbkdf2_sha256$12000$3MaKARWOALpv$qmExeO8dig3nKHddWjXSNjxWjc0HOe3+VaoPNj2f4Ys=', '2014-12-30 12:06:18', 1, 'hsrai', '', '', 'dotorgdotcom@gmail.com', 1, 1, '2014-12-30 09:38:20'),
(613, 'pbkdf2_sha256$12000$uQe6ww5S9ndu$35FY7vVGK6UqQL0r3wh71jBjtUxttkGIVjkucDV9yzk=', '2015-01-01 06:27:37', 0, 'chetandhiman', '', '', 'chetan.dhiman24@gmail.com', 0, 1, '2015-01-01 06:27:37'),
(614, 'pbkdf2_sha256$12000$yFccWT4ToL3m$lzlpkbhysFMOgpYobmnXI83ZaLmP6HagxnWl5G8cAsI=', '2015-01-01 07:11:05', 0, 'sunilgargkumar', '', '', '', 0, 1, '2015-01-01 07:11:05'),
(615, 'pbkdf2_sha256$12000$Nab6kzgaNa7n$DQ4CCFfpBjhq7eK/vlXOU/bEUX4w0uA6bXL0nBpaE0E=', '2015-01-01 10:03:25', 0, 'SekhonConstructions', '', '', 'scdpl76@rediffmail.com', 0, 1, '2015-01-01 10:03:25'),
(616, 'pbkdf2_sha256$12000$cr8Zku9uA9eG$YV6rcUoU8rA63QpxYpW9g6N8fXIze1UsiTB5Qmd4ZY8=', '2015-01-02 04:38:10', 0, 'akshay', '', '', 'akshaykaushal111@gmail.com', 0, 1, '2015-01-02 04:38:10'),
(617, 'pbkdf2_sha256$12000$5hey6stZTN86$+VeLGHjYKkCluoMNFw9QokLXIzDIHMJqaQHMq2hNTzY=', '2015-01-02 07:30:05', 0, 'municipalcouncil', '', '', '', 0, 1, '2015-01-02 07:30:05'),
(618, 'pbkdf2_sha256$12000$VpORj8XHAjSo$GgBuSyLkpGwYSKa9akHTpCP3ZrFk3efA+XFCtmNWYUo=', '2015-01-02 09:14:22', 0, 'nawanshahrpowerpvtltd', '', '', '', 0, 1, '2015-01-02 09:14:22'),
(619, 'pbkdf2_sha256$12000$t2amPCbcUk4m$hMmcx/1Ehc0XATLSKfImcnqUXtQ3ucNr+DyYGkcEHQA=', '2015-01-02 09:23:28', 0, 'capitalpower', '', '', '', 0, 1, '2015-01-02 09:23:28'),
(620, 'pbkdf2_sha256$12000$nWyG48fj71Ik$uzyCYEZHNN3zWCYVUj1l/YDOz4nBWXa9kZVa79cqLp0=', '2015-01-02 10:59:57', 0, 'Punjabmandiboard', '', '', '', 0, 1, '2015-01-02 10:59:57'),
(621, 'pbkdf2_sha256$12000$wEKCLGUxRLqj$o2gOzzMyaQTFHSpQ9EkPnPe8O6LbB7TCva+/VaFUIvM=', '2015-01-05 06:08:39', 0, 'batthinterlocktiles', '', '', '', 0, 1, '2015-01-05 06:08:39'),
(622, 'pbkdf2_sha256$12000$fvr27vTyEKPW$WQ+jUaL93HgagVqzCvLwpCEwAygBv65QVvrErzlOc4k=', '2015-01-06 05:34:29', 0, 'stjohnpaulbarnala', '', '', '', 0, 1, '2015-01-06 05:34:29'),
(623, 'pbkdf2_sha256$12000$PII0Vaql18s4$E/u5raRrzUUPL9aSFOfd58x4KEeOeEnfteCC242skWI=', '2015-01-07 04:00:54', 0, 'herorealtylimited', '', '', '', 0, 1, '2015-01-07 04:00:54'),
(624, 'pbkdf2_sha256$12000$OaCGxuaE2GG0$Kp8N95mbuW8kppvg4Rv6cnOxlyhYgkL2Oc9qQlbhOww=', '2015-01-07 06:48:07', 0, 'pyetoolspvtltd', '', '', '', 0, 1, '2015-01-07 06:48:07');

-- --------------------------------------------------------

--
-- Table structure for table `auth_user_groups`
--

CREATE TABLE IF NOT EXISTS `auth_user_groups` (
  `id` int(11) NOT NULL AUTO_INCREMENT,
  `user_id` int(11) NOT NULL,
  `group_id` int(11) NOT NULL,
  PRIMARY KEY (`id`),
  UNIQUE KEY `user_id` (`user_id`,`group_id`),
  KEY `auth_user_groups_e8701ad4` (`user_id`),
  KEY `auth_user_groups_0e939a4f` (`group_id`)
) ENGINE=InnoDB  DEFAULT CHARSET=latin1 AUTO_INCREMENT=8 ;

--
-- Dumping data for table `auth_user_groups`
--

INSERT INTO `auth_user_groups` (`id`, `user_id`, `group_id`) VALUES
(3, 461, 1),
(5, 462, 1),
(6, 596, 1),
(7, 598, 1);

-- --------------------------------------------------------

--
-- Table structure for table `auth_user_user_permissions`
--

CREATE TABLE IF NOT EXISTS `auth_user_user_permissions` (
  `id` int(11) NOT NULL AUTO_INCREMENT,
  `user_id` int(11) NOT NULL,
  `permission_id` int(11) NOT NULL,
  PRIMARY KEY (`id`),
  UNIQUE KEY `user_id` (`user_id`,`permission_id`),
  KEY `auth_user_user_permissions_e8701ad4` (`user_id`),
  KEY `auth_user_user_permissions_8373b171` (`permission_id`)
) ENGINE=InnoDB  DEFAULT CHARSET=latin1 AUTO_INCREMENT=2 ;

--
-- Dumping data for table `auth_user_user_permissions`
--

INSERT INTO `auth_user_user_permissions` (`id`, `user_id`, `permission_id`) VALUES
(1, 2, 7);

-- --------------------------------------------------------

--
-- Table structure for table `bills_noteline`
--

CREATE TABLE IF NOT EXISTS `bills_noteline` (
  `id` int(11) NOT NULL AUTO_INCREMENT,
  `note` varchar(400) NOT NULL,
  `is_permanent` tinyint(1) NOT NULL,
  PRIMARY KEY (`id`)
) ENGINE=InnoDB  DEFAULT CHARSET=latin1 AUTO_INCREMENT=7 ;

--
-- Dumping data for table `bills_noteline`
--

INSERT INTO `bills_noteline` (`id`, `note`, `is_permanent`) VALUES
(1, 'Payment may be made vide D.D./Cash/RTGS in favour of Director/Principal, Guru Nanak Dev Engg. College, Ludhiana.', 1),
(2, 'The work shall be done on the Receipt of this payment.', 1),
(3, 'Three Labourers for soil testing work to be provided by the Department/Client at each site.', 0),
(5, 'The Car/Taxi provided by the department/client.', 0),
(6, 'The loaded Truck for plate load testing provided by the Department/Client.', 0);

-- --------------------------------------------------------

--
-- Table structure for table `bills_quotedbill`
--

CREATE TABLE IF NOT EXISTS `bills_quotedbill` (
  `id` int(11) NOT NULL AUTO_INCREMENT,
  `quoted_order_id` int(11) NOT NULL,
  `delivery_charges` int(11) NOT NULL,
  `total_cost` int(11) NOT NULL,
  `totalplusdelivery` int(11) NOT NULL,
  `total_tax` int(11) NOT NULL,
  `grand_total` int(11) NOT NULL,
  `amount_received` int(11) NOT NULL,
  PRIMARY KEY (`id`),
  KEY `bills_quotedbill_d04dd2a9` (`quoted_order_id`)
) ENGINE=InnoDB  DEFAULT CHARSET=latin1 AUTO_INCREMENT=11 ;

--
-- Dumping data for table `bills_quotedbill`
--

INSERT INTO `bills_quotedbill` (`id`, `quoted_order_id`, `delivery_charges`, `total_cost`, `totalplusdelivery`, `total_tax`, `grand_total`, `amount_received`) VALUES
(1, 1, 0, 60000, 60000, 7416, 67416, 67416),
(2, 2, 0, 25000, 25000, 3090, 28090, 28090),
(3, 3, 0, 33600, 33600, 4153, 37753, 37753),
(4, 4, 0, 3800, 3800, 470, 4270, 4270),
(5, 5, 3000, 18000, 21000, 2595, 23595, 23595),
(6, 6, 9000, 72000, 81000, 10011, 91011, 91011),
(7, 7, 0, 30000, 30000, 3708, 33708, 33708),
(8, 8, 3000, 24000, 27000, 3337, 30337, 30337),
(10, 9, 0, 70000, 70000, 8652, 78652, 78652);

-- --------------------------------------------------------

--
-- Table structure for table `bills_quoteditem`
--

CREATE TABLE IF NOT EXISTS `bills_quoteditem` (
  `id` int(11) NOT NULL AUTO_INCREMENT,
  `quoted_order_id` int(11) NOT NULL,
  `price_per_unit` int(11) NOT NULL,
  `qty` int(11) NOT NULL,
  `price` int(11) NOT NULL,
  `item_id` int(11) NOT NULL,
  PRIMARY KEY (`id`),
  KEY `bills_quoteditem_d04dd2a9` (`quoted_order_id`),
  KEY `bills_quoteditem_0a47aae8` (`item_id`)
) ENGINE=InnoDB  DEFAULT CHARSET=latin1 AUTO_INCREMENT=27 ;

--
-- Dumping data for table `bills_quoteditem`
--

INSERT INTO `bills_quoteditem` (`id`, `quoted_order_id`, `price_per_unit`, `qty`, `price`, `item_id`) VALUES
(1, 1, 60000, 1, 60000, 963),
(2, 2, 15000, 1, 15000, 964),
(3, 2, 10000, 1, 10000, 344),
(4, 3, 1500, 1, 1500, 316),
(5, 3, 2500, 1, 2500, 466),
(6, 3, 1500, 1, 1500, 585),
(7, 3, 1500, 1, 1500, 587),
(8, 3, 1500, 1, 1500, 586),
(9, 3, 1500, 1, 1500, 592),
(10, 3, 1500, 1, 1500, 591),
(11, 3, 2500, 1, 2500, 589),
(12, 3, 800, 2, 1600, 552),
(13, 3, 8000, 1, 8000, 341),
(14, 3, 10000, 1, 10000, 344),
(15, 4, 3000, 1, 3000, 747),
(16, 4, 800, 1, 800, 751),
(17, 5, 6000, 3, 18000, 875),
(18, 6, 6000, 5, 30000, 875),
(19, 6, 15000, 1, 15000, 974),
(20, 6, 27000, 1, 27000, 984),
(21, 7, 30000, 1, 30000, 1008),
(22, 8, 6000, 4, 24000, 875),
(23, 9, 15000, 1, 15000, 345),
(24, 9, 15000, 1, 15000, 330),
(25, 9, 20000, 1, 20000, 1013),
(26, 9, 20000, 1, 20000, 1014);

-- --------------------------------------------------------

--
-- Table structure for table `bills_quotedorder`
--

CREATE TABLE IF NOT EXISTS `bills_quotedorder` (
  `id` int(11) NOT NULL AUTO_INCREMENT,
  `buyer_id` int(11) NOT NULL,
  `is_debit` tinyint(1) NOT NULL,
  `reference` varchar(200) NOT NULL,
  `reference_date` date NOT NULL,
  `delivery_address` varchar(500) DEFAULT NULL,
  `organisation_id` int(11) NOT NULL,
  `date_time` date NOT NULL,
  `total_discount` int(11) NOT NULL,
  `cheque_dd_number` varchar(50) NOT NULL,
  `cheque_dd_date` date DEFAULT NULL,
  `is_active` tinyint(1) NOT NULL,
  PRIMARY KEY (`id`),
  KEY `bills_quotedorder_f56062d8` (`buyer_id`),
  KEY `bills_quotedorder_98ab8dfd` (`organisation_id`)
) ENGINE=InnoDB  DEFAULT CHARSET=latin1 AUTO_INCREMENT=10 ;

--
-- Dumping data for table `bills_quotedorder`
--

INSERT INTO `bills_quotedorder` (`id`, `buyer_id`, `is_debit`, `reference`, `reference_date`, `delivery_address`, `organisation_id`, `date_time`, `total_discount`, `cheque_dd_number`, `cheque_dd_date`, `is_active`) VALUES
(1, 329, 0, 'Nil', '2014-12-22', 'Rajgarh Fusion at Chandigarh Road, Ludhiana', 1, '2014-12-22', 0, '', NULL, 1),
(2, 604, 0, '2614', '2014-10-31', 'Dhangu Road, Pathankot', 1, '2014-12-22', 0, '', NULL, 1),
(3, 398, 0, 'L&T/40MLD/LE140773/14-15/01', '2014-12-04', '40 MLD CETP, Ludhiana', 1, '2014-12-23', 0, '', NULL, 1),
(4, 609, 0, 'SAM/ASR/116', '2014-12-22', 'Central Sudhar Ghar at Amritsar', 1, '2014-12-23', 0, '', NULL, 1),
(5, 31, 0, '82/4081', '2014-11-27', 'Gurudwara Chulla Sahib Baba Jassa Singh Ji Kotkapura, Faridkot', 1, '2014-12-24', 0, '', NULL, 1),
(6, 615, 0, 'Nil', '2015-01-01', 'Construction of 5 High Rise Towers at Delta City, Ludhiana', 1, '2015-01-01', 0, '', NULL, 1),
(7, 618, 0, 'nil', '2015-01-02', 'Power Plant at Nawanshahr Suger Mill,  Nawanshahr', 1, '2015-01-02', 0, '', NULL, 1),
(8, 622, 0, 'E-mail', '2015-01-05', 'Church Complex at Barnala', 1, '2015-01-06', 0, '', NULL, 1),
(9, 30, 0, 'Nil', '2015-01-06', '', 1, '2015-01-07', 0, '', NULL, 1);

-- --------------------------------------------------------

--
-- Table structure for table `bills_quotedordernote`
--

CREATE TABLE IF NOT EXISTS `bills_quotedordernote` (
  `id` int(11) NOT NULL AUTO_INCREMENT,
  `quoted_order_id` int(11) NOT NULL,
  `note` varchar(400) NOT NULL,
  PRIMARY KEY (`id`),
  KEY `bills_quotedordernote_d04dd2a9` (`quoted_order_id`)
) ENGINE=InnoDB  DEFAULT CHARSET=latin1 AUTO_INCREMENT=2 ;

--
-- Dumping data for table `bills_quotedordernote`
--

INSERT INTO `bills_quotedordernote` (`id`, `quoted_order_id`, `note`) VALUES
(1, 5, 'Three Labourers for soil testing work to be provided by the Department/Client at each site.');

-- --------------------------------------------------------

--
-- Table structure for table `bills_quotedorderofsession`
--

CREATE TABLE IF NOT EXISTS `bills_quotedorderofsession` (
  `id` int(11) NOT NULL AUTO_INCREMENT,
  `quoted_order_id` int(11) NOT NULL,
  `quoted_order_session` int(11) NOT NULL,
  `session_id` int(11) NOT NULL,
  PRIMARY KEY (`id`),
  KEY `bills_quotedorderofsession_d04dd2a9` (`quoted_order_id`),
  KEY `bills_quotedorderofsession_a4c07742` (`session_id`)
) ENGINE=InnoDB  DEFAULT CHARSET=latin1 AUTO_INCREMENT=10 ;

--
-- Dumping data for table `bills_quotedorderofsession`
--

INSERT INTO `bills_quotedorderofsession` (`id`, `quoted_order_id`, `quoted_order_session`, `session_id`) VALUES
(1, 1, 181, 1),
(2, 2, 182, 1),
(3, 3, 183, 1),
(4, 4, 184, 1),
(5, 5, 185, 1),
(6, 6, 186, 1),
(7, 7, 187, 1),
(8, 8, 188, 1),
(9, 9, 189, 1);

-- --------------------------------------------------------

--
-- Table structure for table `bills_quotedtaxesapplied`
--

CREATE TABLE IF NOT EXISTS `bills_quotedtaxesapplied` (
  `id` int(11) NOT NULL AUTO_INCREMENT,
  `quoted_order_id` int(11) NOT NULL,
  `surcharge_id` int(11) NOT NULL,
  `tax` int(11) NOT NULL,
  PRIMARY KEY (`id`),
  KEY `bills_quotedtaxesapplied_d04dd2a9` (`quoted_order_id`),
  KEY `bills_quotedtaxesapplied_2811d044` (`surcharge_id`)
) ENGINE=InnoDB  DEFAULT CHARSET=latin1 AUTO_INCREMENT=31 ;

--
-- Dumping data for table `bills_quotedtaxesapplied`
--

INSERT INTO `bills_quotedtaxesapplied` (`id`, `quoted_order_id`, `surcharge_id`, `tax`) VALUES
(1, 1, 1, 7200),
(2, 1, 3, 144),
(3, 1, 4, 72),
(4, 2, 1, 3000),
(5, 2, 3, 60),
(6, 2, 4, 30),
(7, 3, 1, 4032),
(8, 3, 3, 81),
(9, 3, 4, 40),
(10, 4, 1, 456),
(11, 4, 3, 9),
(12, 4, 4, 5),
(13, 5, 1, 2520),
(14, 5, 3, 50),
(15, 5, 4, 25),
(16, 6, 1, 9720),
(17, 6, 3, 194),
(18, 6, 4, 97),
(19, 7, 1, 3600),
(20, 7, 3, 72),
(21, 7, 4, 36),
(22, 8, 1, 3240),
(23, 8, 3, 65),
(24, 8, 4, 32),
(28, 9, 1, 8400),
(29, 9, 3, 168),
(30, 9, 4, 84);

-- --------------------------------------------------------

--
-- Table structure for table `catalog_attributes`
--

CREATE TABLE IF NOT EXISTS `catalog_attributes` (
  `id` int(11) NOT NULL AUTO_INCREMENT,
  `name` varchar(200) NOT NULL,
  `is_number` tinyint(1) NOT NULL,
  `is_string` tinyint(1) NOT NULL,
  PRIMARY KEY (`id`)
) ENGINE=InnoDB  DEFAULT CHARSET=latin1 AUTO_INCREMENT=8 ;

--
-- Dumping data for table `catalog_attributes`
--

INSERT INTO `catalog_attributes` (`id`, `name`, `is_number`, `is_string`) VALUES
(1, 'Depth of Investigation(m)', 1, 0),
(2, 'Sample Qty', 1, 0),
(3, 'Cement', 0, 1),
(4, 'Sand', 0, 1),
(5, 'Aggregate', 0, 1),
(6, 'Fly Ash', 0, 1),
(7, 'Area', 0, 1);

-- --------------------------------------------------------

--
-- Table structure for table `catalog_bill`
--

CREATE TABLE IF NOT EXISTS `catalog_bill` (
  `id` int(11) NOT NULL AUTO_INCREMENT,
  `purchase_order_id` int(11) NOT NULL,
  `delivery_charges` int(11) NOT NULL,
  `total_cost` int(11) NOT NULL,
  `totalplusdelivery` int(11) NOT NULL,
  `total_tax` int(11) NOT NULL,
  `grand_total` int(11) NOT NULL,
  `amount_received` int(11) NOT NULL,
  PRIMARY KEY (`id`),
  KEY `catalog_bill_d30b3b8b` (`purchase_order_id`)
) ENGINE=InnoDB  DEFAULT CHARSET=latin1 AUTO_INCREMENT=45 ;

--
-- Dumping data for table `catalog_bill`
--

INSERT INTO `catalog_bill` (`id`, `purchase_order_id`, `delivery_charges`, `total_cost`, `totalplusdelivery`, `total_tax`, `grand_total`, `amount_received`) VALUES
(1, 1, 0, 600, 600, 74, 674, 674),
(2, 2, 3000, 30000, 33000, 4079, 37079, 36337),
(3, 3, 6000, 39000, 45000, 5562, 50562, 50562),
(4, 4, 0, 3000, 3000, 371, 3371, 3371),
(5, 5, 3000, 6000, 9000, 1113, 10113, 10113),
(6, 6, 0, 600, 600, 74, 674, 674),
(7, 7, 0, 2100, 2100, 260, 2360, 2360),
(8, 8, 0, 4500, 4500, 556, 5056, 5056),
(9, 9, 0, 2500, 2500, 309, 2809, 2809),
(10, 10, 0, 8000, 8000, 989, 8989, 8989),
(11, 11, 0, 5000, 5000, 618, 5618, 5618),
(12, 12, 0, 1000, 1000, 123, 1123, 1123),
(13, 13, 0, 2100, 2100, 260, 2360, 2360),
(14, 14, 0, 14685, 14685, 1815, 16500, 16500),
(15, 15, 0, 1000, 1000, 123, 1123, 1123),
(16, 16, 0, 2400, 2400, 297, 2697, 2697),
(17, 17, 0, 15200, 15200, 1878, 17078, 15370),
(18, 18, 0, 7400, 7400, 915, 8315, 8315),
(19, 19, 0, 3800, 3800, 470, 4270, 4270),
(20, 20, 0, 73870, 73870, 9130, 83000, 83000),
(21, 21, 0, 2500, 2500, 309, 2809, 2809),
(22, 22, 0, 6300, 6300, 779, 7079, 7079),
(24, 24, 0, 25000, 25000, 3090, 28090, 28090),
(25, 25, 0, 44100, 44100, 5451, 49551, 49551),
(26, 26, 0, 9000, 9000, 1113, 10113, 10113),
(27, 27, 0, 1000, 1000, 123, 1123, 1123),
(28, 28, 0, 1200, 1200, 148, 1348, 1348),
(29, 29, 0, 900, 900, 111, 1011, 1011),
(30, 30, 9000, 72000, 81000, 10011, 91011, 91011),
(31, 31, 0, 500, 500, 62, 562, 562),
(32, 32, 0, 5200, 5200, 642, 5842, 5842),
(33, 33, 0, 500, 500, 62, 562, 562),
(34, 34, 0, 300, 300, 37, 337, 337),
(35, 35, 0, 500, 500, 62, 562, 562),
(36, 36, 0, 500, 500, 62, 562, 562),
(37, 37, 0, 500, 500, 62, 562, 562),
(38, 38, 0, 500, 500, 62, 562, 562),
(39, 39, 0, 500, 500, 62, 562, 562),
(40, 40, 0, 500, 500, 62, 562, 562),
(41, 41, 0, 500, 500, 62, 562, 562),
(42, 42, 0, 500, 500, 62, 562, 562),
(43, 43, 0, 500, 500, 62, 562, 562),
(44, 44, 0, 1000, 1000, 123, 1123, 1123);

-- --------------------------------------------------------

--
-- Table structure for table `catalog_catalog`
--

CREATE TABLE IF NOT EXISTS `catalog_catalog` (
  `id` int(11) NOT NULL AUTO_INCREMENT,
  `attribute_id` int(11) NOT NULL,
  `value` varchar(200) NOT NULL,
  `product_id` int(11) NOT NULL,
  PRIMARY KEY (`id`),
  KEY `catalog_catalog_6761a259` (`attribute_id`),
  KEY `catalog_catalog_7f1b40ad` (`product_id`)
) ENGINE=InnoDB  DEFAULT CHARSET=latin1 AUTO_INCREMENT=804 ;

--
-- Dumping data for table `catalog_catalog`
--

INSERT INTO `catalog_catalog` (`id`, `attribute_id`, `value`, `product_id`) VALUES
(2, 1, '10', 2),
(3, 1, '10', 3),
(4, 1, '10', 4),
(5, 1, '10', 5),
(6, 1, '10', 6),
(7, 1, '10', 7),
(8, 1, '12', 8),
(9, 1, '12', 9),
(10, 1, '12', 10),
(11, 1, '12', 11),
(12, 1, '12', 12),
(13, 1, '12', 13),
(14, 1, '12', 14),
(15, 1, '12', 15),
(16, 1, '15', 16),
(17, 1, '15', 17),
(18, 2, '5-10 Litres', 18),
(19, 2, '5-10 Litres', 19),
(20, 2, '5-10 Litres', 20),
(21, 2, '5-10 Litres', 21),
(22, 2, '5-10 Litres', 22),
(23, 2, '5-10 Litres', 23),
(24, 2, '5-10 Litres', 24),
(25, 2, '5-10 Litres', 25),
(27, 2, '15 Kg', 27),
(29, 2, '15 Kg', 29),
(31, 2, '15 Kg', 31),
(33, 2, '15 Kg', 33),
(37, 2, '15 Kg', 37),
(39, 2, '15 Kg', 39),
(54, 2, '5-10 Litres', 54),
(58, 2, '5-10 Litres', 58),
(63, 2, '5-10 Litres', 63),
(65, 2, '5-10 Litres', 65),
(69, 2, '1 Set (3 Cubes)', 69),
(70, 2, '1 Set (3 Cubes)', 70),
(75, 2, '5-10 Litres', 75),
(78, 2, '5-10 Litres', 78),
(90, 2, '3 Kg', 90),
(111, 2, '5-10 Litres', 113),
(112, 2, '5-10 Litres', 114),
(113, 2, '5-10 Litres', 115),
(114, 2, '5-10 Litres', 116),
(115, 2, '5-10 Litres', 117),
(116, 2, '5-10 Litres', 118),
(117, 2, '5-10 Litres', 119),
(118, 2, '5-10 Litres', 120),
(119, 2, '5-10 Litres', 121),
(120, 2, '5-10 Litres', 122),
(121, 2, '5-10 Litres', 123),
(122, 2, '5-10 Litres', 124),
(123, 2, '5-10 Litres', 125),
(124, 2, '5-10 Litres', 126),
(125, 2, '5-10 Litres', 127),
(126, 2, '5-10 Litres', 128),
(127, 2, '5-10 Litres', 129),
(128, 2, '5-10 Litres', 130),
(129, 2, '5-10 Litres', 131),
(130, 2, '5-10 Litres', 132),
(131, 2, '5-10 Litres', 133),
(132, 2, '5-10 Litres', 134),
(133, 2, '5-10 Litres', 135),
(134, 2, '5-10 Litres', 136),
(135, 2, '5-10 Litres', 137),
(136, 2, '5-10 Litres', 138),
(137, 2, '5-10 Litres', 139),
(138, 2, '5-10 Litres', 140),
(139, 2, '5-10 Litres', 141),
(140, 2, '5-10 Litres', 142),
(149, 2, '5-10 Litres', 151),
(154, 2, '5-10 Litres', 156),
(155, 2, '5-10 Litres', 157),
(156, 2, '5-10 Litres', 158),
(159, 2, '500', 161),
(162, 2, '5-10 Litres', 164),
(164, 2, '3 Kg', 166),
(165, 2, '5-10 Litres', 167),
(170, 2, '5-10 Litres', 172),
(181, 2, '5-10 Litres', 181),
(187, 2, '5-10 Litres', 187),
(188, 2, '5-10 Litres', 188),
(189, 2, '5-10 Litres', 189),
(190, 2, '10', 190),
(191, 2, '10', 191),
(196, 2, '5-10 Litres', 196),
(197, 2, '1', 197),
(198, 2, '1', 198),
(199, 2, '1', 199),
(200, 2, '1', 200),
(201, 2, '1', 201),
(202, 2, '5-10 Litres', 202),
(203, 2, '5-10 Litres', 203),
(204, 2, '5-10 Litres', 204),
(205, 2, '5-10 Litres', 205),
(206, 2, '5-10 Litres', 206),
(207, 2, '5-10 Litres', 207),
(208, 2, '5-10 Litres', 208),
(212, 2, '5-10 Litres', 210),
(213, 2, '5-10 Litres', 211),
(214, 2, '5-10 Litres', 212),
(215, 2, '5-10 Litres', 213),
(216, 2, '5-10 Litres', 214),
(217, 2, '5-10 Litres', 215),
(218, 2, '5-10 Litres', 216),
(219, 2, '5-10 Litres', 217),
(220, 2, '5-10 Litres', 218),
(221, 2, '5-10 Litres', 219),
(223, 2, '5-10 Litres', 220),
(224, 2, '5-10 Litres', 221),
(225, 2, '5-10 Litres', 222),
(226, 2, '5-10 Litres', 223),
(227, 2, '5-10 Litres', 224),
(228, 2, '5-10 Litres', 225),
(233, 2, '5-10 Litres', 227),
(234, 2, '5-10 Litres', 228),
(235, 2, '5-10 Litres', 229),
(236, 3, '1 Bag', 230),
(237, 4, '2 Bags', 230),
(238, 5, '2 Bags', 230),
(239, 6, '1 Bag', 230),
(240, 3, '1 Bag', 231),
(241, 4, '2 Bags', 231),
(242, 5, '1 Bag', 231),
(243, 6, '1 Bag', 231),
(244, 2, '5-10 Litres', 232),
(253, 2, '5-10 Litres', 235),
(254, 3, '1 Bag', 236),
(255, 4, '2 Bags', 236),
(256, 5, '2 Bags', 236),
(257, 6, '1 Bag', 236),
(258, 2, '5-10 Litres', 237),
(259, 2, '5-10 Litres', 238),
(260, 2, '5-10 Litres', 239),
(261, 2, '5-10 Litres', 240),
(262, 3, '1 Bag', 241),
(263, 4, '2 Bags', 241),
(264, 5, '2 Bags', 241),
(265, 6, '1 Bag', 241),
(266, 2, '5-10 Litres', 242),
(267, 2, '5-10 Litres', 243),
(268, 2, '5-10 Litres', 244),
(269, 2, '5-10 Litres', 245),
(270, 2, '5-10 Litres', 246),
(271, 2, '5-10 Litres', 247),
(272, 2, '5-10 Litres', 248),
(273, 2, '5-10 Litres', 249),
(274, 2, '5-10 Litres', 250),
(275, 2, '5-10 Litres', 251),
(276, 2, '5-10 Litres', 252),
(277, 2, '5-10 Litres', 253),
(278, 2, '5-10 Litres', 254),
(279, 2, '5-10 Litres', 255),
(280, 2, '5-10 Litres', 256),
(281, 2, '5-10 Litres', 257),
(282, 2, '5-10 Litres', 258),
(283, 2, '5-10 Litres', 259),
(284, 2, '5-10 Litres', 260),
(285, 2, '5-10 Litres', 261),
(286, 2, '5-10 Litres', 262),
(287, 2, '5-10 Litres', 263),
(288, 2, '5-10 Litres', 264),
(289, 2, '5-10 Litres', 265),
(290, 2, '5-10 Litres', 266),
(291, 2, '5-10 Litres', 267),
(292, 2, '5-10 Litres', 268),
(293, 2, '5-10 Litres', 269),
(294, 2, '5-10 Litres', 270),
(295, 2, '5-10 Litres', 271),
(296, 2, '5-10 Litres', 272),
(297, 2, '5-10 Litres', 273),
(298, 2, '5-10 Litres', 274),
(299, 2, '5-10 Litres', 275),
(300, 2, '5-10 Litres', 276),
(301, 2, '5-10 Litres', 277),
(302, 2, '5-10 Litres', 278),
(303, 2, '5-10 Litres', 279),
(304, 2, '5-10 Litres', 280),
(305, 2, '5-10 Litres', 281),
(306, 2, '5-10 Litres', 282),
(307, 2, '5-10 Litres', 283),
(308, 2, '5-10 Litres', 284),
(309, 2, '5-10 Litres', 285),
(310, 2, '5-10 Litres', 286),
(311, 2, '5-10 Litres', 287),
(312, 2, '5-10 Litres', 288),
(313, 2, '5-10 Litres', 289),
(314, 2, '5-10 Litres', 290),
(315, 2, '5-10 Litres', 291),
(316, 2, '5-10 Litres', 292),
(317, 2, '5-10 Litres', 293),
(318, 2, '5-10 Litres', 294),
(319, 2, '5-10 Litres', 295),
(320, 2, '5-10 Litres', 296),
(321, 2, '5-10 Litres', 297),
(322, 2, '5-10 Litres', 298),
(323, 2, '5-10 Litres', 299),
(324, 2, '5-10 Litres', 300),
(325, 2, '5-10 Litres', 301),
(326, 2, '5-10 Litres', 302),
(327, 2, '5-10 Litres', 303),
(328, 3, '1 Bag', 304),
(329, 4, '2 Bags', 304),
(330, 5, '2 Bags', 304),
(331, 6, '1 Bag', 304),
(332, 2, '5-10 Litres', 305),
(333, 2, '5-10 Litres', 306),
(334, 3, '1 Bag', 307),
(335, 4, '2 Bags', 307),
(336, 5, '2 Bags', 307),
(337, 6, '1 Bag', 307),
(338, 2, '5-10 Litres', 308),
(339, 2, '5-10 Litres', 309),
(340, 3, '1 Bag', 310),
(341, 4, '2 Bags', 310),
(342, 5, '2 Bags', 310),
(343, 6, '1 Bag', 310),
(344, 2, '5-10 Litres', 311),
(345, 3, '1 Bag', 312),
(346, 4, '2 Bags', 312),
(347, 5, '2 Bags', 312),
(348, 6, '1 Bag', 312),
(353, 2, '5-10 Litres', 314),
(354, 3, '1 Bag', 315),
(355, 4, '2 Bags', 315),
(356, 5, '2 Bags', 315),
(358, 2, '5-10 Litres', 316),
(359, 3, '1 Bag', 317),
(360, 4, '2 Bags', 317),
(361, 5, '2 Bags', 317),
(363, 3, '1 Bag', 318),
(364, 4, '2 Bags', 318),
(365, 5, '2 Bags', 318),
(368, 3, '1 Bag', 320),
(369, 4, '2 Bags', 320),
(370, 5, '2 Bags', 320),
(371, 6, '1 Bag', 320),
(373, 3, '1 Bag', 322),
(374, 4, '2 Bags', 322),
(375, 5, '2 Bags', 322),
(379, 3, '1 Bag', 325),
(380, 4, '2 Bags', 325),
(381, 5, '2 Bags', 325),
(383, 3, '1 Bag', 326),
(384, 4, '2 Bags', 326),
(385, 5, '2 Bags', 326),
(395, 3, '1 Bag', 329),
(396, 4, '2 Bags', 329),
(397, 5, '2 Bags', 329),
(398, 6, '1 Bag', 329),
(399, 3, '1 Bag', 330),
(400, 4, '2 Bags', 330),
(401, 5, '2 Bags', 330),
(402, 6, '1 Bag', 330),
(408, 3, '1 Bag', 333),
(409, 4, '2 Bags', 333),
(410, 5, '2 Bags', 333),
(411, 6, '1 Bag', 333),
(412, 3, '1 Bag', 334),
(413, 4, '2 Bags', 334),
(414, 5, '2 Bags', 334),
(415, 6, '1 Bag', 334),
(417, 2, '5 Kg', 336),
(418, 3, '1 Bag', 337),
(419, 4, '2 Bags', 337),
(420, 5, '2 Bags', 337),
(421, 6, '1 Bag', 337),
(425, 3, '1 Bag', 339),
(426, 4, '2 Bags', 339),
(427, 5, '2 Bags', 339),
(428, 3, '1 Bag', 340),
(429, 4, '2 Bags', 340),
(430, 5, '2 Bags', 340),
(431, 3, '1 Bag', 341),
(432, 4, '2 Bags', 341),
(433, 5, '2 Bags', 341),
(434, 3, '1 Bag', 342),
(435, 4, '2 Bags', 342),
(436, 5, '2 Bags', 342),
(437, 3, '1 Bag', 343),
(438, 4, '2 Bags', 343),
(439, 5, '2 Bags', 343),
(440, 3, '1 Bag', 344),
(441, 4, '2 Bags', 344),
(442, 5, '2 Bags', 344),
(443, 3, '1 Bag', 345),
(444, 4, '2 Bags', 345),
(445, 5, '2 Bags', 345),
(446, 2, '1 Piece', 346),
(448, 2, '5 Kg', 348),
(449, 2, '5 Kg', 349),
(450, 2, '1 No.', 350),
(451, 2, '1 No.', 351),
(452, 2, '1 No.', 352),
(453, 2, '1 No.', 353),
(454, 2, '1 No.', 354),
(455, 2, '1 No.', 355),
(504, 3, '1 Bag', 404),
(505, 4, '2 Bags', 404),
(506, 5, '2 Bags', 404),
(507, 2, '2 Feet', 406),
(508, 2, '2 Feet', 407),
(509, 2, '2 Feet', 408),
(510, 2, '2 Feet', 409),
(511, 2, '2 Feet', 410),
(512, 2, '2 Feet', 411),
(529, 2, '5-10 Litres', 428),
(530, 2, '5-10 Litres', 429),
(532, 2, '15 Kg', 431),
(534, 2, '15 Kg', 433),
(541, 2, '1 Bag', 454),
(542, 2, '1 Bag', 453),
(543, 2, '1 Bag', 451),
(544, 2, '1 Bag', 452),
(551, 2, '3 Kg', 435),
(552, 1, '3 Kg', 436),
(553, 2, '3 Kg', 437),
(554, 2, '3 Kg', 434),
(555, 2, '1 Piece', 438),
(556, 2, '2 Feet', 457),
(557, 2, '1 Bag', 463),
(558, 2, '1 Bag', 464),
(559, 2, '1 Sealed Bag', 465),
(560, 2, '1 Sealed Bag', 466),
(585, 2, '15 Kg', 493),
(586, 2, '15 Kg', 492),
(588, 2, '3 Kg', 494),
(589, 2, '3 Kg', 495),
(594, 2, '3 Kg', 500),
(595, 2, '3 Kg', 501),
(596, 2, '3 Kg', 502),
(597, 2, '3 Kg', 503),
(598, 2, '3 Kg', 504),
(599, 2, '3 Kg', 505),
(635, 2, '3 Kg', 541),
(636, 2, '3 Kg', 542),
(641, 2, '3 Kg', 547),
(642, 2, '3 Kg', 548),
(643, 2, '3 Kg', 549),
(644, 2, '3 Kg', 550),
(645, 2, '3 Kg', 551),
(646, 2, '3 Kg', 552),
(649, 2, '3 Kg', 556),
(650, 2, '15 Kg', 557),
(651, 2, '15 Kg', 558),
(652, 2, '15 Kg', 559),
(653, 2, '15 Kg', 560),
(654, 2, '15 Kg', 561),
(658, 2, '15 Kg', 565),
(660, 2, '15 Kg', 567),
(661, 2, '2 Feet', 462),
(662, 2, '2 Feet', 461),
(663, 2, '2 Feet', 460),
(664, 2, '2 Feet', 459),
(665, 2, '2 Feet', 458),
(666, 2, '1', 568),
(675, 2, '1m', 577),
(676, 2, '1m', 578),
(677, 2, '1m', 579),
(678, 2, '1m', 580),
(679, 2, '1m', 581),
(680, 2, '1m', 583),
(681, 2, '1m', 584),
(682, 2, '1m', 582),
(683, 2, '1m', 585),
(684, 2, '1m', 587),
(685, 2, '1m', 586),
(686, 2, '1m', 592),
(687, 2, '1m', 591),
(688, 2, '1m', 590),
(689, 2, '1m', 589),
(690, 2, '1m', 588),
(691, 2, '3 Kg', 593),
(692, 2, '3 Kg', 594),
(693, 2, '3 Kg', 595),
(694, 2, '3 Kg', 596),
(695, 2, '3 Kg', 597),
(696, 2, '3 Kg', 598),
(697, 2, '3 Kg', 599),
(698, 2, '3 Kg', 600),
(699, 2, '3 Kg', 601),
(700, 2, '3 Kg', 602),
(701, 2, '3 Kg', 612),
(702, 2, '3 Kg', 611),
(703, 2, '3 Kg', 610),
(704, 2, '3 Kg', 609),
(705, 2, '3 Kg', 608),
(706, 2, '3 Kg', 607),
(707, 2, '3 Kg', 606),
(708, 2, '3 Kg', 605),
(709, 2, '3 Kg', 604),
(710, 2, '3 Kg', 603),
(711, 2, '3 Kg', 613),
(712, 2, '3 Kg', 614),
(713, 2, '3 Kg', 615),
(714, 2, '3 Kg', 616),
(715, 2, '3 Kg', 617),
(716, 2, '3 Kg', 618),
(717, 2, '3 Kg', 619),
(718, 2, '3 Kg', 620),
(719, 2, '3 Kg', 621),
(720, 2, '3 Kg', 622),
(721, 2, '3 Kg', 623),
(722, 2, '3 Kg', 624),
(723, 2, '3 Kg', 625),
(724, 2, '3 Kg', 626),
(725, 2, '3 Kg', 627),
(726, 2, '3 Kg', 628),
(727, 2, '3 Kg', 629),
(728, 2, '3 Kg', 630),
(729, 2, '3 Kg', 631),
(730, 2, '3 Kg', 632),
(731, 2, '3 Kg', 633),
(732, 2, '3 Kg', 634),
(733, 2, '3 Kg', 635),
(734, 2, '3 Kg', 637),
(735, 2, '3 Kg', 638),
(736, 2, '3 Kg', 639),
(737, 2, '3 Kg', 640),
(738, 2, '3 Kg', 641),
(739, 2, '3 Kg', 642),
(740, 2, '3 Kg', 636),
(741, 2, '3 Kg', 643),
(742, 2, '3 Kg', 644),
(743, 2, '3 Kg', 645),
(744, 2, '3 Kg', 646),
(745, 2, '3 Kg', 647),
(746, 2, '3 Kg', 648),
(747, 2, '3 Kg', 649),
(748, 2, '3 Kg', 650),
(749, 2, '3 Kg', 651),
(750, 2, '3 Kg', 652),
(751, 7, 'One Acre', 653),
(752, 7, 'One Acre', 654),
(753, 7, 'One Acre', 655),
(754, 7, 'One Acre', 656),
(755, 7, 'One Acre', 660),
(756, 7, 'One Acre', 659),
(757, 7, 'One Acre', 658),
(758, 7, 'One Acre', 657),
(760, 1, '10', 662),
(761, 1, '10', 663),
(762, 1, '10', 664),
(763, 1, '10', 665),
(764, 1, '10', 666),
(766, 2, '15 Kg', 668),
(782, 2, '15 Kg', 685),
(783, 2, '15 Kg', 686),
(784, 2, '15 Kg', 687),
(785, 2, '15 Kg', 688),
(786, 2, '15 Kg', 689),
(787, 2, '15 Kg', 690),
(788, 2, '15 Kg', 691),
(789, 2, '15 Kg', 692),
(790, 2, '15 Kg', 693),
(791, 2, '15 Kg', 694),
(792, 2, '15 Kg', 695),
(793, 2, '15 Kg', 696),
(794, 2, '3 Kg', 697),
(795, 2, '3 Kg', 698),
(796, 2, '3 Kg', 700),
(797, 2, '3 Kg', 701),
(798, 2, '3 Kg', 702),
(799, 2, '3 Kg', 703),
(800, 2, '3 Kg', 704),
(801, 2, '3 Kg', 699),
(802, 2, '1', 705),
(803, 2, '1', 706);

-- --------------------------------------------------------

--
-- Table structure for table `catalog_category`
--

CREATE TABLE IF NOT EXISTS `catalog_category` (
  `id` int(11) NOT NULL AUTO_INCREMENT,
  `name` varchar(100) NOT NULL,
  `parent_id` int(11) DEFAULT NULL,
  `lft` int(10) unsigned NOT NULL,
  `rght` int(10) unsigned NOT NULL,
  `tree_id` int(10) unsigned NOT NULL,
  `level` int(10) unsigned NOT NULL,
  `unit_id` int(11) DEFAULT NULL,
  PRIMARY KEY (`id`),
  KEY `catalog_category_410d0aac` (`parent_id`),
  KEY `catalog_category_329f6fb3` (`lft`),
  KEY `catalog_category_e763210f` (`rght`),
  KEY `catalog_category_ba470c4a` (`tree_id`),
  KEY `catalog_category_20e079f4` (`level`)
) ENGINE=InnoDB  DEFAULT CHARSET=latin1 AUTO_INCREMENT=377 ;

--
-- Dumping data for table `catalog_category`
--

INSERT INTO `catalog_category` (`id`, `name`, `parent_id`, `lft`, `rght`, `tree_id`, `level`, `unit_id`) VALUES
(1, 'Soil Lab', NULL, 1, 152, 14, 0, NULL),
(2, 'Som Lab', NULL, 1, 294, 15, 0, NULL),
(3, 'Environmental Lab', NULL, 1, 62, 7, 0, NULL),
(4, 'Chemistry Lab', NULL, 1, 62, 1, 0, NULL),
(5, 'Structure Design', NULL, 1, 30, 16, 0, NULL),
(6, 'Survey', NULL, 1, 10, 17, 0, NULL),
(8, 'Som Lab : Field Work', 2, 2, 137, 15, 1, NULL),
(9, 'Som Lab : Lab Work', 2, 138, 293, 15, 1, NULL),
(10, 'Environmental Lab : Lab Work', 3, 32, 61, 7, 1, NULL),
(11, 'Environmental Lab : Field Work', 3, 2, 31, 7, 1, NULL),
(12, 'Soil Lab : Lab Work', 1, 82, 151, 14, 1, NULL),
(13, 'Testing of Water', 10, 51, 52, 7, 2, NULL),
(14, 'Testing of Sewage Water', 10, 47, 48, 7, 2, NULL),
(15, 'Testing of Soil Sample/s', 12, 135, 136, 14, 2, NULL),
(16, 'Testing of Raw Water', 10, 45, 46, 7, 2, NULL),
(17, 'Testing of Water (C.P)', 10, 53, 54, 7, 2, NULL),
(19, 'Testing of Water (D.P)', 10, 57, 58, 7, 2, NULL),
(20, 'Testing of Soil for Bearing Capacity for construction of OHSR', 12, 133, 134, 14, 2, 1),
(21, 'Testing of Water', 11, 21, 22, 7, 2, NULL),
(22, 'Testing of Sewage Water', 11, 17, 18, 7, 2, NULL),
(23, 'Testing of Raw Water', 11, 15, 16, 7, 2, NULL),
(24, 'Testing of Water (C.P)', 11, 23, 24, 7, 2, NULL),
(26, 'Testing of Water (D.P)', 11, 27, 28, 7, 2, NULL),
(27, 'Soil Lab : Field Work', 1, 4, 81, 14, 1, NULL),
(32, 'Testing of Cubes', 8, 89, 90, 15, 2, NULL),
(33, 'Testing of Soil for Bearing Capacity for construction of OHSR', 27, 63, 64, 14, 2, 1),
(34, 'Testing of Cubes', 9, 247, 248, 15, 2, NULL),
(35, 'Chemistry Lab : Lab Work', 4, 32, 59, 1, 1, NULL),
(36, 'Chemistry Lab : Field Work', 4, 2, 31, 1, 1, NULL),
(42, 'Testing of Cement Mortar', 36, 19, 20, 1, 2, NULL),
(44, 'Survey: Field Work', 6, 2, 5, 17, 1, NULL),
(45, 'Testing of Cement Mortar', 35, 47, 48, 1, 2, NULL),
(46, 'Preparation Of Contour Map', 44, 3, 4, 17, 2, 1),
(47, 'Testing of Cement Concrete', 36, 17, 18, 1, 2, NULL),
(48, 'Testing of Cement Concrete', 35, 45, 46, 1, 2, NULL),
(63, 'Testing of Penetration Number', 36, 29, 30, 1, 2, 1),
(64, 'Testing of Penetration Number', 35, 57, 58, 1, 2, 1),
(69, 'Testing of Bricks', 8, 83, 84, 15, 2, NULL),
(70, 'Testing of Bricks', 9, 241, 242, 15, 2, NULL),
(71, 'Testing of Wood', 8, 131, 132, 15, 2, NULL),
(72, 'Testing of Wood', 9, 289, 290, 15, 2, NULL),
(73, 'Rebound Hammer Test', 8, 73, 74, 15, 2, 1),
(74, 'Rebound Hammer Test', 9, 231, 232, 15, 2, 1),
(75, 'Testing of Barbed Wire', 8, 79, 80, 15, 2, NULL),
(76, 'Testing of Barbed Wire', 9, 237, 238, 15, 2, NULL),
(77, 'Testing of Hing Tension', 8, 93, 94, 15, 2, NULL),
(78, 'Testing of Hing Tension', 9, 251, 252, 15, 2, NULL),
(79, 'Testing of Structural Steel', 8, 127, 128, 15, 2, NULL),
(80, 'Testing of Structural Steel', 9, 285, 286, 15, 2, NULL),
(81, 'Testing of Angle', 8, 77, 78, 15, 2, NULL),
(82, 'Testing of Angle', 9, 235, 236, 15, 2, NULL),
(83, 'Testing of Flats', 8, 91, 92, 15, 2, NULL),
(84, 'Testing of Flats', 9, 249, 250, 15, 2, NULL),
(85, 'Testing of Tees Channel', 8, 129, 130, 15, 2, NULL),
(86, 'Testing of Tees Channel', 9, 287, 288, 15, 2, NULL),
(87, 'Testing of Interlock Tile/Concrete Paver', 8, 97, 98, 15, 2, NULL),
(88, 'Testing of Interlock Tile/Concrete Paver', 9, 255, 256, 15, 2, NULL),
(89, 'Ultrasonic Test', 8, 135, 136, 15, 2, 1),
(90, 'Ultrasonic Test', 9, 139, 140, 15, 2, 1),
(91, 'Concrete Core Cutting/Testing', 9, 143, 144, 15, 2, NULL),
(93, 'Preparation of Mix Design with Fly Ash M 15', 8, 35, 36, 15, 2, 1),
(94, 'Preparation of Mix Design with Fly Ash M 10', 8, 33, 34, 15, 2, 1),
(95, 'Preparation of Mix Design with Fly Ash M 20', 8, 37, 38, 15, 2, 1),
(96, 'Preparation of Mix Design with Fly Ash M 25', 8, 39, 40, 15, 2, 1),
(98, 'Preparation of Mix Design with Fly Ash M 30', 8, 41, 42, 15, 2, 1),
(99, 'Preparation of Mix Design with Fly Ash M 35', 8, 43, 44, 15, 2, 1),
(100, 'Preparation of Mix Design with Fly Ash M 40', 8, 45, 46, 15, 2, 1),
(102, 'Preparation of Mix Design M 10', 8, 17, 18, 15, 2, 1),
(103, 'Preparation of Mix Design M 15', 8, 19, 20, 15, 2, 1),
(105, 'Preparation of Mix Design M 20', 8, 21, 22, 15, 2, 1),
(106, 'Preparation of Mix Design M 25', 8, 23, 24, 15, 2, 1),
(107, 'Preparation of Mix Design M 30', 8, 25, 26, 15, 2, 1),
(108, 'Preparation of Mix Design M 35', 8, 27, 28, 15, 2, 1),
(109, 'Preparation of Mix Design M 40', 8, 29, 30, 15, 2, 1),
(111, 'Preparation of Mix Design with Fly Ash M 10', 9, 215, 216, 15, 2, 1),
(112, 'Preparation of Mix Design with Fly Ash M 15', 9, 217, 218, 15, 2, 1),
(113, 'Preparation of Mix Design with Fly Ash M 20', 9, 219, 220, 15, 2, 1),
(114, 'Preparation of Mix Design with Fly Ash M 25', 9, 221, 222, 15, 2, 1),
(115, 'Preparation of Mix Design with Fly Ash M 30', 9, 223, 224, 15, 2, 1),
(116, 'Preparation of Mix Design with Fly Ash M 35', 9, 225, 226, 15, 2, 1),
(117, 'Preparation of Mix Design with Fly Ash M 40', 9, 227, 228, 15, 2, 1),
(119, 'Preparation of Mix Design M 10', 9, 195, 196, 15, 2, 1),
(120, 'Preparation of Mix Design M 15', 9, 197, 198, 15, 2, 1),
(121, 'Preparation of Mix Design M 20', 9, 199, 200, 15, 2, 1),
(122, 'Preparation of Mix Design M 25', 9, 201, 202, 15, 2, 1),
(123, 'Preparation of Mix Design M 30', 9, 203, 204, 15, 2, 1),
(124, 'Preparation of Mix Design M 35', 9, 205, 206, 15, 2, 1),
(125, 'Preparation of Mix Design M 40', 9, 207, 208, 15, 2, 1),
(126, 'Concrete Core Cutting/Testing', 8, 15, 16, 15, 2, NULL),
(127, 'Survey : Lab Work', 6, 6, 9, 17, 1, NULL),
(128, 'Preparation Of Contour Map', 127, 7, 8, 17, 2, 1),
(129, 'Structure Design : Lab Work', 5, 14, 29, 16, 1, NULL),
(130, 'Structure Design: Field Work', 5, 2, 13, 16, 1, NULL),
(131, 'Preparation/Checking of Design For OHSR', 130, 9, 10, 16, 2, 1),
(132, 'Preparation/Checking of Design For OHSR', 129, 23, 24, 16, 2, 1),
(137, 'Testing of BM/PC', 27, 39, 40, 14, 2, NULL),
(138, 'Testing of BM/PC', 12, 115, 116, 14, 2, NULL),
(139, 'Testing of Admixture', 8, 131, 132, 15, 2, NULL),
(140, 'Testing of Admixture', 9, 289, 290, 15, 2, NULL),
(145, 'Cement (Chemical Test)', 36, 5, 6, 1, 2, NULL),
(146, 'Cement (Chemical Test)', 35, 35, 36, 1, 2, NULL),
(147, 'Testing of Cement (Physical Test)', 8, 85, 86, 15, 2, NULL),
(148, 'Testing of Cement (Physical Test)', 9, 243, 244, 15, 2, NULL),
(154, 'Testing of Sand Sample/s', 12, 135, 136, 14, 2, NULL),
(156, 'Testing of Fine Aggregates/Coarse Sand', 12, 135, 136, 14, 2, NULL),
(164, 'Testing of Coarse Aggregates 10mm', 36, 21, 22, 1, 2, NULL),
(165, 'Testing of Coarse Aggregates 10mm', 35, 49, 50, 1, 2, NULL),
(166, 'Testing of Coarse Aggregates 20mm', 36, 23, 24, 1, 2, NULL),
(167, 'Testing of Coarse Aggregates 20mm', 35, 51, 52, 1, 2, NULL),
(168, 'Testing of Coarse Aggregates 40mm', 36, 25, 26, 1, 2, NULL),
(169, 'Testing of Coarse Aggregates 40mm', 35, 53, 54, 1, 2, NULL),
(173, 'Testing of Fine Aggregates', 35, 55, 56, 1, 2, NULL),
(174, 'Testing of Fine Aggregates', 36, 27, 28, 1, 2, NULL),
(201, 'Testing of Steel 8mm', 8, 125, 126, 15, 2, NULL),
(202, 'Testing of Steel 10mm', 8, 111, 112, 15, 2, NULL),
(203, 'Testing of Steel 12mm', 8, 113, 114, 15, 2, NULL),
(204, 'Testing of Steel 16mm', 8, 115, 116, 15, 2, NULL),
(205, 'Testing of Steel 20mm', 8, 117, 118, 15, 2, NULL),
(206, 'Testing of Steel 25mm', 8, 119, 120, 15, 2, NULL),
(207, 'Testing of Steel 32mm', 8, 121, 122, 15, 2, NULL),
(208, 'Testing of Steel 40mm', 8, 123, 124, 15, 2, NULL),
(209, 'Testing of Steel 8mm', 9, 283, 284, 15, 2, NULL),
(210, 'Testing of Steel 10mm', 9, 269, 270, 15, 2, NULL),
(211, 'Testing of Steel 12mm', 9, 271, 272, 15, 2, NULL),
(212, 'Testing of Steel 16mm', 9, 273, 274, 15, 2, NULL),
(213, 'Testing of Steel 20mm', 9, 275, 276, 15, 2, NULL),
(214, 'Testing of Steel 25mm', 9, 277, 278, 15, 2, NULL),
(215, 'Testing of Steel 32mm', 9, 279, 280, 15, 2, NULL),
(216, 'Testing of Steel 40mm', 9, 281, 282, 15, 2, NULL),
(217, 'Testing of Coarse Aggregates 10mm', 27, 41, 42, 14, 2, NULL),
(218, 'Testing of Coarse Aggregates 20mm', 27, 43, 44, 14, 2, NULL),
(219, 'Testing of Coarse Aggregates 40mm', 27, 45, 46, 14, 2, NULL),
(220, 'Testing of Coarse Aggregates 10mm', 12, 117, 118, 14, 2, NULL),
(221, 'Testing of Coarse Aggregates 20mm', 12, 119, 120, 14, 2, NULL),
(222, 'Testing of Coarse Aggregates 40mm', 12, 121, 122, 14, 2, NULL),
(223, 'Testing of Bankelman Beam', 27, 29, 30, 14, 2, 1),
(224, 'Testing of Pile Load', 27, 55, 56, 14, 2, 1),
(225, 'Testing of Bankelman Beam', 12, 105, 106, 14, 2, 1),
(226, 'Pile Load Test', 12, 87, 88, 14, 2, 1),
(230, 'Soil Sample/s', 27, 23, 24, 14, 2, NULL),
(231, 'Testing of Sand Sample/s', 27, 57, 58, 14, 2, NULL),
(232, 'Testing of Fine Aggregates/Coarse Sand', 27, 49, 50, 14, 2, NULL),
(234, 'Electronics Lab', NULL, 1, 14, 5, 0, NULL),
(235, 'Mechanical Lab Training', 367, 18, 23, 13, 1, NULL),
(236, 'Consultancy Lab', NULL, 1, 2, 3, 0, NULL),
(238, 'Computation Lab', NULL, 1, 6, 2, 0, NULL),
(239, 'Electronics Lab : Lab Work', 234, 6, 13, 5, 1, NULL),
(240, 'Electronics Lab : Field Work', 234, 2, 5, 5, 1, NULL),
(241, 'Preparation of Antenna and Microwave devices', 240, 3, 4, 5, 2, 1),
(242, 'Preparation of Antenna and Microwave devices', 239, 7, 8, 5, 2, 1),
(243, 'Preparation of Mix Design with Fly Ash M 7.5', 8, 47, 48, 15, 2, 1),
(244, 'Preparation of Mix Design with Fly Ash M 7.5', 9, 229, 230, 15, 2, 1),
(245, 'Preparation of Mix Design M 7.5', 8, 31, 32, 15, 2, 1),
(246, 'Preparation of Mix Design M 7.5', 9, 209, 210, 15, 2, 1),
(247, 'Testing of Brick Tile', 8, 81, 82, 15, 2, 1),
(248, 'Testing of Brick Tile', 9, 239, 240, 15, 2, 1),
(249, 'Testing of Uniformity Coefficient', 27, 71, 72, 14, 2, 1),
(250, 'Testing of Uniformity Coefficient', 12, 141, 142, 14, 2, 1),
(251, 'Testing of The Coefficient of Curvature', 27, 69, 70, 14, 2, NULL),
(252, 'Testing of The Coefficient of Curvature', 12, 139, 140, 14, 2, NULL),
(253, 'Testing of Blanketing Materials', 27, 35, 36, 14, 2, NULL),
(254, 'Testing of Blanketing Materials', 12, 111, 112, 14, 2, NULL),
(255, 'Testing of BM', 27, 37, 38, 14, 2, NULL),
(256, 'Testing of BM', 12, 113, 114, 14, 2, NULL),
(257, 'Testing of SDBC', 27, 59, 60, 14, 2, NULL),
(258, 'Testing of SDBC', 12, 129, 130, 14, 2, NULL),
(259, 'Testing of M.S.Plate', 8, 103, 104, 15, 2, 1),
(260, 'Testing of M.S.Plate', 9, 261, 262, 15, 2, 1),
(261, 'Testing of PC', 27, 53, 54, 14, 2, NULL),
(262, 'Testing of PC', 12, 125, 126, 14, 2, NULL),
(263, 'Testing of DBM', 27, 47, 48, 14, 2, NULL),
(264, 'Testing of DBM', 12, 127, 128, 14, 2, NULL),
(265, 'Testing of GSB Material', 27, 51, 52, 14, 2, NULL),
(266, 'Testing of GSB Material', 12, 123, 124, 14, 2, NULL),
(267, 'Checking of Revised Drawing', 130, 3, 4, 16, 2, 1),
(268, 'Checking of Revised Drawing', 129, 15, 16, 16, 2, 1),
(269, 'Preparation/Checking of Design For Bridge', 130, 7, 8, 16, 2, 1),
(270, 'Preparation/Checking of Design For Bridge', 129, 21, 22, 16, 2, 1),
(271, 'Preparation/Checking of Estimate', 130, 11, 12, 16, 2, 1),
(272, 'Preparation/Checking of Estimate', 129, 25, 26, 16, 2, 1),
(273, 'Testing of Soil Sample/s for Chemical tests', 11, 19, 20, 7, 2, NULL),
(274, 'Testing of Soil Sample/s for Chemical tests', 10, 49, 50, 7, 2, NULL),
(275, 'Preparation of status report of Batteries', 11, 9, 10, 7, 2, 1),
(276, 'Preparation of status report of Batteries', 10, 39, 40, 7, 2, 1),
(277, 'Testing of Kerb Stone', 8, 101, 102, 15, 2, NULL),
(278, 'Testing of Kerb Stone', 9, 259, 260, 15, 2, NULL),
(279, 'Testing of Stainless Steel', 8, 107, 108, 15, 2, NULL),
(280, 'Testing of Stainless Steel', 9, 265, 266, 15, 2, NULL),
(281, 'Testing of Bitumen content', 27, 33, 34, 14, 2, NULL),
(282, 'Testing of Bitumen content', 12, 109, 110, 14, 2, NULL),
(283, 'Testing of MS Rod', 8, 105, 106, 15, 2, NULL),
(284, 'Testing of MS Rod', 9, 263, 264, 15, 2, NULL),
(285, 'Testing of Hollow Block', 8, 95, 96, 15, 2, NULL),
(286, 'Testing of Hollow Block', 9, 253, 254, 15, 2, NULL),
(287, 'Field Visit', 27, 13, 14, 14, 2, 1),
(288, 'Plate Load Test', 27, 15, 16, 14, 2, 1),
(289, 'Plate Load Test', 12, 89, 90, 14, 2, 1),
(290, 'Testing of Bentonite', 27, 31, 32, 14, 2, NULL),
(291, 'Testing of Bentonite', 12, 107, 108, 14, 2, NULL),
(292, 'Testing of Ceramic Glazed Tiles', 8, 87, 88, 15, 2, NULL),
(293, 'Testing of Ceramic Glazed Tiles', 9, 245, 246, 15, 2, NULL),
(294, 'Testing of Stone Aggregates', 27, 67, 68, 14, 2, NULL),
(295, 'Testing of Stone Aggregates', 12, 137, 138, 14, 2, NULL),
(296, 'Testing of WMM', 27, 75, 76, 14, 2, NULL),
(297, 'Testing of WMM', 12, 145, 146, 14, 2, NULL),
(298, 'Testing of Steel (Chemical)', 8, 109, 110, 15, 2, NULL),
(299, 'Testing of Steel (Chemical)', 9, 267, 268, 15, 2, NULL),
(300, 'Testing of Bajri', 27, 25, 26, 14, 2, NULL),
(301, 'Testing of Bajri', 12, 101, 102, 14, 2, NULL),
(302, 'Testing of 4 mm M.S. Wire', 8, 75, 76, 15, 2, NULL),
(303, 'Testing of 4 mm M.S. Wire', 9, 233, 234, 15, 2, NULL),
(304, 'Testing of Ballast Material', 27, 27, 28, 14, 2, NULL),
(305, 'Testing of Ballast Material', 12, 103, 104, 14, 2, NULL),
(306, 'Preparation of Job Mix Formula', 27, 17, 18, 14, 2, 1),
(307, 'Preparation of Job Mix Formula', 12, 93, 94, 14, 2, 1),
(308, 'Slope Stability Analysis', 27, 21, 22, 14, 2, 1),
(309, 'Slope Stability Analysis', 12, 91, 92, 14, 2, 1),
(310, 'Testing of Soil Samples from Sites', 27, 65, 66, 14, 2, NULL),
(311, 'Testing of WBM', 27, 73, 74, 14, 2, NULL),
(312, 'Testing of WBM', 12, 143, 144, 14, 2, NULL),
(313, 'Preparation/Checking of Hydraulic Design', 11, 11, 12, 7, 2, 1),
(314, 'Preparation/Checking of Hydraulic Design', 10, 41, 42, 7, 2, 1),
(315, 'Electircal Lab', NULL, 1, 14, 4, 0, NULL),
(316, 'Electircal Lab : Field Work', 315, 2, 7, 4, 1, NULL),
(317, 'Electircal Lab : Lab Work', 315, 8, 13, 4, 1, NULL),
(318, 'Testing of Soil Resistivity', 316, 5, 6, 4, 2, 1),
(319, 'Testing of Soil Resistivity', 317, 11, 12, 4, 2, 1),
(320, 'Training to Local Govt. Officers', 11, 29, 30, 7, 2, 1),
(321, 'Training to Local Govt. Officers', 10, 59, 60, 7, 2, 1),
(322, 'Training to Local Govt. Officers', 8, 133, 134, 15, 2, 1),
(323, 'Training to Local Govt. Officers', 9, 291, 292, 15, 2, 1),
(324, 'Training to Local Govt. Officers', 27, 77, 78, 14, 2, 1),
(325, 'Training to Local Govt. Officers', 12, 147, 148, 14, 2, 1),
(326, 'Chemical Analysis of Soil (Total Soluble Sulphates)', 11, 5, 6, 7, 2, NULL),
(327, 'Chemical Analysis of Soil (Total Soluble Sulphates)', 10, 35, 36, 7, 2, NULL),
(328, 'Chemical Analysis, Water Soil Extract of the samples', 11, 7, 8, 7, 2, NULL),
(329, 'Chemical Analysis, Water Soil Extract of the samples', 10, 37, 38, 7, 2, NULL),
(330, 'Testing of PVC Wires', 316, 3, 4, 4, 2, 1),
(331, 'Testing of PVC Wires', 317, 9, 10, 4, 2, 1),
(332, 'IT/CSE Training', 367, 12, 17, 13, 1, NULL),
(333, 'Testing of Soil for Bearing Capacity', 27, 61, 62, 14, 2, 1),
(334, 'Checking of Concrete Ratio', 11, 3, 4, 7, 2, NULL),
(335, 'Checking of Concrete Ratio', 10, 33, 34, 7, 2, NULL),
(336, 'Testing of Karb', 8, 99, 100, 15, 2, NULL),
(337, 'Testing of Karb', 9, 257, 258, 15, 2, NULL),
(338, 'Testing of Fine Aggregates/Coarse Aggregates', 11, 13, 14, 7, 2, NULL),
(339, 'Testing of Fine Aggregates/Coarse Aggregates', 10, 43, 44, 7, 2, NULL),
(340, 'Security Refund', 332, 13, 14, 13, 2, 1),
(341, 'Training', 332, 15, 16, 13, 2, 1),
(342, 'Training (External)', 239, 9, 10, 5, 2, 1),
(343, 'Training (Internal)', 239, 11, 12, 5, 2, 1),
(344, 'Security Refund', 235, 19, 20, 13, 2, 1),
(345, 'Training', 235, 21, 22, 13, 2, 1),
(346, 'Testing And Consultancy Cell Training', 367, 28, 33, 13, 1, 1),
(347, 'Security Refund', 346, 29, 30, 13, 2, 1),
(348, 'Training', 346, 31, 32, 13, 2, 1),
(349, 'Training', NULL, 1, 2, 19, 0, NULL),
(350, 'Testing of Water (Construction and Drinking)', 11, 25, 26, 7, 2, NULL),
(351, 'Testing of Water (Construction and Drinking)', 10, 55, 56, 7, 2, NULL),
(352, 'Mock Test', NULL, 1, 6, 11, 0, NULL),
(353, 'Applied Science: Lab Work', 352, 2, 5, 11, 1, NULL),
(354, 'Mock Test/Paper Analysis', 353, 3, 4, 11, 2, NULL),
(355, 'Project Guidance', 12, 95, 96, 14, 2, NULL),
(356, 'Red Granite', 27, 19, 20, 14, 2, NULL),
(357, 'Red Granite', 12, 97, 98, 14, 2, NULL),
(358, 'White Sandstone', 27, 79, 80, 14, 2, NULL),
(359, 'White Sandstone', 12, 149, 150, 14, 2, NULL),
(360, 'Computation Lab : Lab Work', 238, 2, 5, 2, 1, NULL),
(361, 'STAD PRO Software', 360, 3, 4, 2, 2, NULL),
(362, 'Evaluation of Rough Cost Estimate prepared by B & R', 130, 5, 6, 16, 2, NULL),
(363, 'Evaluation of Rough Cost Estimate prepared by B & R', 129, 17, 18, 16, 2, NULL),
(364, 'Testing of Soil for Bearing Capacity', 12, 131, 132, 14, 2, 1),
(365, 'Preparation of Design', 129, 19, 20, 16, 2, 1),
(366, 'Vetting', 129, 27, 28, 16, 2, 1),
(367, 'Other Services', NULL, 1, 34, 13, 0, NULL),
(368, 'CDF', 367, 6, 11, 13, 1, NULL),
(369, 'CDF (Internal)', 368, 9, 10, 13, 2, NULL),
(370, 'CDF (External)', 368, 7, 8, 13, 2, NULL),
(371, 'Advance', 367, 2, 5, 13, 1, NULL),
(372, 'Advance', 371, 3, 4, 13, 2, NULL),
(375, 'Preparation of Mix Design with Fly Ash and Fiber M20', 9, 211, 212, 15, 2, 1),
(376, 'Preparation of Mix Design with Fly Ash and Fiber M25', 9, 213, 214, 15, 2, 1);

-- --------------------------------------------------------

--
-- Table structure for table `catalog_changerequest`
--

CREATE TABLE IF NOT EXISTS `catalog_changerequest` (
  `id` int(11) NOT NULL AUTO_INCREMENT,
  `purchase_order_of_session` int(11) NOT NULL,
  `session_id` int(11) NOT NULL,
  `previous_total` int(11) NOT NULL,
  `new_total` int(11) NOT NULL,
  `description` varchar(100) NOT NULL,
  `initiator` varchar(50) NOT NULL,
  `initiation_date` date NOT NULL,
  PRIMARY KEY (`id`),
  KEY `catalog_changerequest_a4c07742` (`session_id`)
) ENGINE=InnoDB DEFAULT CHARSET=latin1 AUTO_INCREMENT=1 ;

-- --------------------------------------------------------

--
-- Table structure for table `catalog_headerfooter`
--

CREATE TABLE IF NOT EXISTS `catalog_headerfooter` (
  `id` int(11) NOT NULL AUTO_INCREMENT,
  `header` longtext NOT NULL,
  `footer` longtext NOT NULL,
  `is_active` tinyint(1) NOT NULL,
  PRIMARY KEY (`id`)
) ENGINE=InnoDB  DEFAULT CHARSET=latin1 AUTO_INCREMENT=2 ;

--
-- Dumping data for table `catalog_headerfooter`
--

INSERT INTO `catalog_headerfooter` (`id`, `header`, `footer`, `is_active`) VALUES
(1, '<div style="font-size: 30px;" align="center"><strong>Testing &amp; Consultancy Cell<br /></strong></div>\r\n<div style="font-size: 17px;" align="center">Providing Technical Services Since 1979</div>\r\n<div style="font-size: 25px;" align="center">Guru Nanak Dev Engineering College</div>\r\n<div style="font-size: 17px;" align="center">Gill Park, Gill Road, Ludhiana-141006 Lat 30&deg;51&rsquo;29''''N Lon 75&deg;51&rsquo;39''''E</div>\r\n<div style="font-size: 14px;" align="center">Website:http://tcc.gndec.ac.in E-mail:tcc@gndec.ac.in <br /> Ph.:0161-2491193, 5064509 Fax: 0161-5064742</div>\r\n<div style="font-size: 14px;" align="center">&nbsp;</div>', '<table style="height: 48px;" width="682">\r\n<tbody>\r\n<tr>\r\n<td>&nbsp;</td>\r\n<td style="text-align: right;">\r\n<p>&nbsp;</p>\r\n<p><strong>Dean Testing &amp; Consultancy</strong></p>\r\n</td>\r\n</tr>\r\n</tbody>\r\n</table>', 1);

-- --------------------------------------------------------

--
-- Table structure for table `catalog_mcategory`
--

CREATE TABLE IF NOT EXISTS `catalog_mcategory` (
  `id` int(11) NOT NULL AUTO_INCREMENT,
  `name` varchar(100) NOT NULL,
  `parent_id` int(11) DEFAULT NULL,
  PRIMARY KEY (`id`),
  KEY `catalog_mcategory_410d0aac` (`parent_id`)
) ENGINE=InnoDB DEFAULT CHARSET=latin1 AUTO_INCREMENT=1 ;

-- --------------------------------------------------------

--
-- Table structure for table `catalog_modeofpayment`
--

CREATE TABLE IF NOT EXISTS `catalog_modeofpayment` (
  `id` int(11) NOT NULL AUTO_INCREMENT,
  `method` varchar(25) NOT NULL,
  PRIMARY KEY (`id`)
) ENGINE=InnoDB  DEFAULT CHARSET=latin1 AUTO_INCREMENT=5 ;

--
-- Dumping data for table `catalog_modeofpayment`
--

INSERT INTO `catalog_modeofpayment` (`id`, `method`) VALUES
(1, 'Cash'),
(2, 'DD'),
(3, 'Cheque'),
(4, 'RTGS');

-- --------------------------------------------------------

--
-- Table structure for table `catalog_nonpaymentorder`
--

CREATE TABLE IF NOT EXISTS `catalog_nonpaymentorder` (
  `id` int(11) NOT NULL AUTO_INCREMENT,
  `buyer_id` int(11) NOT NULL,
  `reference` varchar(200) NOT NULL,
  `reference_date` date NOT NULL,
  `date` date NOT NULL,
  `delivery_address` varchar(500) DEFAULT NULL,
  `item_type` varchar(200) NOT NULL,
  PRIMARY KEY (`id`),
  KEY `catalog_nonpaymentorder_f56062d8` (`buyer_id`)
) ENGINE=InnoDB  DEFAULT CHARSET=latin1 AUTO_INCREMENT=14 ;

--
-- Dumping data for table `catalog_nonpaymentorder`
--

INSERT INTO `catalog_nonpaymentorder` (`id`, `buyer_id`, `reference`, `reference_date`, `date`, `delivery_address`, `item_type`) VALUES
(2, 329, 'nil', '2014-12-22', '2014-12-23', 'Rajgadh Fusion, Chandigarh Road, LDH', 'Structure Design'),
(3, 609, 'SAM/ASR/116', '2014-12-22', '2014-12-24', 'Central Sudhar Ghar at Amritsar', 'gsb matarial'),
(4, 31, '1208/10-1', '2014-12-05', '2014-12-24', 'Guru Nanak College for grils Tibhi Sahib Road, Shri Muktsar Sahib', 'Structure Design'),
(5, 31, '87/4081', '2014-11-27', '2014-12-24', 'Gurudwara Chulla Sahib Baba Jassa Singh Ji Kotkapura, Faridkot', 'Soil for BC'),
(6, 82, 'BCET/9608', '2014-12-16', '2014-12-24', ' Beant College of Engineering & Technology, Gurdaspur', 'Estimate & Structure Design'),
(7, 398, 'L&T/40MLD/LE140773/14-15/02', '2014-12-24', '2014-12-30', '40 MLD CETP, Ludhiana', 'Mix Design'),
(8, 619, 'CPIL/T/409', '2014-12-22', '2015-01-02', 'Soil Testing of Tower location No.135 of J-type of 220 kv Gobindwal sahib to Bottiawala line at Village Deenike', 'Soil for BC'),
(9, 618, 'NPPL/', '2015-01-02', '2015-01-05', 'Sugar Mill, Nawanshahr', 'Structure Design'),
(11, 31, '1272/10-1/B', '2014-12-23', '2015-01-05', 'Gurdawara Sahib Gurusar Patsahi 6, Mehraj (Bathinda) Gurudwara Baba Sidh Tilak Rai', 'Structure Design'),
(12, 623, 'Nil', '2015-01-06', '2015-01-07', 'group housing project at birmi distt ludhiana', 'Soil for BC'),
(13, 622, 'E-mail', '2015-01-05', '2015-01-07', 'Church Complex at Barnala', 'Soil for BC');

-- --------------------------------------------------------

--
-- Table structure for table `catalog_nonpaymentorderofsession`
--

CREATE TABLE IF NOT EXISTS `catalog_nonpaymentorderofsession` (
  `id` int(11) NOT NULL AUTO_INCREMENT,
  `non_payment_order_id` int(11) NOT NULL,
  `non_payment_order_of_session` int(11) NOT NULL,
  `session_id` int(11) NOT NULL,
  PRIMARY KEY (`id`),
  KEY `catalog_nonpaymentorderofsession_ba7c1e56` (`non_payment_order_id`),
  KEY `catalog_nonpaymentorderofsession_a4c07742` (`session_id`)
) ENGINE=InnoDB  DEFAULT CHARSET=latin1 AUTO_INCREMENT=13 ;

--
-- Dumping data for table `catalog_nonpaymentorderofsession`
--

INSERT INTO `catalog_nonpaymentorderofsession` (`id`, `non_payment_order_id`, `non_payment_order_of_session`, `session_id`) VALUES
(2, 2, 265, 1),
(3, 3, 266, 1),
(4, 4, 267, 1),
(5, 5, 268, 1),
(6, 6, 269, 1),
(7, 7, 270, 1),
(8, 8, 271, 1),
(9, 9, 272, 1),
(10, 11, 273, 1),
(11, 12, 274, 1),
(12, 13, 275, 1);

-- --------------------------------------------------------

--
-- Table structure for table `catalog_product`
--

CREATE TABLE IF NOT EXISTS `catalog_product` (
  `id` int(11) NOT NULL AUTO_INCREMENT,
  `name` text NOT NULL,
  `category_id` int(11) NOT NULL,
  `price_per_unit` int(11) DEFAULT NULL,
  `organisation_id` int(11) NOT NULL,
  PRIMARY KEY (`id`),
  KEY `catalog_product_6f33f001` (`category_id`),
  KEY `catalog_product_98ab8dfd` (`organisation_id`)
) ENGINE=InnoDB  DEFAULT CHARSET=latin1 AUTO_INCREMENT=1015 ;

--
-- Dumping data for table `catalog_product`
--

INSERT INTO `catalog_product` (`id`, `name`, `category_id`, `price_per_unit`, `organisation_id`) VALUES
(2, '25000 Litres Capacity', 33, 6000, 1),
(3, '25000 Litres Capacity', 20, 6000, 1),
(4, '50000 Litres Capacity', 33, 6000, 1),
(5, '50000 Litres Capacity', 20, 6000, 1),
(6, '75000 Litres Capacity', 33, 6000, 1),
(7, '75000 Litres Capacity', 33, 6000, 1),
(8, '1.0 Lac Litres Capacity', 33, 8200, 1),
(9, '1.0 Lac Litres Capacity', 20, 8200, 1),
(10, '1.5 Lac Litres Capacity', 33, 8200, 1),
(11, '1.5 Lac Litres Capacity', 20, 8200, 1),
(12, '2.0 Lac Litres Capacity', 33, 8200, 1),
(13, '2.0 Lac Litres Capacity', 20, 8200, 1),
(14, '2.5 Lac Litres Capacity', 33, 8200, 1),
(15, '2.5 Lac Litres Capacity', 20, 8200, 1),
(16, '5.0 Lac Litres Capacity', 33, 10600, 1),
(17, '5.0 Lac Litres Capacity', 20, 10600, 1),
(18, 'pH', 21, 300, 1),
(19, 'pH', 13, 300, 1),
(20, 'Colour ', 21, 300, 1),
(21, 'Colour', 13, 300, 1),
(22, 'COD(Total)', 21, 800, 1),
(23, 'COD(Total)', 13, 800, 1),
(24, 'COD (Filtered)', 21, 700, 1),
(25, 'COD (Filtered)', 13, 700, 1),
(27, 'Sieve Analysis', 15, 800, 1),
(29, 'FIneness Modulus', 15, 800, 1),
(31, 'Silt Content', 15, 800, 1),
(33, 'Moisture Content', 15, 800, 1),
(37, 'Compaction Test (Dry Bulk Density)', 15, 1500, 1),
(39, 'Specific Gravity', 15, 800, 1),
(54, '<p>BOD<sub>5</sub>(Total)</p>', 21, 800, 1),
(58, '<p>BOD<sub>5</sub>(Total)</p>', 13, 800, 1),
(63, '<p>BOD<sub>5</sub>(Filtered)</p>', 21, 800, 1),
(65, '<p>BOD<sub>5</sub>(Filtered)</p>', 13, 800, 1),
(69, 'Comp. Strength', 32, 500, 1),
(70, 'Comp. Strength', 34, 500, 1),
(75, '<p>Sulphide (as S<sup>2-</sup>)</p>', 21, 500, 1),
(78, '<p>Sulphide (as S<sup>2-</sup>)</p>', 13, 500, 1),
(90, 'Bitumen Content', 138, 1500, 1),
(113, '<p>Sulphate(as SO<sub>4</sub><sup>2-</sup>)</p>', 21, 500, 1),
(114, '<p>Sulphate(as SO<sub>4</sub><sup>2-</sup>)</p>', 13, 500, 1),
(115, '<p>Alkalinity(as mg CaCO<sub>3</sub>/l)</p>', 21, 300, 1),
(116, '<p>Alkalinity(as mg CaCO<sub>3</sub>/l)</p>', 13, 300, 1),
(117, 'Total Suspended Solids (mg/l)', 21, 550, 1),
(118, 'Total Suspended Solids (mg/l)', 13, 550, 1),
(119, 'Volatile Suspended Solids (mg/l)', 21, 700, 1),
(120, 'Volatile Suspended Solids (mg/l)', 13, 700, 1),
(121, '<p>Chlorides(as Cl<sup>-</sup>)</p>', 21, 350, 1),
(122, '<p>Chlorides(as Cl<sup>-</sup>)</p>', 13, 350, 1),
(123, 'Nickel', 21, 600, 1),
(124, 'Nickel', 13, 600, 1),
(125, 'Iron', 21, 700, 1),
(126, 'Iron', 13, 700, 1),
(127, 'Magnesium', 21, 500, 1),
(128, 'Magnesium', 13, 500, 1),
(129, 'Copper', 21, 600, 1),
(130, 'Copper', 13, 600, 1),
(131, 'Hardness', 21, 500, 1),
(132, 'Hardness', 13, 500, 1),
(133, 'Nitrates', 21, 700, 1),
(134, 'Nitrates', 13, 700, 1),
(135, 'Nitrites', 21, 700, 1),
(136, 'Nitrites', 13, 700, 1),
(137, 'Turbity', 21, 300, 1),
(138, 'Turbity', 13, 300, 1),
(139, 'Faecal coliform(E.Coli/MPN)', 21, 1000, 1),
(140, 'Faecal coliform(E.Coli/MPN)', 13, 1000, 1),
(141, 'TDS', 21, 500, 1),
(142, 'TDS', 13, 500, 1),
(151, 'Taste & Odour', 21, 100, 1),
(156, 'Taste & Odour', 13, 100, 1),
(157, 'Calcium, Ca(Mg/l)', 21, 500, 1),
(158, 'Calcium, Ca(Mg/l)', 13, 500, 1),
(161, 'Residual Free chloride (Mg/l)', 21, 500, 1),
(164, 'Residual Free chloride (Mg/l)', 13, 500, 1),
(166, 'Bitumen Content', 137, 1500, 1),
(167, 'Flourides', 21, 400, 1),
(172, 'Flourides', 13, 400, 1),
(181, 'pH', 22, 300, 1),
(187, 'pH', 14, 300, 1),
(188, 'Colour', 22, 300, 1),
(189, 'Colour', 14, 300, 1),
(190, 'Water Absorption, Comp. Strength, Efflorescence', 69, 1200, 1),
(191, 'Water Absorption, Comp. Strength, Efflorescence', 70, 1200, 1),
(196, 'COD(Total)', 22, 800, 1),
(197, 'Comp. Strength', 87, 300, 1),
(198, 'Comp. Strength', 88, 300, 1),
(199, 'Flexural Strength', 87, 300, 1),
(200, 'Flexural Strength', 88, 300, 1),
(201, 'Water Absorption', 88, 300, 1),
(202, 'COD (Filtered)', 22, 700, 1),
(203, '<p>BOD<sub>5</sub>(Filtered)</p>', 22, 800, 1),
(204, '<p>BOD<sub>5</sub>(Total)</p>', 22, 800, 1),
(205, '<p>Sulphide (as S<sup>2-</sup>)</p>', 22, 500, 1),
(206, '<p>Sulphate(as SO<sub>4</sub><sup>2-</sup>)</p>', 22, 500, 1),
(207, '<p>Alkalinity(as mg CaCO<sub>3</sub>/l)</p>', 22, 300, 1),
(208, 'Total Suspended Solids (mg/l)', 22, 550, 1),
(210, 'Volatile Suspended Solids (mg/l)', 22, 700, 1),
(211, '<p>Chlorides(as Cl<sup>-</sup>)</p>', 22, 350, 1),
(212, 'Nickel', 22, 600, 1),
(213, 'Iron', 22, 700, 1),
(214, 'Magnesium', 22, 500, 1),
(215, 'Copper', 22, 600, 1),
(216, 'Hardness', 22, 500, 1),
(217, 'Nitrates', 22, 700, 1),
(218, 'Nitrites', 22, 700, 1),
(219, 'Turbity', 22, 300, 1),
(220, 'Faecal coliform(E.Coli/MPN)', 22, 1000, 1),
(221, 'TDS', 22, 500, 1),
(222, 'Taste & Odour', 22, 100, 1),
(223, 'Calcium, Ca(Mg/l)', 22, 500, 1),
(224, 'Residual Free chloride (Mg/l)', 22, 500, 1),
(225, 'Flourides', 22, 400, 1),
(227, 'COD(Total)', 14, 800, 1),
(228, 'COD (Filtered)', 14, 700, 1),
(229, '<p>BOD<sub>5</sub>(Total)</p>', 14, 800, 1),
(230, 'Mix Design', 94, 15000, 1),
(231, 'Mix Design', 111, 15000, 1),
(232, '<p>BOD<sub>5</sub>(Filtered)</p>', 14, 800, 1),
(235, '<p>Sulphide (as S<sup>2-</sup>)</p>', 14, 500, 1),
(236, 'Mix Design', 93, 15000, 1),
(237, '<p>Sulphate(as SO<sub>4</sub><sup>2-</sup>)</p>', 14, 500, 1),
(238, '<p>Alkalinity(as mg CaCO<sub>3</sub>/l)</p>', 14, 300, 1),
(239, 'Total Suspended Solids (mg/l)', 14, 550, 1),
(240, 'Volatile Suspended Solids (mg/l)', 14, 700, 1),
(241, 'Mix Design', 109, 15000, 1),
(242, '<p>Chlorides(as Cl<sup>-</sup>)</p>', 14, 350, 1),
(243, 'Nickel', 14, 600, 1),
(244, 'Iron', 14, 700, 1),
(245, 'Magnesium', 14, 500, 1),
(246, 'Copper', 14, 600, 1),
(247, 'Hardness', 14, 500, 1),
(248, 'Nitrates', 14, 700, 1),
(249, 'Nitrites', 14, 700, 1),
(250, 'Turbity', 14, 300, 1),
(251, 'Faecal coliform(E.Coli/MPN)', 14, 1000, 1),
(252, 'TDS', 14, 500, 1),
(253, 'Taste & Odour', 14, 100, 1),
(254, 'Calcium, Ca(Mg/l)', 14, 500, 1),
(255, 'Residual Free chloride (Mg/l)', 14, 500, 1),
(256, 'Flourides', 14, 400, 1),
(257, 'pH', 23, 300, 1),
(258, 'Colour', 23, 300, 1),
(259, 'COD(Total)', 23, 800, 1),
(260, 'COD (Filtered)', 23, 700, 1),
(261, '<p>BOD<sub>5</sub>(Total)</p>', 23, 800, 1),
(262, '<p>BOD<sub>5</sub>(Filtered)</p>', 23, 800, 1),
(263, '<p>Sulphide (as S<sup>2-</sup>)</p>', 23, 500, 1),
(264, '<p>Sulphate(as SO<sub>4</sub><sup>2-</sup>)</p>', 23, 500, 1),
(265, '<p>Alkalinity(as mg CaCO<sub>3</sub>/l)</p>', 23, 300, 1),
(266, 'Total Suspended Solids (mg/l)', 23, 550, 1),
(267, 'Volatile Suspended Solids (mg/l)', 23, 700, 1),
(268, '<p>Chlorides(as Cl<sup>-</sup>)</p>', 23, 350, 1),
(269, 'Nickel', 23, 600, 1),
(270, 'Iron', 23, 700, 1),
(271, 'Magnesium', 23, 500, 1),
(272, 'Copper', 23, 600, 1),
(273, 'Hardness', 23, 500, 1),
(274, 'Nitrates', 23, 700, 1),
(275, 'Nitrites', 23, 700, 1),
(276, 'Turbity', 23, 300, 1),
(277, 'Faecal coliform(E.Coli/MPN)', 23, 1000, 1),
(278, 'TDS', 23, 500, 1),
(279, 'Taste & Odour', 23, 100, 1),
(280, 'Calcium, Ca(Mg/l)', 23, 500, 1),
(281, 'Residual Free chloride (Mg/l)', 23, 500, 1),
(282, 'Flourides', 23, 400, 1),
(283, 'pH', 16, 300, 1),
(284, 'Colour', 16, 300, 1),
(285, 'COD(Total)', 16, 800, 1),
(286, 'COD (Filtered)', 16, 800, 1),
(287, '<p>BOD<sub>5</sub>(Total)</p>', 16, 800, 1),
(288, '<p>BOD<sub>5</sub>(Filtered)</p>', 16, 800, 1),
(289, '<p>Sulphide (as S<sup>2-</sup>)</p>', 16, 500, 1),
(290, '<p>Sulphate(as SO<sub>4</sub><sup>2-</sup>)</p>', 16, 500, 1),
(291, '<p>Alkalinity(as mg CaCO<sub>3</sub>/l)</p>', 16, 300, 1),
(292, 'Total Suspended Solids (mg/l)', 16, 550, 1),
(293, 'Volatile Suspended Solids (mg/l)', 16, 700, 1),
(294, '<p>Chlorides(as Cl<sup>-</sup>)</p>', 16, 350, 1),
(295, 'Nickel', 16, 600, 1),
(296, 'Iron', 16, 700, 1),
(297, 'Magnesium', 16, 500, 1),
(298, 'Copper', 16, 600, 1),
(299, 'Hardness', 16, 500, 1),
(300, 'Nitrates', 16, 700, 1),
(301, 'Nitrites', 16, 700, 1),
(302, 'Turbity', 16, 300, 1),
(303, 'Faecal coliform(E.Coli/MPN)', 16, 1000, 1),
(304, 'Mix Design', 96, 15000, 1),
(305, 'TDS', 16, 500, 1),
(306, 'Taste & Odour', 16, 100, 1),
(307, 'Mix Design', 98, 15000, 1),
(308, 'Calcium, Ca(Mg/l)', 16, 500, 1),
(309, 'Residual Free chloride (Mg/l)', 16, 500, 1),
(310, 'Mix Design', 99, 15000, 1),
(311, 'Flourides', 16, 400, 1),
(312, 'Mix Design', 100, 15000, 1),
(314, 'Water For Construction Purpose', 24, 1500, 1),
(315, 'Mix Design', 102, 8000, 1),
(316, 'Water For Construction Purpose', 17, 1500, 1),
(317, 'Mix Design', 103, 8000, 1),
(318, 'Mix Design', 105, 8000, 1),
(320, 'Mix Design', 95, 15000, 1),
(322, 'Mix Design', 106, 8000, 1),
(325, 'Mix Design', 107, 8000, 1),
(326, 'Mix Design', 108, 10000, 1),
(329, 'Mix Design', 125, 15000, 1),
(330, 'Mix Design', 114, 15000, 1),
(333, 'Mix Design', 115, 15000, 1),
(334, 'Mix Design', 116, 15000, 1),
(336, 'Cement Concrete Test', 47, 2100, 1),
(337, 'Mix Design', 117, 15000, 1),
(339, 'Mix Design', 119, 8000, 1),
(340, 'Mix Design', 112, 15000, 1),
(341, 'Mix Design', 121, 8000, 1),
(342, 'Mix Design', 122, 8000, 1),
(343, 'Mix Design', 123, 8000, 1),
(344, 'Mix Design', 124, 10000, 1),
(345, 'Mix Design', 113, 15000, 1),
(346, 'a) Moisture Content, b) Class Test, c) Grade and Density', 71, 1500, 1),
(348, 'Penetration Number Test', 63, 900, 1),
(349, 'Penetration Number Test', 64, 900, 1),
(350, 'Rebound Hammer Testing', 73, 15000, 1),
(351, 'Rebound Hammer Testing', 74, 15000, 1),
(352, 'Ultrasonic Testing', 89, 4000, 1),
(353, 'Ultrasonic Testing', 90, 4000, 1),
(354, 'Core Testing', 91, 15000, 1),
(355, 'CoreTesting', 126, 15000, 1),
(404, 'Mix Design', 120, 8000, 1),
(406, 'Bend Test, 0.2 Proof Stress, Ultimate Tensile Strength, Percentage Elongation', 81, 2500, 1),
(407, 'Bend Test, 0.2 Proof Stress, Ultimate Tensile Strength,  Percentage Elongation', 82, 2500, 1),
(408, 'Bend Test, 0.2 Proof Stress, Ultimate Tensile Strength,  Percentage Elongation', 75, 2500, 1),
(409, 'Bend Test, 0.2 Proof Stress, Ultimate Tensile Strength,  Percentage Elongation', 76, 2500, 1),
(410, 'Bend Test, 0.2 Proof Stress, Ultimate Tensile Strength,  Percentage Elongation', 83, 2500, 1),
(411, 'Bend Test, 0.2 Proof Stress, Ultimate Tensile Strength, Percentage Elongation', 84, 2500, 1),
(428, 'Water for Drinking Purpose', 26, 4500, 1),
(429, 'Water for Drinking Purpose', 19, 4500, 1),
(431, 'C.B.R Test (Soaked)', 15, 3000, 1),
(433, 'C.B.R Test (Unsoaked)', 15, 3000, 1),
(434, 'Gradation', 138, 800, 1),
(435, 'Gradation', 137, 800, 1),
(436, 'Bitumen (Ductility Value, Softening Point & Total Soluble Solids)', 137, 5000, 1),
(437, 'Bitumen (Ductility Value, Softening Point & Total Soluble Solids)', 138, 5000, 1),
(438, 'a) Moisture Content, b) Class Test, c) Grade and Density', 72, 1500, 1),
(439, 'Physical State, Specific Gravity, PH Value, Dry Material, Content %, Ash Content, Chloride Content, 1.0% Admixture, Control Mix', 139, 10000, 1),
(440, 'Physical State, Specific Gravity, PH Value, Dry Material, Content %, Ash Content, Chloride Content, 1.0% Admixture, Control Mix', 140, 10000, 1),
(451, 'Ratio', 45, 2100, 1),
(452, 'Ratio', 42, 2100, 1),
(453, 'Ratio', 47, 2100, 1),
(454, 'Ratio', 48, 2100, 1),
(457, 'Bend Test, 0.2 Proof Stress, Ultimate Tensile Strength,  Percentage Elongation', 85, 2500, 1),
(458, 'Bend Test, 0.2 Proof Stress, Ultimate Tensile Strength,  Percentage Elongation', 79, 2500, 1),
(459, 'Bend Test, 0.2 Proof Stress, Ultimate Tensile Strength,  Percentage Elongation', 78, 2500, 1),
(460, 'Bend Test, 0.2 Proof Stress, Ultimate Tensile Strength,  Percentage Elongation', 77, 2500, 1),
(461, 'Bend Test, 0.2 Proof Stress, Ultimate Tensile Strength,  Percentage Elongation', 80, 2500, 1),
(462, 'Bend Test, 0.2 Proof Stress, Ultimate Tensile Strength,  Percentage Elongation', 86, 2500, 1),
(463, 'Chemical Test', 145, 3000, 1),
(464, 'Chemical Test', 146, 3000, 1),
(465, 'Initial & Final Setting time, Comp. Strength at 7 & 28 days curing, Soundness, Fineness, Consistency', 147, 2500, 1),
(466, 'Initial & Final Setting time, Comp. Strength at 7 & 28 days curing, Soundness, Fineness, Consistency', 148, 2500, 1),
(492, 'Liquid Limit & Plastic Limit', 15, 800, 1),
(493, 'Silt & Clay Content', 15, 800, 1),
(494, 'Silt & Clay Content', 154, 800, 1),
(495, 'Liquid Limit & Plastic Limit', 154, 800, 1),
(500, 'Specific Gravity', 154, 800, 1),
(501, 'Compaction Test (Dry Bulk Density)', 154, 1500, 1),
(502, 'Moisture Content', 154, 800, 1),
(503, 'Silt Content', 154, 800, 1),
(504, 'FIneness Modulus', 154, 800, 1),
(505, 'Sieve Analysis', 154, 800, 1),
(541, 'Silt & Clay Content', 156, 800, 1),
(542, 'Liquid Limit & Plastic Limit', 156, 800, 1),
(547, 'Specific Gravity', 156, 800, 1),
(548, 'Compaction Test (Dry Bulk Density)', 156, 1500, 1),
(549, 'Moisture Content', 156, 800, 1),
(550, 'Silt Content', 156, 800, 1),
(551, 'FIneness Modulus', 156, 800, 1),
(552, 'Sieve Analysis', 156, 800, 1),
(556, 'Deleterious Material', 164, 1500, 1),
(557, 'Deleterious Material', 165, 1500, 1),
(558, 'Deleterious Material ', 166, 1500, 1),
(559, 'Deleterious Material ', 167, 1500, 1),
(560, 'Deleterious Material ', 168, 1500, 1),
(561, 'Deleterious Material', 169, 1500, 1),
(565, 'Deleterious Material ', 173, 1500, 1),
(567, 'Deleterious Material', 174, 1500, 1),
(568, 'Water Absorption', 87, 300, 1),
(577, 'Bend Test, 0.2 Proof Stress, Ultimate Tensile Strength, Percentage Elongation ', 201, 1500, 1),
(578, 'Bend Test, 0.2 Proof Stress, Ultimate Tensile Strength, Percentage Elongation ', 202, 1500, 1),
(579, 'Bend Test, 0.2 Proof Stress, Ultimate Tensile Strength, Percentage Elongation ', 203, 1500, 1),
(580, 'Bend Test, 0.2 Proof Stress, Ultimate Tensile Strength, Percentage Elongation ', 204, 1500, 1),
(581, 'Bend Test, 0.2 Proof Stress, Ultimate Tensile Strength, Percentage Elongation ', 205, 1500, 1),
(582, 'Bend Test, 0.2 Proof Stress, Ultimate Tensile Strength, Percentage Elongation ', 208, 4000, 1),
(583, 'Bend Test, 0.2 Proof Stress, Ultimate Tensile Strength, Percentage Elongation ', 206, 2500, 1),
(584, 'Bend Test, 0.2 Proof Stress, Ultimate Tensile Strength, Percentage Elongation ', 207, 2500, 1),
(585, 'Bend Test, 0.2 Proof Stress, Ultimate Tensile Strength, Percentage Elongation ', 209, 1500, 1),
(586, 'Bend Test, 0.2 Proof Stress, Ultimate Tensile Strength, Percentage Elongation ', 211, 1500, 1),
(587, 'Bend Test, 0.2 Proof Stress, Ultimate Tensile Strength, Percentage Elongation ', 210, 1500, 1),
(588, 'Bend Test, 0.2 Proof Stress, Ultimate Tensile Strength, Percentage Elongation ', 215, 2500, 1),
(589, 'Bend Test, 0.2 Proof Stress, Ultimate Tensile Strength, Percentage Elongation ', 214, 2500, 1),
(590, 'Bend Test, 0.2 Proof Stress, Ultimate Tensile Strength, Percentage Elongation ', 216, 4000, 1),
(591, 'Bend Test, 0.2 Proof Stress, Ultimate Tensile Strength, Percentage Elongation', 213, 1500, 1),
(592, 'Bend Test, 0.2 Proof Stress, Ultimate Tensile Strength, Percentage Elongation ', 212, 1500, 1),
(593, 'Elongation', 217, 800, 1),
(594, 'Bulk Density', 217, 800, 1),
(595, 'AIV', 217, 800, 1),
(596, 'Water Absorption', 217, 800, 1),
(597, 'Specific Gravity', 217, 800, 1),
(598, 'Impact Value', 217, 800, 1),
(599, 'Flakiness Index', 217, 800, 1),
(600, 'Crushing Value/Strength', 217, 800, 1),
(601, 'Abrasion Value', 217, 800, 1),
(602, 'Gradation', 217, 800, 1),
(603, 'Gradation', 218, 800, 1),
(604, 'Abrasion Value', 218, 800, 1),
(605, 'Crushing Value/Strength', 218, 800, 1),
(606, 'Flakiness Index', 218, 800, 1),
(607, 'Impact Value', 218, 800, 1),
(608, 'Specific Gravity', 218, 800, 1),
(609, 'Water Absorption', 218, 800, 1),
(610, 'AIV', 218, 800, 1),
(611, 'Bulk Density', 218, 800, 1),
(612, 'Elongation', 218, 800, 1),
(613, 'Elongation', 219, 800, 1),
(614, 'Bulk Density', 219, 800, 1),
(615, 'AIV', 219, 800, 1),
(616, 'Water Absorption', 219, 800, 1),
(617, 'Specific Gravity', 219, 800, 1),
(618, 'Impact Value', 219, 800, 1),
(619, 'Flakiness Index', 219, 800, 1),
(620, 'Crushing Value/Strength', 219, 800, 1),
(621, 'Abrasion Value', 219, 800, 1),
(622, 'Gradation', 219, 800, 1),
(623, 'Gradation', 220, 800, 1),
(624, 'Abrasion Value', 220, 800, 1),
(625, 'Crushing Value/Strength', 220, 800, 1),
(626, 'Flakiness Index', 220, 800, 1),
(627, 'Impact Value', 220, 800, 1),
(628, 'Specific Gravity', 220, 800, 1),
(629, 'Water Absorption', 220, 800, 1),
(630, 'AIV', 220, 800, 1),
(631, 'Bulk Density', 220, 800, 1),
(632, 'Elongation', 220, 800, 1),
(633, 'Elongation', 221, 800, 1),
(634, 'Bulk Density', 221, 800, 1),
(635, 'AIV', 221, 800, 1),
(636, 'Water Absorption', 221, 800, 1),
(637, 'Specific Gravity', 221, 800, 1),
(638, 'Impact Value', 221, 800, 1),
(639, 'Flakiness Index', 221, 800, 1),
(640, 'Crushing Value/Strength', 221, 800, 1),
(641, 'Abrasion Value', 221, 800, 1),
(642, 'Gradation', 221, 800, 1),
(643, 'Gradation', 222, 800, 1),
(644, 'Abrasion Value', 222, 800, 1),
(645, 'Crushing Value/Strength', 222, 800, 1),
(646, 'Flakiness Index', 222, 800, 1),
(647, 'Impact Value', 222, 800, 1),
(648, 'Specific Gravity', 222, 800, 1),
(649, 'Water Absorption', 222, 800, 1),
(650, 'AIV', 222, 800, 1),
(651, 'Bulk Density', 222, 800, 1),
(652, 'Elongation', 222, 800, 1),
(653, 'Plain Area', 46, 2000, 1),
(654, 'Build up Area', 46, 2500, 1),
(655, 'Semi-Hill Area', 46, 2500, 1),
(656, 'Hilly Area', 46, 3000, 1),
(657, 'Hilly Area', 128, 3000, 1),
(658, 'Semi-Hill Area', 128, 2500, 1),
(659, 'Build up Area', 128, 2500, 1),
(660, 'Plain Area', 128, 2000, 1),
(662, 'Field CBR Tests', 15, 6000, 1),
(663, 'Bankelman Beam', 223, 6000, 1),
(664, 'Bankelman Beam', 225, 6000, 1),
(665, 'Pile Load Test', 224, 10000, 1),
(666, 'Pile Load Test', 226, 10000, 1),
(668, 'Compaction Test', 15, 10000, 1),
(685, 'Compaction Test', 230, 10000, 1),
(686, 'Field CBR Tests', 230, 6000, 1),
(687, 'Silt & Clay Content', 230, 800, 1),
(688, 'Liquid Limit & Plastic Limit', 230, 800, 1),
(689, 'C.B.R Test (Unsoaked)', 230, 3000, 1),
(690, 'C.B.R Test (Soaked)', 230, 3000, 1),
(691, 'Specific Gravity', 230, 800, 1),
(692, 'Compaction Test (Dry Bulk Density)', 230, 1500, 1),
(693, 'Moisture Content', 230, 800, 1),
(694, 'Silt Content', 230, 800, 1),
(695, 'FIneness Modulus', 230, 800, 1),
(696, 'Sieve Analysis', 230, 800, 1),
(697, 'Sieve Analysis', 231, 800, 1),
(698, 'FIneness Modulus', 231, 800, 1),
(699, 'Silt Content', 231, 800, 1),
(700, 'Moisture Content', 231, 800, 1),
(701, 'Compaction Test (Dry Bulk Density)', 231, 1500, 1),
(702, 'Specific Gravity', 231, 800, 1),
(703, 'Liquid Limit & Plastic Limit', 231, 800, 1),
(704, 'Silt & Clay Content', 231, 800, 1),
(705, 'Plot S parameter of one Antenna / Mircrowave device upto 6GHz', 240, 2000, 1),
(706, 'Plot S parameter of one Antenna / Mircrowave device upto 6GHz', 242, 2000, 1),
(707, 'Mix Design', 243, 15000, 1),
(708, 'Mix Design', 245, 8000, 1),
(709, 'Water Absorption, Comp. Strength, Efflorescence ', 247, 1200, 1),
(710, 'Water Absorption, Comp. Strength, Efflorescence', 248, 1200, 1),
(711, 'Uniformity Coefficient', 249, 800, 1),
(712, 'Uniformity Coefficient', 250, 800, 1),
(713, 'The Coefficient of Curvature', 251, 800, 1),
(714, 'The Coefficient of Curvature', 252, 800, 1),
(715, 'MDD & OMC', 253, 1800, 1),
(716, 'MDD & OMC', 254, 1800, 1),
(717, 'Plastic Limit/Liquid Limit', 253, 800, 1),
(718, 'Plastic Limit/Liquid Limit', 254, 800, 1),
(719, 'Uniformity Coefficient (D60/D10) in Graph', 253, 800, 1),
(720, 'Uniformity Coefficient (D60/D10) in Graph', 254, 800, 1),
(721, 'The Coefficient of Curvature', 253, 800, 1),
(722, 'The Coefficient of Curvature', 254, 800, 1),
(723, 'BM', 255, 1500, 1),
(724, 'BM', 256, 1500, 1),
(725, 'Bitumen Content', 255, 1500, 1),
(726, 'Bitumen Content', 256, 1500, 1),
(727, 'Gradation', 255, 800, 1),
(728, 'SDBC', 257, 1500, 1),
(729, 'SDBC', 258, 1500, 1),
(730, 'M.S.Plate', 259, 2500, 1),
(731, 'M.S.Plate', 260, 250, 1),
(732, 'PC', 261, 1500, 1),
(733, 'PC', 262, 1500, 1),
(734, 'Bitumen content, Gradation of Aggregates', 261, 2300, 1),
(735, 'Bitumen content, Gradation of Aggregates', 262, 2300, 1),
(736, 'DBM', 263, 1500, 1),
(737, 'DBM', 264, 1500, 1),
(738, 'CBR Value', 265, 1800, 1),
(739, 'CBR Value', 266, 1800, 1),
(740, 'PI Value', 265, 800, 1),
(741, 'PI Value', 266, 800, 1),
(742, 'MDD & OMC', 265, 1800, 1),
(743, 'MDD & OMC', 266, 1800, 1),
(744, 'Liquid Limit, Plastic Limit, Plasticity Index', 265, 1600, 1),
(745, 'Liquid Limit, Plastic Limit, Plasticity Index', 266, 1600, 1),
(746, 'CBR', 265, 3000, 1),
(747, 'CBR', 266, 3000, 1),
(748, 'Atterberg Limits', 265, 800, 1),
(749, 'Atterberg Limits', 266, 800, 1),
(750, 'Gradation/Sieve Analysis', 265, 800, 1),
(751, 'Gradation/Sieve Analysis', 266, 800, 1),
(752, 'Lab Density', 265, 1800, 1),
(753, 'Lab Density', 266, 1800, 1),
(754, 'Checking of Revised Drawing', 267, NULL, 1),
(755, 'Checking of Revised Drawing', 268, NULL, 1),
(756, 'Design For Bridge', 269, NULL, 1),
(757, 'Design For Bridge', 270, NULL, 1),
(758, 'Estimate', 271, NULL, 1),
(759, 'Estimate', 272, NULL, 1),
(760, 'Total Soluble Solids', 273, 500, 1),
(761, 'Total Soluble Solids', 274, 500, 1),
(762, 'Total Soluble Sulphates', 273, 500, 1),
(763, 'Total Soluble Sulphates', 274, 500, 1),
(764, 'Preparation of status report of Batteries', 275, 178000, 1),
(765, 'Preparation of status report of Batteries', 276, 178000, 1),
(766, 'Kerb Stone', 277, 600, 1),
(767, 'Kerb Stone', 278, 600, 1),
(768, 'Volume', 277, 500, 1),
(769, 'Volume', 278, 500, 1),
(770, 'Carbon, Sulphur, Phospohorus, Silicon, Manganese, Nickel, Chromium', 279, 3000, 1),
(771, 'Carbon, Sulphur, Phospohorus, Silicon, Manganese, Nickel, Chromium', 280, 3000, 1),
(772, 'Grade of Bitumen, Flash Point, Softing Point, Ductility Test', 281, 5000, 1),
(773, 'Grade of Bitumen, Flash Point, Softing Point, Ductility Test', 282, 5000, 1),
(774, 'MS Rod', 283, 2500, 1),
(775, 'MS Rod', 284, 2500, 1),
(776, 'Hollow Block', 285, 500, 1),
(777, 'Hollow Block', 286, 500, 1),
(778, 'Field Visit', 287, 9000, 1),
(779, 'Plate Load Test', 288, 6000, 1),
(780, 'Plate Load Test', 289, 6000, 1),
(781, 'Bentonite', 290, 5000, 1),
(782, 'Bentonite', 291, 5000, 1),
(783, 'Water Absorption', 292, 1000, 1),
(784, 'Water Absorption', 293, 1000, 1),
(785, 'Impact Test', 292, 1000, 1),
(786, 'Impact Test', 293, 1000, 1),
(787, 'Chemical Resistance', 292, 1000, 1),
(788, 'Chemical Resistance', 293, 1000, 1),
(789, 'Sieve Analysis', 294, 800, 1),
(790, 'Sieve Analysis', 295, 800, 1),
(791, 'Flakiness Index', 294, 800, 1),
(792, 'Flakiness Index', 295, 800, 1),
(793, 'Crushing Value/Strength ', 294, 800, 1),
(794, 'Crushing Value/Strength ', 295, 800, 1),
(795, 'Sieve Analysis', 296, 800, 1),
(796, 'Sieve Analysis', 297, 800, 1),
(797, 'Gradation', 296, 800, 1),
(798, 'Gradation', 297, 800, 1),
(799, 'Bulk Density', 296, 800, 1),
(800, 'Bulk Density', 297, 800, 1),
(801, 'Chemical Test', 298, 2500, 1),
(802, 'Chemical Test', 299, 2500, 1),
(803, 'Bulk Density Test', 300, 800, 1),
(804, 'Bulk Density Test', 301, 800, 1),
(805, 'Flakiness/Elongation Test', 300, 800, 1),
(806, 'Flakiness/Elongation Test', 301, 800, 1),
(807, 'Crushing Value', 300, 800, 1),
(808, 'Crushing Value', 301, 800, 1),
(809, 'Physical Test', 302, 1500, 1),
(810, 'Physical Test', 303, 1500, 1),
(811, 'Chemical Test', 302, 2000, 1),
(812, 'Chemical Test', 303, 2000, 1),
(813, 'Impact Test', 304, 800, 1),
(814, 'Impact Test', 305, 800, 1),
(815, 'Abrassion Test', 304, 800, 1),
(816, 'Abrassion Test', 305, 800, 1),
(817, 'Abrassion Test', 305, 800, 1),
(818, 'Water Absorption Test', 304, 800, 1),
(819, 'Water Absorption Test', 305, 800, 1),
(820, 'Job Mix Formula', 306, 6000, 1),
(821, 'Job Mix Formula', 307, 6000, 1),
(822, 'Slope Stability Analysis', 308, 10000, 1),
(823, 'Slope Stability Analysis', 309, 10000, 1),
(824, '5 m depth', 310, 4000, 1),
(825, 'Gradation', 311, 800, 1),
(826, 'Gradation', 312, 800, 1),
(827, 'MDD & OMC', 311, 1800, 1),
(828, 'MDD & OMC', 312, 1800, 1),
(829, 'Impact Value', 311, 800, 1),
(830, 'Impact Value', 312, 800, 1),
(831, 'Vetting of Hydraulic Design', 313, 10000, 1),
(832, 'Vetting of Hydraulic Design', 314, 10000, 1),
(833, 'Soil Resistivity Test', 318, 14000, 1),
(834, 'Soil Resistivity Test', 319, 14000, 1),
(835, 'Training to Local Govt. Officers (Material & Quality Testing of Civil Works)', 320, 26700, 1),
(836, 'Training to Local Govt. Officers (Material & Quality Testing of Civil Works)', 321, 26700, 1),
(837, 'Training to Local Govt. Officers (Material & Quality Testing of Civil Works)', 322, 53400, 1),
(838, 'Training to Local Govt. Officers (Material & Quality Testing of Civil Works)', 323, 53400, 1),
(839, 'Training to Local Govt. Officers (Material & Quality Testing of Civil Works)', 324, 53400, 1),
(840, 'Training to Local Govt. Officers (Material & Quality Testing of Civil Works)', 325, 53400, 1),
(841, 'Chemical Analysis of Soil (Total Soluble Sulphates)', 326, 2000, 1),
(842, 'Chemical Analysis of Soil (Total Soluble Sulphates)', 327, 2000, 1),
(843, 'Chemical Analysis, Water Soil Extract  of the samples', 328, 2000, 1),
(844, 'Chemical Analysis, Water Soil Extract  of the samples', 329, 2000, 1),
(845, 'PVC Wires', 330, 10000, 1),
(846, 'PVC Wires', 331, 10000, 1),
(847, 'MDD & OMC', 230, 1800, 1),
(848, 'MDD & OMC', 15, 1800, 1),
(849, 'Liquid Limit, Plastic Limit, Plasticity Index', 230, 1600, 1),
(850, 'Liquid Limit, Plastic Limit, Plasticity Index', 15, 1600, 1),
(851, 'Sand Content', 230, 800, 1),
(852, 'Sand Content', 15, 800, 1),
(853, 'Bulk Density', 230, 1800, 1),
(854, 'Bulk Density', 15, 1800, 1),
(855, 'Ammonia Nitrogen mg/l', 23, 500, 1),
(856, 'Ammonia Nitrogen mg/l', 16, 500, 1),
(857, 'Total phosphorus in mg/l', 23, 500, 1),
(858, 'Total phosphorus in mg/l', 16, 500, 1),
(859, 'TKN', 23, 600, 1),
(860, 'TKN', 16, 600, 1),
(861, 'Bulk Density', 231, 800, 1),
(862, 'Bulk Density', 154, 800, 1),
(863, 'CBR Test (Soaked)', 231, 1800, 1),
(864, 'CBR Test (Soaked)', 154, 1800, 1),
(865, 'CBR Test (Unsoaked)', 231, 1800, 1),
(866, 'CBR Test (Unsoaked)', 154, 1800, 1),
(867, 'Sieve Analysis with Graph', 231, 1500, 1),
(868, 'Sieve Analysis with Graph', 154, 1500, 1),
(869, 'Sieve Analysis', 219, 800, 1),
(870, 'Sieve Analysis', 222, 800, 1),
(871, 'Flakiness Index', 156, 800, 1),
(872, 'Crushing Value', 156, 800, 1),
(873, 'Gradation/Determination of Particle size', 156, 800, 1),
(874, 'depth 0-5 m', 333, 4000, 1),
(875, 'depth 0-10 m', 333, 6000, 1),
(876, 'depth 0-15 m', 333, 10500, 1),
(879, 'To Check the insitu density', 333, 5000, 1),
(880, 'To Suggest Remetial measures', 333, 5000, 1),
(881, 'BC', 281, 1500, 1),
(882, 'BC', 282, 1500, 1),
(883, 'Concrete Ratio', 334, 2100, 1),
(884, 'Concrete Ratio', 335, 2100, 1),
(885, 'Karb', 336, 2500, 1),
(886, 'Karb', 337, 2500, 1),
(887, 'Soundness Tests', 219, 800, 1),
(888, 'Soundness Tests', 222, 800, 1),
(889, 'Abrabation Resistances', 87, 2500, 1),
(890, 'Abrabation Resistances', 88, 2500, 1),
(891, 'PI Value', 230, 800, 1),
(892, 'PI Value', 15, 800, 1),
(893, 'Deleterious Material', 338, 1500, 1),
(894, 'Deleterious Material', 339, 1500, 1),
(895, 'BM', 137, 1500, 1),
(896, 'BM', 138, 1500, 1),
(897, 'PC', 137, 1500, 1),
(898, 'PC', 138, 1500, 1),
(899, 'Gradation of Aggregates', 281, 800, 1),
(900, 'Gradation of Aggregates', 282, 800, 1),
(901, 'Gradation', 230, 800, 1),
(902, 'Gradation', 15, 800, 1),
(903, 'Abrasion Test', 87, 2000, 1),
(904, 'Abrasion Test', 88, 2000, 1),
(905, 'Six Weeks Training', 341, 2000, 1),
(906, 'Six Weeks Training', 340, NULL, 1),
(907, 'Six Months Training', 341, 6000, 1),
(908, 'Six Months Training', 340, NULL, 1),
(909, 'Six Week Training (Electronic Circuit Design using VHDL)', 342, 4450, 1),
(910, 'Six Week Training (Electronic Circuit Design using VHDL)', 343, 4450, 1),
(911, 'Six Week Training (CAD Modeling & Analysis using Solid Works)', 345, 5340, 1),
(912, 'Six Week Training (CAD Modeling & Analysis using Solid Works)', 344, NULL, 1),
(913, 'Six Weeks Training', 348, 2670, 1),
(914, 'Six Weeks Training', 347, NULL, 1),
(915, 'Six Months Training', 348, 5340, 1),
(916, 'Six Months Training', 347, NULL, 1),
(917, 'Comp. Strength', 69, 400, 1),
(918, 'Comp. Strength', 70, 400, 1),
(919, 'Water Absorption', 69, 400, 1),
(920, 'Water Absorption', 70, 400, 1),
(921, 'Effloroscence', 69, 400, 1),
(922, 'Effloroscence', 70, 400, 1),
(923, 'Lab Density', 230, 1800, 1),
(924, 'Lab Density', 15, 1800, 1),
(925, 'Water For Construction and Drinking Purpose', 350, 6000, 1),
(926, 'Water For Construction and Drinking Purpose', 351, 6000, 1),
(927, 'Mock Test', 354, 445, 1),
(928, 'Complete Drinking Water Analysis', 26, 6000, 1),
(929, 'Complete Drinking Water Analysis', 19, 6000, 1),
(930, '<p>C<sup>&Phi;</sup></p>', 230, 1500, 1),
(931, '<p>&Phi;</p>', 15, 1500, 1),
(932, '<p>C<sup>&Phi;</sup></p>', 15, 1500, 1),
(933, '<p>&Phi;</p>', 230, 1500, 1),
(934, 'Diameter(8mm)', 205, 1500, 1),
(935, 'Diameter(8mm)', 213, 1500, 1),
(936, 'Gradation', 256, 800, 1),
(937, 'Mix Conversion Volume to Weight', 94, 3000, 1),
(938, 'Mix Conversion Volume to Weight', 111, 3000, 1),
(939, 'Project Guidance', 355, NULL, 1),
(940, 'Deleterious Material', 230, 1500, 1),
(941, 'Deleterious Material', 15, 1500, 1),
(942, 'Sieve Analysis, Bulking of Sand, Silt Content', 156, 2400, 1),
(943, 'MS Flat(50mm) and MS Square pipe', 213, 5000, 1),
(944, 'Basic Test', 72, 2400, 1),
(945, 'Moistrue Absorption, Specific gravity, Handness and D.thickness', 356, 3200, 1),
(946, 'Moistrue Absorption, Specific gravity, Handness and D.thickness', 357, 3200, 1),
(947, 'Moistrue Absorption, Specific gravity, Handness and D.thickness', 358, 2400, 1),
(948, 'Moistrue Absorption, Specific gravity, Handness and D.thickness', 359, 2400, 1),
(949, 'MS Flat(50mm) and MS Square pipe', 205, 5000, 1),
(950, 'STAD PRO Software', 361, 3560, 1),
(951, 'Chemical Test', 205, 2000, 1),
(952, 'Chemical Test', 213, 2000, 1),
(953, 'Evaluation of Rough Cost Estimate prepared by B & R', 362, NULL, 1),
(954, 'Evaluation of Rough Cost Estimate prepared by B & R', 363, NULL, 1),
(955, 'Ammonia Nitrogen in mg/l', 22, 500, 1),
(956, 'Ammonia Nitrogen in mg/l', 14, 500, 1),
(957, 'Total Phosphorus in mg/l', 22, 500, 1),
(958, 'Total Phosphorus in mg/l', 14, 500, 1),
(959, 'TKN', 22, 700, 1),
(960, 'TKN', 14, 700, 1),
(961, 'Design for OHSR', 131, NULL, 1),
(962, 'Design for OHSR', 132, NULL, 1),
(963, 'Design of Water Supply and Sewerage Servcies', 365, NULL, 1),
(964, 'Design of Rigid Pavement', 365, NULL, 1),
(965, 'Construction Slurry Water', 17, 1500, 1),
(966, 'depth 0-11 m', 333, 6900, 1),
(967, 'depth 0-12 m', 333, 7800, 1),
(968, 'depth 0-13 m', 333, 8700, 1),
(969, 'depth 0-14 m', 333, 9600, 1),
(970, 'depth 0-16 m', 333, 11400, 1),
(971, 'depth 0-17 m', 333, 12300, 1),
(972, 'depth 0-18 m', 333, 13200, 1),
(973, 'depth 0-19 m', 333, 14100, 1),
(974, 'depth 0-20 m', 333, 15000, 1),
(975, 'depth 0-21 m', 333, 16200, 1),
(976, 'depth 0-22 m', 333, 17400, 1),
(977, 'depth 0-23 m', 333, 18600, 1),
(978, 'depth 0-24 m', 333, 19800, 1),
(979, 'depth 0-25 m', 333, 21000, 1),
(980, 'depth 0-26 m', 333, 22200, 1),
(981, 'depth 0-27 m', 333, 23400, 1),
(982, 'depth 0-28 m', 333, 24600, 1),
(983, 'depth 0-29 m', 333, 25800, 1),
(984, 'depth 0-30 m', 333, 27000, 1),
(985, 'depth 0-5 m', 364, 4000, 1),
(986, 'depth 0-10 m', 364, 6000, 1),
(987, 'depth 0-11 m', 364, 6900, 1),
(988, 'depth 0-12 m', 364, 7800, 1),
(989, 'depth 0-13 m', 364, 8700, 1),
(990, 'depth 0-14 m', 364, 9600, 1),
(991, 'depth 0-15 m', 364, 10500, 1),
(992, 'depth 0-16 m', 364, 11400, 1),
(993, 'depth 0-17 m', 364, 12300, 1),
(994, 'depth 0-18 m', 364, 13200, 1),
(995, 'depth 0-19 m', 364, 14100, 1),
(996, 'depth 0-20 m', 364, 15000, 1),
(997, 'depth 0-21 m', 364, 16200, 1),
(998, 'depth 0-22 m', 364, 17400, 1),
(999, 'depth 0-23 m', 364, 18600, 1),
(1000, 'depth 0-24 m', 364, 19800, 1),
(1001, 'depth 0-25 m', 364, 21000, 1),
(1002, 'depth 0-26 m', 364, 22200, 1),
(1003, 'depth 0-27 m', 364, 23400, 1),
(1004, 'depth 0-28 m', 364, 24600, 1),
(1005, 'depth 0-29 m', 364, 25800, 1),
(1006, 'depth 0-30 m', 364, 27000, 1),
(1007, 'Vetting of Structural Design', 366, NULL, 1),
(1008, 'Preparation of Civil Foundation Drawing of Secondary Air Fan', 365, NULL, 1),
(1009, 'CDF Amount', 370, 267, 1),
(1010, 'CDF Amount', 369, 178, 1),
(1011, 'Advance Amount', 372, NULL, 1),
(1013, 'Mix Design', 375, 20000, 1),
(1014, 'Mix Design', 376, 20000, 1);

-- --------------------------------------------------------

--
-- Table structure for table `catalog_purchaseditem`
--

CREATE TABLE IF NOT EXISTS `catalog_purchaseditem` (
  `id` int(11) NOT NULL AUTO_INCREMENT,
  `purchase_order_id` int(11) NOT NULL,
  `price_per_unit` int(11) NOT NULL,
  `qty` int(11) NOT NULL,
  `price` int(11) NOT NULL,
  `item_id` int(11) NOT NULL,
  PRIMARY KEY (`id`),
  KEY `catalog_purchaseditem_d30b3b8b` (`purchase_order_id`),
  KEY `catalog_purchaseditem_0a47aae8` (`item_id`)
) ENGINE=InnoDB  DEFAULT CHARSET=latin1 AUTO_INCREMENT=75 ;

--
-- Dumping data for table `catalog_purchaseditem`
--

INSERT INTO `catalog_purchaseditem` (`id`, `purchase_order_id`, `price_per_unit`, `qty`, `price`, `item_id`) VALUES
(1, 1, 300, 2, 600, 198),
(2, 2, 6000, 5, 30000, 875),
(3, 3, 6000, 3, 18000, 875),
(4, 3, 10500, 2, 21000, 876),
(5, 4, 1500, 1, 1500, 316),
(6, 4, 1500, 1, 1500, 965),
(7, 5, 6000, 1, 6000, 4),
(8, 6, 300, 2, 600, 710),
(9, 7, 2100, 1, 2100, 454),
(10, 8, 1500, 3, 4500, 898),
(11, 9, 2500, 1, 2500, 466),
(12, 10, 8000, 1, 8000, 341),
(13, 11, 5000, 1, 5000, 1007),
(14, 12, 500, 2, 1000, 70),
(15, 13, 2100, 1, 2100, 454),
(16, 14, 14685, 1, 14685, 939),
(17, 15, 500, 2, 1000, 70),
(18, 16, 300, 8, 2400, 198),
(19, 17, 3000, 4, 12000, 747),
(20, 17, 1600, 2, 3200, 745),
(21, 18, 1500, 1, 1500, 586),
(22, 18, 1200, 2, 2400, 191),
(23, 18, 2500, 1, 2500, 466),
(24, 18, 500, 2, 1000, 70),
(25, 19, 3000, 1, 3000, 747),
(26, 19, 800, 1, 800, 751),
(27, 20, 73870, 1, 73870, 939),
(28, 21, 2500, 1, 2500, 466),
(29, 22, 800, 2, 1600, 229),
(30, 22, 800, 2, 1600, 227),
(31, 22, 1000, 2, 2000, 251),
(32, 22, 550, 2, 1100, 239),
(35, 24, 10000, 1, 10000, 344),
(36, 24, 15000, 1, 15000, 964),
(37, 25, 8000, 1, 8000, 342),
(38, 25, 2500, 1, 2500, 466),
(39, 25, 1500, 1, 1500, 585),
(40, 25, 1500, 1, 1500, 587),
(41, 25, 1500, 1, 1500, 586),
(42, 25, 1500, 1, 1500, 592),
(43, 25, 1500, 1, 1500, 591),
(44, 25, 2500, 1, 2500, 589),
(45, 25, 1500, 4, 6000, 316),
(46, 25, 1200, 4, 4800, 191),
(47, 25, 800, 4, 3200, 547),
(48, 25, 800, 4, 3200, 547),
(49, 25, 800, 4, 3200, 629),
(50, 25, 800, 4, 3200, 628),
(51, 26, 9000, 1, 9000, 962),
(52, 27, 500, 2, 1000, 70),
(53, 28, 1200, 1, 1200, 191),
(54, 29, 300, 3, 900, 710),
(55, 30, 6000, 5, 30000, 875),
(56, 30, 15000, 1, 15000, 974),
(57, 30, 27000, 1, 27000, 984),
(58, 31, 500, 1, 500, 70),
(59, 32, 1800, 1, 1800, 848),
(60, 32, 800, 1, 800, 892),
(61, 32, 800, 1, 800, 741),
(62, 32, 1800, 1, 1800, 743),
(63, 33, 500, 1, 500, 70),
(64, 34, 300, 1, 300, 198),
(65, 35, 500, 1, 500, 70),
(66, 36, 500, 1, 500, 70),
(67, 37, 500, 1, 500, 70),
(68, 38, 500, 1, 500, 70),
(69, 39, 500, 1, 500, 70),
(70, 40, 500, 1, 500, 70),
(71, 41, 500, 1, 500, 70),
(72, 42, 500, 1, 500, 70),
(73, 43, 500, 1, 500, 70),
(74, 44, 500, 2, 1000, 777);

-- --------------------------------------------------------

--
-- Table structure for table `catalog_purchaseorder`
--

CREATE TABLE IF NOT EXISTS `catalog_purchaseorder` (
  `id` int(11) NOT NULL AUTO_INCREMENT,
  `buyer_id` int(11) NOT NULL,
  `is_debit` tinyint(1) NOT NULL,
  `reference` varchar(200) NOT NULL,
  `reference_date` date DEFAULT NULL,
  `delivery_address` varchar(500) DEFAULT NULL,
  `organisation_id` int(11) NOT NULL,
  `date_time` date NOT NULL,
  `purchase_order_time` time NOT NULL,
  `total_discount` int(11) NOT NULL,
  `tds` int(11) NOT NULL,
  `mode_of_payment_id` int(11) NOT NULL,
  `cheque_dd_number` varchar(50) NOT NULL,
  `cheque_dd_date` date DEFAULT NULL,
  `is_active` tinyint(1) NOT NULL,
  `type_of_service_id` int(11) NOT NULL,
  PRIMARY KEY (`id`),
  KEY `catalog_purchaseorder_f56062d8` (`buyer_id`),
  KEY `catalog_purchaseorder_98ab8dfd` (`organisation_id`),
  KEY `catalog_purchaseorder_8abcf960` (`mode_of_payment_id`)
) ENGINE=InnoDB  DEFAULT CHARSET=latin1 AUTO_INCREMENT=45 ;

--
-- Dumping data for table `catalog_purchaseorder`
--

INSERT INTO `catalog_purchaseorder` (`id`, `buyer_id`, `is_debit`, `reference`, `reference_date`, `delivery_address`, `organisation_id`, `date_time`, `purchase_order_time`, `total_discount`, `tds`, `mode_of_payment_id`, `cheque_dd_number`, `cheque_dd_date`, `is_active`, `type_of_service_id`) VALUES
(1, 602, 0, 'Nil', '2014-12-20', 'Village Khanpur', 1, '2014-12-22', '22:49:05', 0, 0, 1, '', NULL, 1, 0),
(2, 603, 0, 'P.Bill-175', '2014-12-08', 'Chandigarh Road, Neelon, Ludhiana', 1, '2014-12-22', '03:23:44', 0, 742, 4, '', NULL, 1, 0),
(3, 524, 0, 'DMCH/BLDG/2014/2334', '2014-12-23', 'Construction Car Parking in our New DMC & Hospital, Tagore Nagar.', 1, '2014-12-23', '10:29:16', 0, 0, 2, '960809', '2014-12-22', 1, 0),
(4, 605, 0, 'P.Bill-165', '2014-12-01', 'Ludhiana', 1, '2014-12-23', '11:13:59', 0, 0, 1, '', NULL, 1, 0),
(5, 606, 0, 'nil', '2014-12-22', 'OHSR 50000 Litre Capacity at Chaur Sudhwan Block & Distt. Gurdaspur', 1, '2014-12-23', '11:33:53', 0, 0, 4, '', NULL, 1, 0),
(6, 590, 0, 'nil', '2014-12-23', 'Maloud Interlocking Tile Factory, Maloud (LDH)', 1, '2014-12-23', '11:50:23', 0, 0, 1, '', NULL, 1, 0),
(7, 532, 0, '453/EE-C', '2014-12-22', 'Adarsh Nagar Part B. Ward No.73', 1, '2014-12-23', '12:04:36', 0, 0, 1, '', NULL, 1, 0),
(8, 354, 0, '303', '2014-10-27', 'Sardar Nagar, Shinda Tempo, Krisna Street', 1, '2014-12-23', '12:12:56', 0, 0, 1, '', NULL, 1, 0),
(9, 158, 0, '529/PPHC/JAL', '2014-12-23', 'Store PPHC, Jalandhar', 1, '2014-12-23', '12:35:48', 0, 0, 1, '', NULL, 1, 0),
(10, 607, 0, 'Nil', '2014-12-17', 'Aditya Medisales L.T.D. Vill. Lalpur, Tehsil Bhunga, Hoshiarpur', 1, '2014-12-23', '13:12:44', 0, 0, 1, '', NULL, 1, 0),
(11, 608, 0, 'Nil', '2014-12-22', 'Plot No.460-461 G, BRS Nagar, Ferozepur Road, Ludhiana', 1, '2014-12-23', '14:54:18', 0, 0, 3, '548302', '2014-12-23', 1, 0),
(12, 610, 0, '2233', '2014-12-23', 'Construction of Sarai at Civil Hospital, Ludhiana', 1, '2014-12-23', '15:11:25', 0, 0, 1, '', NULL, 1, 0),
(13, 557, 0, '430', '2014-12-01', 'C/o CC flooring Streets in Gulmarg Colony', 1, '2014-12-23', '15:15:30', 0, 0, 1, '', NULL, 1, 0),
(14, 341, 0, 'SIE/J-14/42', '2014-12-18', 'GNDEC, Ludhiana', 1, '2014-12-23', '15:38:25', 0, 0, 2, '942327', '2014-12-18', 1, 0),
(15, 455, 0, 'nil', '2014-12-19', 'C/o Building(House) at New Green City', 1, '2014-12-23', '15:42:59', 0, 0, 1, '', NULL, 1, 0),
(16, 463, 0, 'Spl.1', '2014-12-24', 'Widening of Existing 60 Feet and 45 feet wide roads in Sector 32-A, Samrala Road, Ludhiana ( 60 mm thick Pavers)', 1, '2014-12-24', '10:03:08', 0, 0, 1, '', NULL, 1, 0),
(17, 74, 0, 'P.Bill-171 & 172', '2014-12-05', 'P/F Cement Concerte Interlocking Pavers around Parks on road berms in sector-40, Samrala Road, Ludhiana (L.I.G Houses Parks) & C/o Footpath with CC interlocking Pavers around main park in sector-40, Ludhiana', 1, '2014-12-24', '10:09:06', 0, 1708, 3, '025371', '2014-12-19', 1, 0),
(18, 504, 0, '234-M', '2014-12-22', 'C/o Boundary wall of the Govt. Forest at Mattewara', 1, '2014-12-24', '16:24:10', 0, 0, 1, '', NULL, 1, 2),
(19, 609, 0, 'P.Bill-184', '2014-12-23', 'Central Sudhar Ghar at Amritsar', 1, '2014-12-24', '16:28:00', 0, 0, 4, '', NULL, 1, 3),
(20, 611, 0, 'nil', '2014-12-24', 'Indian Institute of Engineering Studies, Ludhiana', 1, '2014-12-26', '14:58:11', 0, 0, 1, '', NULL, 1, 3),
(21, 242, 0, '696/PPHC/JK', '2014-12-23', 'Store PPHC, Jahankhelan', 1, '2014-12-29', '11:53:27', 0, 0, 1, '', NULL, 1, 2),
(22, 185, 0, '562', '2014-12-29', 'Sew. Traetment Plant at Dera Baba Nanak', 1, '2014-12-30', '10:35:25', 0, 0, 1, '', NULL, 1, 2),
(24, 604, 0, '3223 (P.Bill-182)', '2014-12-29', 'Dhangu Road, Pathankot', 1, '2014-12-30', '14:47:27', 0, 0, 3, '006498', '2014-12-29', 1, 2),
(25, 613, 0, 'Test/21st/GNDU/Bharti', '2014-12-31', 'Construction Projects  for Bharti Foundation, Project Name- C/o Phase 2 of Govt. satya Bharti Adresh Senior Sec. Schools Punjab at Fatubilla (Amritsar), Sherpur Kalan (Ludhiana), Rauni (Ludhiana), Jhaneri ( Sangrur)', 1, '2015-01-01', '12:23:06', 0, 0, 1, '', NULL, 1, 3),
(26, 614, 0, 'nil', '2015-01-01', 'Sidhwan Chor, Gurdaspur', 1, '2015-01-01', '12:42:56', 0, 0, 1, '', NULL, 1, 3),
(27, 610, 0, '2233', '2014-12-23', 'Construction of Sarai at Civil Hospital, Ludhiana', 1, '2015-01-02', '12:00:31', 0, 0, 1, '', NULL, 1, 2),
(28, 395, 0, 'LDH/EN/B.W', '2015-01-02', 'C/o of Boundary wall, supplying & fixing of boundary posts along newly acquired land by DFCCIL from sambhu to Sanhewal in Punjab within the Jusrisdicition of CPM/DFCCIl/Ambala', 1, '2015-01-02', '12:27:15', 0, 0, 1, '', NULL, 1, 3),
(29, 617, 0, 'Spl.1', '2014-11-17', 'Construction of W.No.9 from house Kesar Singh Patvery to Beer Academy,Amloh', 1, '2015-01-02', '13:03:20', 0, 0, 1, '', NULL, 1, 2),
(30, 615, 0, 'Nil', '2015-01-01', 'Construction of 5 High Rise Towers at Delta City, Ludhiana', 1, '2015-01-02', '14:06:02', 0, 0, 2, '002332', '2015-01-02', 1, 3),
(31, 618, 0, 'NPPL/341', '2015-01-02', 'Nawanshahr', 1, '2015-01-02', '14:45:57', 0, 0, 1, '', NULL, 1, 3),
(32, 620, 0, '225', '2014-12-26', 'Upgradation of link road Mahilpur-Behram road to cheta', 1, '2015-01-02', '16:44:21', 0, 0, 1, '', NULL, 1, 2),
(33, 33, 0, 'Nil', '2015-01-05', 'Vardman Special Steel, Focal Point, Ludhiana', 1, '2015-01-05', '11:06:12', 0, 0, 1, '', NULL, 1, 3),
(34, 621, 0, 'Nil', '2015-01-05', 'Batth Interlock Tiles, ', 1, '2015-01-05', '11:40:24', 0, 0, 1, '', NULL, 1, 3),
(35, 164, 0, 'Spl-1', '2014-12-10', 'C/o 3rd Floor of Science Block of DAV Police Public School at Police Lines , Ludhiana', 1, '2015-01-06', '16:45:43', 0, 0, 1, '', NULL, 1, 2),
(36, 164, 0, '379/PPHC/LDH', '2014-12-31', 'C/o 3rd Floor of Science Block of DAV Police Public School at Police Lines , Ludhiana', 1, '2015-01-06', '16:47:46', 0, 0, 1, '', NULL, 1, 2),
(37, 164, 0, '05/PPHC/LDH', '2015-01-06', 'C/o Second Floor of Middle and High Block of DAV Police Public School at Police Lines, Ludhiana', 1, '2015-01-06', '16:50:23', 0, 0, 1, '', NULL, 1, 2),
(38, 541, 0, 'Spl-234', '2014-12-13', 'Amloh Rest House, Farehgarh Sahib', 1, '2015-01-07', '09:36:46', 0, 0, 1, '', NULL, 1, 2),
(39, 541, 0, 'Spl-235', '2014-12-15', 'Amloh Rest House, Farehgarh Sahib', 1, '2015-01-07', '09:39:20', 0, 0, 1, '', NULL, 1, 2),
(40, 541, 0, 'Spl-236', '2014-12-19', 'Amloh Rest House, Farehgarh Sahib', 1, '2015-01-07', '09:41:33', 0, 0, 1, '', NULL, 1, 2),
(41, 541, 0, 'Spl-237', '2014-12-23', 'Amloh Rest House, Farehgarh Sahib', 1, '2015-01-07', '09:43:39', 0, 0, 1, '', NULL, 1, 2),
(42, 541, 0, 'Spl-238', '2014-12-25', 'Amloh Rest House, Farehgarh Sahib', 1, '2015-01-07', '09:45:29', 0, 0, 1, '', NULL, 1, 2),
(43, 541, 0, 'Spl-239', '2014-12-30', 'Amloh Rest House, Farehgarh Sahib', 1, '2015-01-07', '09:47:37', 0, 0, 1, '', NULL, 1, 2),
(44, 624, 0, 'Nil', '2015-01-07', 'Ludhiana', 1, '2015-01-07', '12:20:28', 0, 0, 1, '', NULL, 1, 3);

-- --------------------------------------------------------

--
-- Table structure for table `catalog_requeststatus`
--

CREATE TABLE IF NOT EXISTS `catalog_requeststatus` (
  `id` int(11) NOT NULL AUTO_INCREMENT,
  `change_request_id` int(11) NOT NULL,
  `confirmed` tinyint(1) NOT NULL,
  `cancelled` tinyint(1) NOT NULL,
  `request_response` date DEFAULT NULL,
  PRIMARY KEY (`id`),
  KEY `catalog_requeststatus_f2ed78a0` (`change_request_id`)
) ENGINE=InnoDB DEFAULT CHARSET=latin1 AUTO_INCREMENT=1 ;

-- --------------------------------------------------------

--
-- Table structure for table `catalog_requestsurchargechange`
--

CREATE TABLE IF NOT EXISTS `catalog_requestsurchargechange` (
  `id` int(11) NOT NULL AUTO_INCREMENT,
  `change_request_id` int(11) NOT NULL,
  `surcharge_id` int(11) NOT NULL,
  `previous_value` int(11) NOT NULL,
  `new_value` int(11) NOT NULL,
  PRIMARY KEY (`id`),
  KEY `catalog_requestsurchargechange_f2ed78a0` (`change_request_id`),
  KEY `catalog_requestsurchargechange_2811d044` (`surcharge_id`)
) ENGINE=InnoDB DEFAULT CHARSET=latin1 AUTO_INCREMENT=1 ;

-- --------------------------------------------------------

--
-- Table structure for table `catalog_specialcategories`
--

CREATE TABLE IF NOT EXISTS `catalog_specialcategories` (
  `id` int(11) NOT NULL AUTO_INCREMENT,
  `category_id` int(11) NOT NULL,
  `voucher` tinyint(1) NOT NULL,
  `tax` tinyint(1) NOT NULL,
  PRIMARY KEY (`id`),
  KEY `catalog_specialcategories_6f33f001` (`category_id`)
) ENGINE=InnoDB  DEFAULT CHARSET=latin1 AUTO_INCREMENT=8 ;

--
-- Dumping data for table `catalog_specialcategories`
--

INSERT INTO `catalog_specialcategories` (`id`, `category_id`, `voucher`, `tax`) VALUES
(1, 370, 0, 1),
(2, 369, 0, 1),
(4, 372, 0, 0),
(5, 340, 0, 0),
(6, 344, 0, 0),
(7, 347, 0, 0);

-- --------------------------------------------------------

--
-- Table structure for table `catalog_surcharge`
--

CREATE TABLE IF NOT EXISTS `catalog_surcharge` (
  `id` int(11) NOT NULL AUTO_INCREMENT,
  `tax_name` varchar(200) NOT NULL,
  `value` double NOT NULL,
  `taxes_included` tinyint(1) NOT NULL,
  `tax_effected_from` date DEFAULT NULL,
  `tax_valid_till` date DEFAULT NULL,
  `Remark` varchar(1000) DEFAULT NULL,
  PRIMARY KEY (`id`)
) ENGINE=InnoDB  DEFAULT CHARSET=latin1 AUTO_INCREMENT=5 ;

--
-- Dumping data for table `catalog_surcharge`
--

INSERT INTO `catalog_surcharge` (`id`, `tax_name`, `value`, `taxes_included`, `tax_effected_from`, `tax_valid_till`, `Remark`) VALUES
(1, 'Service Tax', 12, 1, '2014-09-05', '2014-09-19', 'None'),
(2, 'Transportation', 10, 0, '2014-09-01', '2014-09-19', 'None'),
(3, 'Higher Education Cess', 0.24, 1, '2014-09-15', '2014-09-20', 'None'),
(4, 'Education Cess', 0.12, 1, '2014-09-14', '2014-09-20', 'None');

-- --------------------------------------------------------

--
-- Table structure for table `catalog_surchargepaid`
--

CREATE TABLE IF NOT EXISTS `catalog_surchargepaid` (
  `id` int(11) NOT NULL AUTO_INCREMENT,
  `surcharge_id` int(11) NOT NULL,
  `value` int(11) NOT NULL,
  `date` date NOT NULL,
  PRIMARY KEY (`id`),
  KEY `catalog_surchargepaid_2811d044` (`surcharge_id`)
) ENGINE=InnoDB DEFAULT CHARSET=latin1 AUTO_INCREMENT=1 ;

-- --------------------------------------------------------

--
-- Table structure for table `catalog_taxesapplied`
--

CREATE TABLE IF NOT EXISTS `catalog_taxesapplied` (
  `id` int(11) NOT NULL AUTO_INCREMENT,
  `purchase_order_id` int(11) NOT NULL,
  `surcharge_id` int(11) NOT NULL,
  `tax` int(11) NOT NULL,
  PRIMARY KEY (`id`),
  KEY `catalog_taxesapplied_d30b3b8b` (`purchase_order_id`),
  KEY `catalog_taxesapplied_2811d044` (`surcharge_id`)
) ENGINE=InnoDB  DEFAULT CHARSET=latin1 AUTO_INCREMENT=133 ;

--
-- Dumping data for table `catalog_taxesapplied`
--

INSERT INTO `catalog_taxesapplied` (`id`, `purchase_order_id`, `surcharge_id`, `tax`) VALUES
(1, 1, 1, 72),
(2, 1, 3, 1),
(3, 1, 4, 1),
(4, 2, 1, 3960),
(5, 2, 3, 79),
(6, 2, 4, 40),
(7, 3, 1, 5400),
(8, 3, 3, 108),
(9, 3, 4, 54),
(10, 4, 1, 360),
(11, 4, 3, 7),
(12, 4, 4, 4),
(13, 5, 1, 1080),
(14, 5, 3, 22),
(15, 5, 4, 11),
(16, 6, 1, 72),
(17, 6, 3, 1),
(18, 6, 4, 1),
(19, 7, 1, 252),
(20, 7, 3, 5),
(21, 7, 4, 3),
(22, 8, 1, 540),
(23, 8, 3, 11),
(24, 8, 4, 5),
(25, 9, 1, 300),
(26, 9, 3, 6),
(27, 9, 4, 3),
(28, 10, 1, 960),
(29, 10, 3, 19),
(30, 10, 4, 10),
(31, 11, 1, 600),
(32, 11, 3, 12),
(33, 11, 4, 6),
(34, 12, 1, 120),
(35, 12, 3, 2),
(36, 12, 4, 1),
(37, 13, 1, 252),
(38, 13, 3, 5),
(39, 13, 4, 3),
(40, 14, 1, 1762),
(41, 14, 3, 35),
(42, 14, 4, 18),
(43, 15, 1, 120),
(44, 15, 3, 2),
(45, 15, 4, 1),
(46, 16, 1, 288),
(47, 16, 3, 6),
(48, 16, 4, 3),
(49, 17, 1, 1824),
(50, 17, 3, 36),
(51, 17, 4, 18),
(52, 18, 1, 888),
(53, 18, 3, 18),
(54, 18, 4, 9),
(55, 19, 1, 456),
(56, 19, 3, 9),
(57, 19, 4, 5),
(58, 20, 1, 8864),
(59, 20, 3, 177),
(60, 20, 4, 89),
(61, 21, 1, 300),
(62, 21, 3, 6),
(63, 21, 4, 3),
(64, 22, 1, 756),
(65, 22, 3, 15),
(66, 22, 4, 8),
(70, 24, 1, 3000),
(71, 24, 3, 60),
(72, 24, 4, 30),
(73, 25, 1, 5292),
(74, 25, 3, 106),
(75, 25, 4, 53),
(76, 26, 1, 1080),
(77, 26, 3, 22),
(78, 26, 4, 11),
(79, 27, 1, 120),
(80, 27, 3, 2),
(81, 27, 4, 1),
(82, 28, 1, 144),
(83, 28, 3, 3),
(84, 28, 4, 1),
(85, 29, 1, 108),
(86, 29, 3, 2),
(87, 29, 4, 1),
(88, 30, 1, 9720),
(89, 30, 3, 194),
(90, 30, 4, 97),
(91, 31, 1, 60),
(92, 31, 3, 1),
(93, 31, 4, 1),
(94, 32, 1, 624),
(95, 32, 3, 12),
(96, 32, 4, 6),
(97, 33, 1, 60),
(98, 33, 3, 1),
(99, 33, 4, 1),
(100, 34, 1, 36),
(101, 34, 3, 1),
(102, 34, 4, 0),
(103, 35, 1, 60),
(104, 35, 3, 1),
(105, 35, 4, 1),
(106, 36, 1, 60),
(107, 36, 3, 1),
(108, 36, 4, 1),
(109, 37, 1, 60),
(110, 37, 3, 1),
(111, 37, 4, 1),
(112, 38, 1, 60),
(113, 38, 3, 1),
(114, 38, 4, 1),
(115, 39, 1, 60),
(116, 39, 3, 1),
(117, 39, 4, 1),
(118, 40, 1, 60),
(119, 40, 3, 1),
(120, 40, 4, 1),
(121, 41, 1, 60),
(122, 41, 3, 1),
(123, 41, 4, 1),
(124, 42, 1, 60),
(125, 42, 3, 1),
(126, 42, 4, 1),
(127, 43, 1, 60),
(128, 43, 3, 1),
(129, 43, 4, 1),
(130, 44, 1, 120),
(131, 44, 3, 2),
(132, 44, 4, 1);

-- --------------------------------------------------------

--
-- Table structure for table `catalog_unit`
--

CREATE TABLE IF NOT EXISTS `catalog_unit` (
  `id` int(11) NOT NULL AUTO_INCREMENT,
  `unit` varchar(100) NOT NULL,
  PRIMARY KEY (`id`)
) ENGINE=InnoDB  DEFAULT CHARSET=latin1 AUTO_INCREMENT=2 ;

--
-- Dumping data for table `catalog_unit`
--

INSERT INTO `catalog_unit` (`id`, `unit`) VALUES
(1, 'No./s');

-- --------------------------------------------------------

--
-- Table structure for table `catalog_vehicle`
--

CREATE TABLE IF NOT EXISTS `catalog_vehicle` (
  `id` int(11) NOT NULL AUTO_INCREMENT,
  `vehicle_id` varchar(20) NOT NULL,
  `vehicle_no` varchar(20) NOT NULL,
  `vehicle_name` varchar(20) NOT NULL,
  PRIMARY KEY (`id`)
) ENGINE=InnoDB  DEFAULT CHARSET=latin1 AUTO_INCREMENT=2 ;

--
-- Dumping data for table `catalog_vehicle`
--

INSERT INTO `catalog_vehicle` (`id`, `vehicle_id`, `vehicle_no`, `vehicle_name`) VALUES
(1, 'Vehicle', 'PB 10 CG - 3323', 'My vehicle');

-- --------------------------------------------------------

--
-- Table structure for table `django_admin_log`
--

CREATE TABLE IF NOT EXISTS `django_admin_log` (
  `id` int(11) NOT NULL AUTO_INCREMENT,
  `action_time` datetime NOT NULL,
  `object_id` longtext,
  `object_repr` varchar(200) NOT NULL,
  `action_flag` smallint(5) unsigned NOT NULL,
  `change_message` longtext NOT NULL,
  `content_type_id` int(11) DEFAULT NULL,
  `user_id` int(11) NOT NULL,
  PRIMARY KEY (`id`),
  KEY `django_admin_log_417f1b1c` (`content_type_id`),
  KEY `django_admin_log_e8701ad4` (`user_id`)
) ENGINE=InnoDB  DEFAULT CHARSET=latin1 AUTO_INCREMENT=3048 ;

--
-- Dumping data for table `django_admin_log`
--

INSERT INTO `django_admin_log` (`id`, `action_time`, `object_id`, `object_repr`, `action_flag`, `change_message`, `content_type_id`, `user_id`) VALUES
(1, '2014-09-10 05:12:41', '1', 'Soil Lab', 1, '', 9, 1),
(2, '2014-09-10 05:12:57', '2', 'Som Lab', 1, '', 9, 1),
(3, '2014-09-10 05:13:15', '3', 'Environmental Lab', 1, '', 9, 1),
(4, '2014-09-10 05:13:28', '4', 'Chemistry Lab', 1, '', 9, 1),
(5, '2014-09-10 05:13:48', '5', 'Structure Design', 1, '', 9, 1),
(6, '2014-09-10 05:14:04', '6', 'Survey', 1, '', 9, 1),
(7, '2014-09-10 06:12:18', '1', 'GNDEC, Gill Road,,Ludhiana', 1, '', 22, 1),
(8, '2014-09-10 06:13:21', '1', 'Sem-Government', 1, '', 21, 1),
(9, '2014-09-10 06:13:27', '1', 'Testing & Consultancy Cell', 1, '', 23, 1),
(10, '2014-09-10 06:13:33', '1', 'OHSR 25000 Litres Capacity ', 1, '', 10, 1),
(11, '2014-09-10 06:14:25', '7', 'OHSR', 1, '', 9, 1),
(12, '2014-09-10 06:14:33', '1', 'OHSR 25000 Litres Capacity ', 2, 'Changed category.', 10, 1),
(13, '2014-09-10 06:15:15', '1', 'Depth of Investigation(m)', 1, '', 11, 1),
(14, '2014-09-10 06:15:21', '1', 'OHSR 25000 Litres Capacity ', 2, 'Added catalog "Depth of Investigation(m)".', 10, 1),
(15, '2014-09-10 06:23:36', '7', 'OHSR', 3, '', 9, 1),
(16, '2014-09-10 06:24:22', '8', 'Som: Field Work', 1, '', 9, 1),
(17, '2014-09-10 06:24:32', '9', 'Som: Lab Work', 1, '', 9, 1),
(18, '2014-09-10 06:29:04', '10', 'Environment Lab : Lab Work', 1, '', 9, 4),
(19, '2014-09-10 06:29:22', '11', 'Environment Lab : Field Work', 1, '', 9, 4),
(20, '2014-09-10 06:29:23', '12', 'Soil Lab: Lab Work', 1, '', 9, 3),
(21, '2014-09-10 06:29:48', '8', 'Som Lab: Field Work', 2, 'Changed name.', 9, 1),
(22, '2014-09-10 06:29:59', '9', 'Som Lab: Lab Work', 2, 'Changed name.', 9, 1),
(23, '2014-09-10 06:30:42', '13', 'Water', 1, '', 9, 4),
(24, '2014-09-10 06:30:58', '14', 'Sewage Water', 1, '', 9, 4),
(25, '2014-09-10 06:31:09', '15', 'Soil/ Sand', 1, '', 9, 3),
(26, '2014-09-10 06:31:18', '14', 'Sewage Water', 2, 'No fields changed.', 9, 4),
(27, '2014-09-10 06:31:33', '16', 'Raw Water', 1, '', 9, 4),
(28, '2014-09-10 06:31:55', '17', 'Water For Construction', 1, '', 9, 4),
(29, '2014-09-10 06:32:09', '15', 'Soil/ Sand', 2, 'No fields changed.', 9, 3),
(30, '2014-09-10 06:33:13', '18', 'Coarse Aggregates', 1, '', 9, 3),
(31, '2014-09-10 06:33:39', '19', 'Water For Drinking Purpose', 1, '', 9, 4),
(32, '2014-09-10 06:33:53', '20', 'OHSR', 1, '', 9, 3),
(33, '2014-09-10 06:33:57', '21', 'Water', 1, '', 9, 4),
(34, '2014-09-10 06:34:14', '22', 'Sewage Water', 1, '', 9, 4),
(35, '2014-09-10 06:34:33', '23', 'Raw Water', 1, '', 9, 4),
(36, '2014-09-10 06:34:53', '24', 'Water For Construction Purpose', 1, '', 9, 4),
(37, '2014-09-10 06:35:01', '25', 'Wa', 1, '', 9, 4),
(38, '2014-09-10 06:35:54', '24', 'Water For Construction Purpose', 2, 'No fields changed.', 9, 4),
(39, '2014-09-10 06:36:41', '26', 'Water For Drinking Purpose', 1, '', 9, 4),
(40, '2014-09-10 06:36:54', '17', 'Water For Construction Purpose', 2, 'Changed name.', 9, 4),
(41, '2014-09-10 06:37:26', '27', 'Soil Lab: Field Work', 1, '', 9, 3),
(42, '2014-09-10 06:37:35', '28', 'Cement', 1, '', 9, 2),
(43, '2014-09-10 06:37:48', '29', 'Soil/ Sand', 1, '', 9, 3),
(44, '2014-09-10 06:38:01', '30', 'Cement', 1, '', 9, 2),
(45, '2014-09-10 06:38:06', '31', 'Coarse Aggregates', 1, '', 9, 3),
(46, '2014-09-10 06:38:06', '25', 'Wa', 3, '', 9, 1),
(47, '2014-09-10 06:38:16', '32', 'Cubes', 1, '', 9, 2),
(48, '2014-09-10 06:38:19', '33', 'OHSR', 1, '', 9, 3),
(49, '2014-09-10 06:38:27', '34', 'Cubes', 1, '', 9, 2),
(50, '2014-09-10 06:38:28', '35', 'Chemistry Lab : Lab Work', 1, '', 9, 4),
(51, '2014-09-10 06:38:40', '36', 'Chemistry Lab : Field Work', 1, '', 9, 4),
(52, '2014-09-10 06:38:52', '37', 'Cement ', 1, '', 9, 4),
(53, '2014-09-10 06:39:01', '38', 'Cement', 1, '', 9, 4),
(54, '2014-09-10 06:39:13', '39', 'Steel 8 mm', 1, '', 9, 2),
(55, '2014-09-10 06:39:22', '40', 'Steel 8 mm', 1, '', 9, 2),
(56, '2014-09-10 06:39:35', '41', 'Steel 10 mm', 1, '', 9, 2),
(57, '2014-09-10 06:39:37', '42', 'Cement Mortar', 1, '', 9, 4),
(58, '2014-09-10 06:39:47', '43', 'Steel 10 mm', 1, '', 9, 2),
(59, '2014-09-10 06:39:48', '44', 'Survey: Field Work', 1, '', 9, 1),
(60, '2014-09-10 06:39:58', '45', 'Cement Mortar', 1, '', 9, 4),
(61, '2014-09-10 06:40:03', '46', 'Preparation Of Contour Map', 1, '', 9, 1),
(62, '2014-09-10 06:40:17', '47', 'Cement Concrete', 1, '', 9, 4),
(63, '2014-09-10 06:40:30', '48', 'Cement Concrete', 1, '', 9, 4),
(64, '2014-09-10 06:40:32', '49', 'Steel 12 mm', 1, '', 9, 2),
(65, '2014-09-10 06:40:57', '50', 'Steel 12 mm', 1, '', 9, 2),
(66, '2014-09-10 06:41:08', '51', 'Coarse/fine Aggregates', 1, '', 9, 4),
(67, '2014-09-10 06:41:20', '52', 'Steel 16 mm', 1, '', 9, 2),
(68, '2014-09-10 06:41:24', '53', 'Coarse/fine Aggregates', 1, '', 9, 4),
(69, '2014-09-10 06:41:30', '54', 'Steel 16 mm', 1, '', 9, 2),
(70, '2014-09-10 06:41:46', '55', 'Complete Analysis', 1, '', 9, 4),
(71, '2014-09-10 06:41:52', '56', 'Steel 20 mm', 1, '', 9, 2),
(72, '2014-09-10 06:41:57', '57', 'Complete Analysis', 1, '', 9, 4),
(73, '2014-09-10 06:42:05', '58', 'Steel 20 mm', 1, '', 9, 2),
(74, '2014-09-10 06:42:21', '59', 'Deleterious Material Only', 1, '', 9, 4),
(75, '2014-09-10 06:42:33', '60', 'Deleterious Material Only', 1, '', 9, 4),
(76, '2014-09-10 06:42:36', '61', 'Steel 25 mm', 1, '', 9, 2),
(77, '2014-09-10 06:42:46', '62', 'Steel 25 mm', 1, '', 9, 2),
(78, '2014-09-10 06:42:52', '63', 'Penetration Number', 1, '', 9, 4),
(79, '2014-09-10 06:43:02', '64', 'Penetration Number', 1, '', 9, 4),
(80, '2014-09-10 06:43:14', '65', 'Steel 32 mm', 1, '', 9, 2),
(81, '2014-09-10 06:43:31', '66', 'Steel 32 mm', 1, '', 9, 2),
(82, '2014-09-10 06:43:56', '67', 'Steel 40 mm', 1, '', 9, 2),
(83, '2014-09-10 06:43:58', '2', '25000 Litres Capacity', 1, '', 10, 3),
(84, '2014-09-10 06:44:08', '68', 'Steel 40 mm', 1, '', 9, 2),
(85, '2014-09-10 06:44:29', '3', '25000 Litres Capacity', 1, '', 10, 3),
(86, '2014-09-10 06:44:53', '69', 'Bricks', 1, '', 9, 2),
(87, '2014-09-10 06:45:06', '70', 'Bricks', 1, '', 9, 2),
(88, '2014-09-10 06:45:25', '71', 'Wood', 1, '', 9, 2),
(89, '2014-09-10 06:45:34', '4', '50000 Litres Capacity', 1, '', 10, 3),
(90, '2014-09-10 06:45:47', '72', 'Wood', 1, '', 9, 2),
(91, '2014-09-10 06:46:03', '5', '50000 Litres Capacity', 1, '', 10, 3),
(92, '2014-09-10 06:46:22', '73', 'Rebound Hammer', 1, '', 9, 2),
(93, '2014-09-10 06:46:32', '74', 'Rebound Hammer', 1, '', 9, 2),
(94, '2014-09-10 06:47:38', '6', '75000 Litres Capacity', 1, '', 10, 3),
(95, '2014-09-10 06:48:07', '7', '75000 Litres Capacity', 1, '', 10, 3),
(96, '2014-09-10 06:48:11', '75', 'Barbed Wire', 1, '', 9, 2),
(97, '2014-09-10 06:48:51', '8', '1.0 Lac Litres Capacity', 1, '', 10, 3),
(98, '2014-09-10 06:49:03', '76', 'Barbed Wire', 1, '', 9, 2),
(99, '2014-09-10 06:49:18', '9', '1.0 Lac Litres Capacity', 1, '', 10, 3),
(100, '2014-09-10 06:49:37', '77', 'Hing Tension', 1, '', 9, 2),
(101, '2014-09-10 06:49:51', '10', '1.5 Lac Litres Capacity', 1, '', 10, 3),
(102, '2014-09-10 06:49:53', '78', 'Hing Tension', 1, '', 9, 2),
(103, '2014-09-10 06:50:20', '11', '1.5 Lac Litres Capacity', 1, '', 10, 3),
(104, '2014-09-10 06:50:48', '79', 'Structural', 1, '', 9, 2),
(105, '2014-09-10 06:50:58', '80', 'Structural', 1, '', 9, 2),
(106, '2014-09-10 06:50:59', '12', '2.0 Lac Litres Capacity', 1, '', 10, 3),
(107, '2014-09-10 06:51:10', '81', 'Angle', 1, '', 9, 2),
(108, '2014-09-10 06:51:21', '13', '2.0 Lac Litres Capacity', 1, '', 10, 3),
(109, '2014-09-10 06:51:22', '82', 'Angle', 1, '', 9, 2),
(110, '2014-09-10 06:51:34', '83', 'Flats', 1, '', 9, 2),
(111, '2014-09-10 06:51:52', '14', '2.5 Lac Litres Capacity', 1, '', 10, 3),
(112, '2014-09-10 06:52:01', '84', 'Flats', 1, '', 9, 2),
(113, '2014-09-10 06:52:21', '15', '2.5 Lac Litres Capacity', 1, '', 10, 3),
(114, '2014-09-10 06:52:31', '85', 'Tees Channel', 1, '', 9, 2),
(115, '2014-09-10 06:52:52', '86', 'Tees Channel', 1, '', 9, 2),
(116, '2014-09-10 06:53:00', '16', '5.0 Lac Litres Capacity', 1, '', 10, 3),
(117, '2014-09-10 06:53:28', '17', '5.0 Lac Litres Capacity', 1, '', 10, 3),
(118, '2014-09-10 06:54:38', '87', 'Concrete Pavers / Concrete Beam', 1, '', 9, 2),
(119, '2014-09-10 06:54:51', '88', 'Concrete Pavers / Concrete Beam', 1, '', 9, 2),
(120, '2014-09-10 06:55:06', '89', 'Ultrasonic', 1, '', 9, 2),
(121, '2014-09-10 06:55:20', '90', 'Ultrasonic', 1, '', 9, 2),
(122, '2014-09-10 06:56:03', '91', 'Concrete Core Cutting / Testing', 1, '', 9, 2),
(123, '2014-09-10 06:56:12', '91', 'Concrete Core Cutting / Testing', 2, 'Changed parent.', 9, 2),
(124, '2014-09-10 06:57:14', '92', 'Mix Design with Fly Ash M 7.5', 1, '', 9, 2),
(125, '2014-09-10 06:57:23', '92', 'Mix Design with Fly Ash M 10', 2, 'Changed name.', 9, 2),
(126, '2014-09-10 06:57:29', '92', 'Mix Design with Fly Ash M 15', 2, 'Changed name.', 9, 2),
(127, '2014-09-10 06:57:36', '92', 'Mix Design with Fly Ash M 20', 2, 'Changed name.', 9, 2),
(128, '2014-09-10 06:57:43', '92', 'Mix Design with Fly Ash M 25', 2, 'Changed name.', 9, 2),
(129, '2014-09-10 06:57:47', '92', 'Mix Design with Fly Ash M 30', 2, 'Changed name.', 9, 2),
(130, '2014-09-10 06:57:52', '92', 'Mix Design with Fly Ash M 35', 2, 'Changed name.', 9, 2),
(131, '2014-09-10 06:57:56', '92', 'Mix Design with Fly Ash M 40', 2, 'Changed name.', 9, 2),
(132, '2014-09-10 06:57:58', '2', 'Sample Qty', 1, '', 11, 4),
(133, '2014-09-10 06:58:19', '92', 'Mix Design with Fly Ash M 7.5', 2, 'Changed name and parent.', 9, 2),
(134, '2014-09-10 06:58:27', '92', 'Mix Design with Fly Ash M 10', 2, 'Changed name.', 9, 2),
(135, '2014-09-10 06:58:34', '92', 'Mix Design with Fly Ash M 15', 2, 'Changed name.', 9, 2),
(136, '2014-09-10 06:58:41', '92', 'Mix Design with Fly Ash M 20', 2, 'Changed name.', 9, 2),
(137, '2014-09-10 06:58:45', '92', 'Mix Design with Fly Ash M 25', 2, 'Changed name.', 9, 2),
(138, '2014-09-10 06:58:49', '18', 'pH', 1, '', 10, 4),
(139, '2014-09-10 06:58:51', '92', 'Mix Design with Fly Ash M 30', 2, 'Changed name.', 9, 2),
(140, '2014-09-10 06:58:57', '92', 'Mix Design with Fly Ash M 35', 2, 'Changed name.', 9, 2),
(141, '2014-09-10 06:59:02', '92', 'Mix Design with Fly Ash M 40', 2, 'Changed name.', 9, 2),
(142, '2014-09-10 06:59:51', '92', 'Mix Design without Fly Ash M 7.5', 2, 'Changed name and parent.', 9, 2),
(143, '2014-09-10 07:00:25', '93', 'Mix Design with Fly Ash M 10', 1, '', 9, 2),
(144, '2014-09-10 07:00:32', '19', 'pH', 1, '', 10, 4),
(145, '2014-09-10 07:00:34', '93', 'Mix Design with Fly Ash M 15', 2, 'Changed name.', 9, 2),
(146, '2014-09-10 07:00:48', '94', 'Mix Design with Fly Ash M 10', 1, '', 9, 2),
(147, '2014-09-10 07:00:59', '20', 'Colour ', 1, '', 10, 4),
(148, '2014-09-10 07:01:18', '95', 'Mix Design with Fly Ash M 20', 1, '', 9, 2),
(149, '2014-09-10 07:01:24', '21', 'Colour', 1, '', 10, 4),
(150, '2014-09-10 07:01:32', '96', 'Mix Design with Fly Ash M 25', 1, '', 9, 2),
(151, '2014-09-10 07:01:53', '96', 'Mix Design with Fly Ash M 25', 2, 'No fields changed.', 9, 2),
(152, '2014-09-10 07:01:53', '22', 'COD(Total)', 1, '', 10, 4),
(153, '2014-09-10 07:02:01', '97', 'Mix Design with Fly Ash M 30', 1, '', 9, 2),
(154, '2014-09-10 07:02:10', '98', 'Mix Design with Fly Ash M 30', 1, '', 9, 2),
(155, '2014-09-10 07:02:18', '99', 'Mix Design with Fly Ash M 35', 1, '', 9, 2),
(156, '2014-09-10 07:02:25', '23', 'COD(Total)', 1, '', 10, 4),
(157, '2014-09-10 07:02:27', '100', 'Mix Design with Fly Ash M 40', 1, '', 9, 2),
(158, '2014-09-10 07:03:51', '97', 'Mix Design with Fly Ash M 30', 3, '', 9, 2),
(159, '2014-09-10 07:04:18', '101', 'Mix Design with Fly Ash M 7.5', 1, '', 9, 2),
(160, '2014-09-10 07:04:43', '102', 'Mix Design without Fly Ash M 10', 1, '', 9, 2),
(161, '2014-09-10 07:04:55', '103', 'Mix Design without Fly Ash M 15', 1, '', 9, 2),
(162, '2014-09-10 07:05:16', '104', 'Mix Design without Fly Ash M 15', 1, '', 9, 2),
(163, '2014-09-10 07:05:25', '24', 'COD (Filtered)', 1, '', 10, 4),
(164, '2014-09-10 07:05:31', '105', 'Mix Design without Fly Ash M 20', 1, '', 9, 2),
(165, '2014-09-10 07:05:44', '106', 'Mix Design without Fly Ash M 25', 1, '', 9, 2),
(166, '2014-09-10 07:06:06', '25', 'COD (Filtered)', 1, '', 10, 4),
(167, '2014-09-10 07:08:46', '104', 'Mix Design without Fly Ash M 15', 3, '', 9, 2),
(168, '2014-09-10 07:09:17', '107', 'Mix Design without Fly Ash M 30', 1, '', 9, 2),
(169, '2014-09-10 07:09:37', '108', 'Mix Design without Fly Ash M 35', 1, '', 9, 2),
(170, '2014-09-10 07:09:51', '109', 'Mix Design without Fly Ash M 40', 1, '', 9, 2),
(171, '2014-09-10 07:11:00', '110', 'Mix Design with Fly Ash M 7.5', 1, '', 9, 2),
(172, '2014-09-10 07:11:10', '111', 'Mix Design with Fly Ash M 10', 1, '', 9, 2),
(173, '2014-09-10 07:11:24', '112', 'Mix Design with Fly Ash M 15', 1, '', 9, 2),
(174, '2014-09-10 07:11:34', '113', 'Mix Design with Fly Ash M 20', 1, '', 9, 2),
(175, '2014-09-10 07:11:50', '114', 'Mix Design with Fly Ash M 25', 1, '', 9, 2),
(176, '2014-09-10 07:14:49', '115', 'Mix Design with Fly Ash M 30', 1, '', 9, 2),
(177, '2014-09-10 07:15:05', '116', 'Mix Design with Fly Ash M 35', 1, '', 9, 2),
(178, '2014-09-10 07:15:19', '117', 'Mix Design with Fly Ash M 40', 1, '', 9, 2),
(179, '2014-09-10 07:15:41', '118', 'Mix Design without Fly Ash M 7.5', 1, '', 9, 2),
(180, '2014-09-10 07:16:00', '119', 'Mix Design without Fly Ash M 10', 1, '', 9, 2),
(181, '2014-09-10 07:16:17', '120', 'Mix Design without Fly Ash M 15', 1, '', 9, 2),
(182, '2014-09-10 07:16:33', '121', 'Mix Design without Fly Ash M 20', 1, '', 9, 2),
(183, '2014-09-10 07:16:55', '122', 'Mix Design without Fly Ash M 25', 1, '', 9, 2),
(184, '2014-09-10 07:17:32', '123', 'Mix Design without Fly Ash M 30', 1, '', 9, 2),
(185, '2014-09-10 07:18:04', '124', 'Mix Design without Fly Ash M 35', 1, '', 9, 2),
(186, '2014-09-10 07:18:35', '125', 'Mix Design without Fly Ash M 40', 1, '', 9, 2),
(187, '2014-09-10 07:18:50', '26', 'Sieve Analysis ', 1, '', 10, 3),
(188, '2014-09-10 07:19:25', '27', 'Sieve Analysis', 1, '', 10, 3),
(189, '2014-09-10 07:20:36', '28', 'FIneness Modulus', 1, '', 10, 3),
(190, '2014-09-10 07:21:06', '29', 'FIneness Modulus', 1, '', 10, 3),
(191, '2014-09-10 07:22:16', '30', 'Silt Content ', 1, '', 10, 3),
(192, '2014-09-10 07:23:53', '31', 'Silt Content', 1, '', 10, 3),
(193, '2014-09-10 07:24:41', '32', 'Moisture Content', 1, '', 10, 3),
(194, '2014-09-10 07:25:48', '33', 'Moisture Content', 1, '', 10, 3),
(195, '2014-09-10 07:26:57', '34', 'Liquid Limit & Plastic Limit', 1, '', 10, 3),
(196, '2014-09-10 07:27:44', '35', 'Liquid Limit & Plastic Limit', 1, '', 10, 3),
(197, '2014-09-10 07:28:51', '36', 'Compaction Test (Dry Bulk Density)', 1, '', 10, 3),
(198, '2014-09-10 07:29:15', '37', 'Compaction Test (Dry Bulk Density)', 1, '', 10, 3),
(199, '2014-09-10 07:29:40', '38', 'Specific Gravity', 1, '', 10, 3),
(200, '2014-09-10 07:30:20', '39', 'Specific Gravity', 1, '', 10, 3),
(201, '2014-09-10 07:32:07', '40', 'Sieve Analysis', 1, '', 10, 3),
(202, '2014-09-10 07:33:17', '41', 'Sieve Analysis', 1, '', 10, 3),
(203, '2014-09-10 07:33:18', '42', 'Initial & Final Setting Time Comp. Strength (at 7 day''s curing)', 1, '', 10, 2),
(204, '2014-09-10 07:33:45', '43', 'Abrasion Value', 1, '', 10, 3),
(205, '2014-09-10 07:34:12', '44', 'Abrasion Value', 1, '', 10, 3),
(206, '2014-09-10 07:34:51', '45', 'Initial & Final Setting Time Comp. Strength (at 28 days curing)', 1, '', 10, 2),
(207, '2014-09-10 07:35:10', '46', 'Crushing Value / Strength ', 1, '', 10, 3),
(208, '2014-09-10 07:35:24', '47', 'Soundness', 1, '', 10, 2),
(209, '2014-09-10 07:35:50', '48', 'Fineness', 1, '', 10, 2),
(210, '2014-09-10 07:36:16', '49', 'Consistency', 1, '', 10, 2),
(211, '2014-09-10 07:36:28', '50', 'Crushing Value / Strength', 1, '', 10, 3),
(212, '2014-09-10 07:36:48', '51', 'Initial & Final Setting Time Comp. Strength (at 7 day''s curing)', 1, '', 10, 2),
(213, '2014-09-10 07:37:13', '52', 'Initial & Final Setting Time Comp. Strength (at 28 days curing)', 1, '', 10, 2),
(214, '2014-09-10 07:37:25', '53', 'Flakiness Index', 1, '', 10, 3),
(215, '2014-09-10 07:37:37', '54', '<p>BOD<sub>5</sub></p>', 1, '', 10, 4),
(216, '2014-09-10 07:37:43', '55', 'Initial & Final Setting Time Comp. Strength (at 28 days curing)', 1, '', 10, 2),
(217, '2014-09-10 07:37:56', '56', 'Flakiness Index', 1, '', 10, 3),
(218, '2014-09-10 07:38:10', '57', 'Soundness', 1, '', 10, 2),
(219, '2014-09-10 07:38:27', '58', '<p>BOD<sub>5</sub>(Total)</p>', 1, '', 10, 4),
(220, '2014-09-10 07:38:33', '59', 'Impact Value', 1, '', 10, 3),
(221, '2014-09-10 07:38:41', '60', 'Fineness', 1, '', 10, 2),
(222, '2014-09-10 07:38:44', '54', '<p>BOD<sub>5</sub>(Total)</p>', 2, 'Changed name.', 10, 4),
(223, '2014-09-10 07:39:09', '61', 'Impact Value', 1, '', 10, 3),
(224, '2014-09-10 07:39:17', '62', 'Consistency', 1, '', 10, 2),
(225, '2014-09-10 07:39:45', '63', '<p>BOD<sub>5</sub>(Filtered)</p>', 1, '', 10, 4),
(226, '2014-09-10 07:39:51', '64', 'Specific Gravity', 1, '', 10, 3),
(227, '2014-09-10 07:40:16', '65', '<p>BOD<sub>5</sub>(Filtered)</p>', 1, '', 10, 4),
(228, '2014-09-10 07:40:24', '66', 'Specific Gravity', 1, '', 10, 3),
(229, '2014-09-10 07:41:07', '67', 'Soundness Tests', 1, '', 10, 3),
(230, '2014-09-10 07:41:44', '68', 'Soundness Tests', 1, '', 10, 3),
(231, '2014-09-10 07:41:48', '69', 'Comp. Strength', 1, '', 10, 2),
(232, '2014-09-10 07:42:32', '70', 'Comp. Strength', 1, '', 10, 1),
(233, '2014-09-10 07:42:42', '71', 'C.B.R Test (Soaked)', 1, '', 10, 3),
(234, '2014-09-10 07:43:22', '72', 'C.B.R Test (Soaked)', 1, '', 10, 3),
(235, '2014-09-10 07:44:19', '73', 'C.B.R Test (Unsoaked)', 1, '', 10, 3),
(236, '2014-09-10 07:44:53', '74', 'C.B.R Test (Unsoaked)', 1, '', 10, 3),
(237, '2014-09-10 07:45:09', '75', '<p>Sulphide (as S<sub>2-</sub>)</p>', 1, '', 10, 4),
(238, '2014-09-10 07:45:19', '76', 'Ultimate Tensile Strength', 1, '', 10, 2),
(239, '2014-09-10 07:45:20', '77', 'Ultimate Tensile Strength', 1, '', 10, 1),
(240, '2014-09-10 07:45:38', '78', '<p>Sulphide (as S<sub>2-</sub>)</p>', 1, '', 10, 4),
(241, '2014-09-10 07:45:42', '79', 'Bitument Content', 1, '', 10, 3),
(242, '2014-09-10 07:45:53', '80', 'Ultimate Tensile Strength', 1, '', 10, 2),
(243, '2014-09-10 07:45:56', '81', 'Ultimate Tensile Strength', 1, '', 10, 1),
(244, '2014-09-10 07:46:16', '82', 'Ultimate Tensile Strength', 1, '', 10, 2),
(245, '2014-09-10 07:46:18', '83', 'Ultimate Tensile Strength', 1, '', 10, 1),
(246, '2014-09-10 07:46:46', '84', 'Ultimate Tensile Strength', 1, '', 10, 2),
(247, '2014-09-10 07:46:46', '85', 'Ultimate Tensile Strength', 1, '', 10, 1),
(248, '2014-09-10 07:47:05', '86', 'Ultimate Tensile Strength', 1, '', 10, 2),
(249, '2014-09-10 07:47:06', '87', 'Ultimate Tensile Strength', 1, '', 10, 1),
(250, '2014-09-10 07:47:39', '88', 'Ultimate Tensile Strength', 1, '', 10, 2),
(251, '2014-09-10 07:47:42', '89', 'Ultimate Tensile Strength', 1, '', 10, 1),
(252, '2014-09-10 07:47:47', '90', 'Bitument Content', 1, '', 10, 3),
(253, '2014-09-10 07:47:56', '91', 'Ultimate Tensile Strength', 1, '', 10, 2),
(254, '2014-09-10 07:48:03', '92', 'Ultimate Tensile Strength', 1, '', 10, 1),
(255, '2014-09-10 07:48:18', '93', 'Job Mix Formula', 1, '', 10, 3),
(256, '2014-09-10 07:48:25', '94', 'Ultimate Tensile Strength', 1, '', 10, 2),
(257, '2014-09-10 07:48:30', '95', 'Ultimate Tensile Strength', 1, '', 10, 1),
(258, '2014-09-10 07:48:59', '96', 'Percentage Elongation', 1, '', 10, 2),
(259, '2014-09-10 07:49:01', '97', 'Percentage Elongation', 1, '', 10, 1),
(260, '2014-09-10 07:49:15', '98', 'Job Mix Formula', 1, '', 10, 3),
(261, '2014-09-10 07:49:18', '99', 'Percentage Elongation', 1, '', 10, 1),
(262, '2014-09-10 07:49:20', '100', 'Percentage Elongation', 1, '', 10, 2),
(263, '2014-09-10 07:49:34', '78', '<p>Sulphide (as S<sup>2-</sup>)</p>', 2, 'Changed name.', 10, 4),
(264, '2014-09-10 07:49:36', '101', 'Percentage Elongation', 1, '', 10, 1),
(265, '2014-09-10 07:49:38', '102', 'Percentage Elongation', 1, '', 10, 2),
(266, '2014-09-10 07:49:50', '103', 'Percentage Elongation', 1, '', 10, 1),
(267, '2014-09-10 07:49:56', '104', 'Percentage Elongation', 1, '', 10, 2),
(268, '2014-09-10 07:50:09', '105', 'Percentage Elongation', 1, '', 10, 1),
(269, '2014-09-10 07:50:16', '106', 'Percentage Elongation', 1, '', 10, 2),
(270, '2014-09-10 07:50:20', '75', '<p>Sulphide (as S<sup>2-</sup>)</p>', 2, 'Changed name.', 10, 4),
(271, '2014-09-10 07:50:32', '107', 'Percentage Elongation', 1, '', 10, 1),
(272, '2014-09-10 07:50:36', '108', 'Percentage Elongation', 1, '', 10, 2),
(273, '2014-09-10 07:50:51', '109', 'Percentage Elongation', 1, '', 10, 1),
(274, '2014-09-10 07:50:57', '110', 'Percentage Elongation', 1, '', 10, 2),
(275, '2014-09-10 07:51:09', '111', 'Percentage Elongation', 1, '', 10, 1),
(276, '2014-09-10 07:51:09', '112', 'Percentage Elongation', 1, '', 10, 2),
(277, '2014-09-10 07:52:18', '113', '<p>Sulphate(as SO<sub>4</sub><sup>2-</sup>)</p>', 1, '', 10, 4),
(278, '2014-09-10 07:52:56', '114', '<p>Sulphate(as SO<sub>4</sub><sup>2-</sup>)</p>', 1, '', 10, 4),
(279, '2014-09-10 07:55:23', '115', '<p>Alkalinity(as mg CaCO<sub>3</sub>/l)</p>', 1, '', 10, 4),
(280, '2014-09-10 07:55:49', '116', '<p>Alkalinity(as mg CaCO<sub>3</sub>/l)</p>', 1, '', 10, 4),
(281, '2014-09-10 07:56:49', '117', 'Total Suspended Solids (mg/l)', 1, '', 10, 4),
(282, '2014-09-10 07:57:24', '118', 'Total Suspended Solids (mg/l)', 1, '', 10, 4),
(283, '2014-09-10 07:58:05', '119', 'Volatile Suspended Solids (mg/l)', 1, '', 10, 4),
(284, '2014-09-10 07:58:34', '120', 'Volatile Suspended Solids (mg/l)', 1, '', 10, 4),
(285, '2014-09-10 07:59:49', '121', '<p>Chlorides(as Cl<sup>-</sup>)</p>', 1, '', 10, 4),
(286, '2014-09-10 08:00:45', '122', '<p>Chlorides(as Cl<sup>-</sup>)</p>', 1, '', 10, 4),
(287, '2014-09-10 08:01:05', '123', 'Nickel', 1, '', 10, 4),
(288, '2014-09-10 08:01:22', '124', 'Nickel', 1, '', 10, 4),
(289, '2014-09-10 08:02:01', '125', 'Iron', 1, '', 10, 4),
(290, '2014-09-10 08:02:25', '126', 'Iron', 1, '', 10, 4),
(291, '2014-09-10 08:02:51', '127', 'Magnesium', 1, '', 10, 4),
(292, '2014-09-10 08:03:14', '128', 'Magnesium', 1, '', 10, 4),
(293, '2014-09-10 08:03:32', '129', 'Copper', 1, '', 10, 4),
(294, '2014-09-10 08:04:06', '130', 'Copper', 1, '', 10, 4),
(295, '2014-09-10 08:05:32', '131', 'Hardness', 1, '', 10, 4),
(296, '2014-09-10 08:05:53', '132', 'Hardness', 1, '', 10, 4),
(297, '2014-09-10 08:06:23', '133', 'Nitrates', 1, '', 10, 4),
(298, '2014-09-10 08:07:00', '134', 'Nitrates', 1, '', 10, 4),
(299, '2014-09-10 08:07:49', '135', 'Nitrites', 1, '', 10, 4),
(300, '2014-09-10 08:08:21', '136', 'Nitrites', 1, '', 10, 4),
(301, '2014-09-10 08:08:43', '137', 'Turbity', 1, '', 10, 4),
(302, '2014-09-10 08:09:02', '138', 'Turbity', 1, '', 10, 4),
(303, '2014-09-10 08:09:49', '139', 'Faecal coliform(E.Coli/MPN)', 1, '', 10, 4),
(304, '2014-09-10 08:10:16', '140', 'Faecal coliform(E.Coli/MPN)', 1, '', 10, 4),
(305, '2014-09-10 08:11:29', '141', 'TDS', 1, '', 10, 4),
(306, '2014-09-10 08:11:52', '142', 'TDS', 1, '', 10, 4),
(307, '2014-09-10 08:12:54', '143', 'Bend Test', 1, '', 10, 1),
(308, '2014-09-10 08:12:56', '144', 'Bend Test', 1, '', 10, 2),
(309, '2014-09-10 08:13:13', '145', 'Bend Test', 1, '', 10, 1),
(310, '2014-09-10 08:13:16', '146', 'Bend Test', 1, '', 10, 2),
(311, '2014-09-10 08:13:33', '147', 'Bend Test', 1, '', 10, 2),
(312, '2014-09-10 08:13:34', '148', 'Bend Test', 1, '', 10, 1),
(313, '2014-09-10 08:13:49', '149', 'Bend Test', 1, '', 10, 1),
(314, '2014-09-10 08:13:49', '150', 'Bend Test', 1, '', 10, 2),
(315, '2014-09-10 08:13:51', '151', 'Taste & Odour', 1, '', 10, 4),
(316, '2014-09-10 08:14:29', '152', 'Bend Test', 1, '', 10, 1),
(317, '2014-09-10 08:14:44', '153', 'Bend Test', 1, '', 10, 1),
(318, '2014-09-10 08:15:01', '154', 'Bend Test', 1, '', 10, 1),
(319, '2014-09-10 08:15:20', '155', 'Bend Test', 1, '', 10, 1),
(320, '2014-09-10 08:15:42', '156', 'Taste & Odour', 1, '', 10, 4),
(321, '2014-09-10 08:16:58', '157', 'Calcium, Ca(Mg/l)', 1, '', 10, 4),
(322, '2014-09-10 08:17:32', '158', 'Calcium, Ca(Mg/l)', 1, '', 10, 4),
(323, '2014-09-10 08:18:08', '79', 'Bitument Content', 3, '', 10, 1),
(324, '2014-09-10 08:18:14', '159', 'Bend Test', 1, '', 10, 2),
(325, '2014-09-10 08:18:31', '160', 'Bend Test', 1, '', 10, 2),
(326, '2014-09-10 08:18:41', '161', 'Residual Free chloride (Mg/l)', 1, '', 10, 4),
(327, '2014-09-10 08:18:46', '162', 'Bend Test', 1, '', 10, 2),
(328, '2014-09-10 08:19:02', '163', 'Bend Test', 1, '', 10, 2),
(329, '2014-09-10 08:19:14', '164', 'Residual Free chloride (Mg/l)', 1, '', 10, 4),
(330, '2014-09-10 08:19:15', '165', 'Bend Test', 1, '', 10, 2),
(331, '2014-09-10 08:19:26', '166', 'Bitument Content', 1, '', 10, 1),
(332, '2014-09-10 08:19:51', '167', 'Flourides', 1, '', 10, 4),
(333, '2014-09-10 08:19:54', '168', '0.2 Proof Stress below 25mm dia', 1, '', 10, 1),
(334, '2014-09-10 08:19:58', '169', '0.2 Proof Stress below 25 mm dia', 1, '', 10, 2),
(335, '2014-09-10 08:20:08', '170', '0.2 Proof Stress below 25mm dia', 1, '', 10, 1),
(336, '2014-09-10 08:20:13', '171', '0.2 Proof Stress below 25 mm dia', 1, '', 10, 2),
(337, '2014-09-10 08:20:21', '172', 'Flourides', 1, '', 10, 4),
(338, '2014-09-10 08:20:22', '173', '0.2 Proof Stress below 25mm dia', 1, '', 10, 1),
(339, '2014-09-10 08:20:29', '174', '0.2 Proof Stress below 25 mm dia', 1, '', 10, 2),
(340, '2014-09-10 08:20:36', '175', '0.2 Proof Stress below 25mm dia', 1, '', 10, 1),
(341, '2014-09-10 08:20:43', '176', '0.2 Proof Stress below 25 mm dia', 1, '', 10, 2),
(342, '2014-09-10 08:20:46', '98', 'Job Mix Formula', 2, 'Added catalog "Sample Qty".', 10, 1),
(343, '2014-09-10 08:20:51', '177', '0.2 Proof Stress below 25mm dia', 1, '', 10, 1),
(344, '2014-09-10 08:20:55', '93', 'Job Mix Formula', 2, 'Added catalog "Sample Qty".', 10, 1),
(345, '2014-09-10 08:20:58', '178', '0.2 Proof Stress below 25 mm dia', 1, '', 10, 2),
(346, '2014-09-10 08:21:08', '179', '0.2 Proof Stress below 25mm dia', 1, '', 10, 1),
(347, '2014-09-10 08:21:16', '180', '0.2 Proof Stress below 25 mm dia', 1, '', 10, 2),
(348, '2014-09-10 08:21:20', '181', 'pH', 1, '', 10, 4),
(349, '2014-09-10 08:21:35', '182', '0.2 Proof Stress below 25mm dia', 1, '', 10, 1),
(350, '2014-09-10 08:21:36', '183', '0.2 Proof Stress below 25 mm dia', 1, '', 10, 2),
(351, '2014-09-10 08:21:49', '184', '0.2 Proof Stress below 25mm dia', 1, '', 10, 1),
(352, '2014-09-10 08:21:55', '185', '0.2 Proof Stress below 25 mm dia', 1, '', 10, 2),
(353, '2014-09-10 08:22:03', '186', '0.2 Proof Stress below 25mm dia', 1, '', 10, 1),
(354, '2014-09-10 08:22:07', '187', 'pH', 1, '', 10, 4),
(355, '2014-09-10 08:22:41', '188', 'Colour', 1, '', 10, 4),
(356, '2014-09-10 08:23:08', '189', 'Colour', 1, '', 10, 4),
(357, '2014-09-10 08:24:25', '190', 'Comp. Strength', 1, '', 10, 2),
(358, '2014-09-10 08:24:26', '191', 'Comp. Strength', 1, '', 10, 1),
(359, '2014-09-10 08:25:05', '192', 'Water Absorption', 1, '', 10, 2),
(360, '2014-09-10 08:25:14', '193', 'Water Absorption', 1, '', 10, 1),
(361, '2014-09-10 08:25:37', '194', 'Effloroscence', 1, '', 10, 2),
(362, '2014-09-10 08:25:38', '195', 'Effloroscence', 1, '', 10, 1),
(363, '2014-09-10 08:26:24', '196', 'COD(Total)', 1, '', 10, 4),
(364, '2014-09-10 08:27:29', '197', 'Comp. Strength', 1, '', 10, 2),
(365, '2014-09-10 08:27:30', '198', 'Comp. Strength', 1, '', 10, 1),
(366, '2014-09-10 08:27:56', '199', 'Flexural Strength', 1, '', 10, 2),
(367, '2014-09-10 08:28:01', '200', 'Flexural Strength', 1, '', 10, 1),
(368, '2014-09-10 08:28:21', '201', 'Water Absorption', 1, '', 10, 1),
(369, '2014-09-10 08:31:45', '202', 'COD (Filtered)', 1, '', 10, 4),
(370, '2014-09-10 08:34:57', '203', '<p>BOD<sub>5</sub>(Filtered)</p>', 1, '', 10, 4),
(371, '2014-09-10 08:36:30', '204', '<p>BOD<sub>5</sub>(Total)</p>', 1, '', 10, 4),
(372, '2014-09-10 08:39:53', '3', 'Cement', 1, '', 11, 2),
(373, '2014-09-10 08:40:12', '4', 'Sand', 1, '', 11, 2),
(374, '2014-09-10 08:40:17', '205', '<p>Sulphide (as S<sub>2-</sub>)</p>', 1, '', 10, 4),
(375, '2014-09-10 08:40:23', '5', 'Aggregate', 1, '', 11, 2),
(376, '2014-09-10 08:40:55', '206', '<p>Sulphate(as SO<sub>4</sub><sup>2-</sup>)</p>', 1, '', 10, 4),
(377, '2014-09-10 08:41:15', '207', '<p>Alkalinity(as mg CaCO<sub>3</sub>/l)</p>', 1, '', 10, 4),
(378, '2014-09-10 08:41:37', '208', 'Total Suspended Solids (mg/l)', 1, '', 10, 4),
(379, '2014-09-10 08:41:47', '209', 'Mix Design', 1, '', 10, 2),
(380, '2014-09-10 08:41:56', '210', 'Volatile Suspended Solids (mg/l)', 1, '', 10, 4),
(381, '2014-09-10 08:42:11', '6', 'Fly Ash', 1, '', 11, 2),
(382, '2014-09-10 08:42:15', '211', '<p>Chlorides(as Cl<sup>-</sup>)</p>', 1, '', 10, 4),
(383, '2014-09-10 08:42:33', '212', 'Nickel', 1, '', 10, 4),
(384, '2014-09-10 08:42:59', '213', 'Iron', 1, '', 10, 4),
(385, '2014-09-10 08:43:15', '214', 'Magnesium', 1, '', 10, 4),
(386, '2014-09-10 08:43:33', '215', 'Copper', 1, '', 10, 4),
(387, '2014-09-10 08:43:51', '216', 'Hardness', 1, '', 10, 4),
(388, '2014-09-10 08:44:11', '217', 'Nitrates', 1, '', 10, 4),
(389, '2014-09-10 08:44:31', '218', 'Nitrites', 1, '', 10, 4),
(390, '2014-09-10 08:44:51', '219', 'Turbity', 1, '', 10, 4),
(391, '2014-09-10 08:45:14', '209', 'Mix Design', 2, 'Changed price_per_unit. Added catalog "Fly Ash".', 10, 2),
(392, '2014-09-10 08:45:24', '220', 'Faecal coliform(E.Coli/MPN)', 1, '', 10, 4),
(393, '2014-09-10 08:45:44', '221', 'TDS', 1, '', 10, 4),
(394, '2014-09-10 08:46:01', '222', 'Taste & Odour', 1, '', 10, 4),
(395, '2014-09-10 08:46:13', '223', 'Calcium, Ca(Mg/l)', 1, '', 10, 4),
(396, '2014-09-10 08:46:27', '224', 'Residual Free chloride (Mg/l)', 1, '', 10, 4),
(397, '2014-09-10 08:46:45', '225', 'Flourides', 1, '', 10, 4),
(398, '2014-09-10 08:47:03', '226', 'Mix Design', 1, '', 10, 1),
(399, '2014-09-10 08:47:22', '227', 'COD(Total)', 1, '', 10, 4),
(400, '2014-09-10 08:47:45', '228', 'COD (Filtered)', 1, '', 10, 4),
(401, '2014-09-10 08:48:08', '229', '<p>BOD<sub>5</sub>(Total)</p>', 1, '', 10, 4),
(402, '2014-09-10 08:48:18', '230', 'Mix Design', 1, '', 10, 2),
(403, '2014-09-10 08:48:25', '231', 'Mix Design', 1, '', 10, 1),
(404, '2014-09-10 08:48:43', '232', '<p>BOD<sub>5</sub>(Filtered)</p>', 1, '', 10, 4),
(405, '2014-09-10 08:49:00', '233', 'Mix Design ', 1, '', 10, 2),
(406, '2014-09-10 08:49:06', '234', 'Mix Design', 1, '', 10, 1),
(407, '2014-09-10 08:49:43', '235', '<p>Sulphide (as S<sup>2-</sup>)</p>', 1, '', 10, 4),
(408, '2014-09-10 08:50:19', '205', '<p>Sulphide (as S<sup>2-</sup>)</p>', 2, 'Changed name.', 10, 4),
(409, '2014-09-10 08:50:41', '236', 'Mix Design', 1, '', 10, 2),
(410, '2014-09-10 08:50:54', '237', '<p>Sulphate(as SO<sub>4</sub><sup>2-</sup>)</p>', 1, '', 10, 4),
(411, '2014-09-10 08:51:09', '238', '<p>Alkalinity(as mg CaCO<sub>3</sub>/l)</p>', 1, '', 10, 4),
(412, '2014-09-10 08:51:30', '239', 'Total Suspended Solids (mg/l)', 1, '', 10, 4),
(413, '2014-09-10 08:51:49', '240', 'Volatile Suspended Solids (mg/l)', 1, '', 10, 4),
(414, '2014-09-10 08:52:02', '241', 'Mix Design', 1, '', 10, 2),
(415, '2014-09-10 08:52:10', '242', '<p>Chlorides(as Cl<sup>-</sup>)</p>', 1, '', 10, 4),
(416, '2014-09-10 08:52:27', '243', 'Nickel', 1, '', 10, 4),
(417, '2014-09-10 08:52:51', '244', 'Iron', 1, '', 10, 4),
(418, '2014-09-10 08:53:09', '245', 'Magnesium', 1, '', 10, 4),
(419, '2014-09-10 08:53:33', '246', 'Copper', 1, '', 10, 4),
(420, '2014-09-10 08:53:52', '247', 'Hardness', 1, '', 10, 4),
(421, '2014-09-10 08:54:11', '248', 'Nitrates', 1, '', 10, 4),
(422, '2014-09-10 08:54:32', '249', 'Nitrites', 1, '', 10, 4),
(423, '2014-09-10 08:54:53', '250', 'Turbity', 1, '', 10, 4),
(424, '2014-09-10 08:55:24', '251', 'Faecal coliform(E.Coli/MPN)', 1, '', 10, 4),
(425, '2014-09-10 08:55:44', '252', 'TDS', 1, '', 10, 4),
(426, '2014-09-10 08:56:06', '253', 'Taste & Odour', 1, '', 10, 4),
(427, '2014-09-10 08:56:31', '254', 'Calcium, Ca(Mg/l)', 1, '', 10, 4),
(428, '2014-09-10 08:56:46', '255', 'Residual Free chloride (Mg/l)', 1, '', 10, 4),
(429, '2014-09-10 08:57:08', '256', 'Flourides', 1, '', 10, 4),
(430, '2014-09-10 08:57:45', '257', 'pH', 1, '', 10, 4),
(431, '2014-09-10 08:57:59', '258', 'Colour', 1, '', 10, 4),
(432, '2014-09-10 08:58:16', '259', 'COD(Total)', 1, '', 10, 4),
(433, '2014-09-10 08:58:30', '260', 'COD (Filtered)', 1, '', 10, 4),
(434, '2014-09-10 08:58:44', '261', '<p>BOD<sub>5</sub>(Total)</p>', 1, '', 10, 4),
(435, '2014-09-10 08:58:58', '262', '<p>BOD<sub>5</sub>(Filtered)</p>', 1, '', 10, 4),
(436, '2014-09-10 08:59:25', '263', '<p>Sulphide (as S<sup>2-</sup>)</p>', 1, '', 10, 4),
(437, '2014-09-10 08:59:40', '264', '<p>Sulphate(as SO<sub>4</sub><sup>2-</sup>)</p>', 1, '', 10, 4),
(438, '2014-09-10 09:00:01', '265', '<p>Alkalinity(as mg CaCO<sub>3</sub>/l)</p>', 1, '', 10, 4),
(439, '2014-09-10 09:00:53', '266', 'Total Suspended Solids (mg/l)', 1, '', 10, 4),
(440, '2014-09-10 09:01:10', '267', 'Volatile Suspended Solids (mg/l)', 1, '', 10, 4),
(441, '2014-09-10 09:01:28', '268', '<p>Chlorides(as Cl<sup>-</sup>)</p>', 1, '', 10, 4),
(442, '2014-09-10 09:01:41', '269', 'Nickel', 1, '', 10, 4),
(443, '2014-09-10 09:01:52', '270', 'Iron', 1, '', 10, 4),
(444, '2014-09-10 09:02:14', '271', 'Magnesium', 1, '', 10, 4),
(445, '2014-09-10 09:02:32', '272', 'Copper', 1, '', 10, 4),
(446, '2014-09-10 09:02:46', '273', 'Hardness', 1, '', 10, 4),
(447, '2014-09-10 09:03:06', '274', 'Nitrates', 1, '', 10, 4),
(448, '2014-09-10 09:03:26', '275', 'Nitrites', 1, '', 10, 4),
(449, '2014-09-10 09:03:43', '276', 'Turbity', 1, '', 10, 4),
(450, '2014-09-10 09:04:03', '277', 'Faecal coliform(E.Coli/MPN)', 1, '', 10, 4),
(451, '2014-09-10 09:04:20', '278', 'TDS', 1, '', 10, 4),
(452, '2014-09-10 09:04:41', '279', 'Taste & Odour', 1, '', 10, 4),
(453, '2014-09-10 09:04:52', '280', 'Calcium, Ca(Mg/l)', 1, '', 10, 4),
(454, '2014-09-10 09:05:11', '281', 'Residual Free chloride (Mg/l)', 1, '', 10, 4),
(455, '2014-09-10 09:05:30', '282', 'Flourides', 1, '', 10, 4),
(456, '2014-09-10 09:05:47', '283', 'pH', 1, '', 10, 4),
(457, '2014-09-10 09:06:09', '284', 'Colour', 1, '', 10, 4),
(458, '2014-09-10 09:06:25', '285', 'COD(Total)', 1, '', 10, 4),
(459, '2014-09-10 09:06:44', '286', 'COD (Filtered)', 1, '', 10, 4),
(460, '2014-09-10 09:06:59', '287', '<p>BOD<sub>5</sub>(Total)</p>', 1, '', 10, 4),
(461, '2014-09-10 09:07:14', '288', '<p>BOD<sub>5</sub>(Filtered)</p>', 1, '', 10, 4),
(462, '2014-09-10 09:07:45', '289', '<p>Sulphide (as S<sup>2-</sup>)</p>', 1, '', 10, 4),
(463, '2014-09-10 09:08:35', '290', '<p>Sulphate(as SO<sub>4</sub><sup>2-</sup>)</p>', 1, '', 10, 4),
(464, '2014-09-10 09:09:02', '291', '<p>Alkalinity(as mg CaCO<sub>3</sub>/l)</p>', 1, '', 10, 4),
(465, '2014-09-10 09:09:28', '292', 'Total Suspended Solids (mg/l)', 1, '', 10, 4),
(466, '2014-09-10 09:09:41', '293', 'Volatile Suspended Solids (mg/l)', 1, '', 10, 4),
(467, '2014-09-10 09:09:57', '294', '<p>Chlorides(as Cl<sup>-</sup>)</p>', 1, '', 10, 4),
(468, '2014-09-10 09:10:15', '295', 'Nickel', 1, '', 10, 4),
(469, '2014-09-10 09:10:27', '296', 'Iron', 1, '', 10, 4),
(470, '2014-09-10 09:10:46', '297', 'Magnesium', 1, '', 10, 4),
(471, '2014-09-10 09:11:01', '298', 'Copper', 1, '', 10, 4),
(472, '2014-09-10 09:11:29', '299', 'Hardness', 1, '', 10, 4),
(473, '2014-09-10 09:11:52', '300', 'Nitrates', 1, '', 10, 4),
(474, '2014-09-10 09:12:05', '301', 'Nitrites', 1, '', 10, 4),
(475, '2014-09-10 09:12:29', '302', 'Turbity', 1, '', 10, 4),
(476, '2014-09-10 09:12:48', '303', 'Faecal coliform(E.Coli/MPN)', 1, '', 10, 4),
(477, '2014-09-10 09:13:04', '304', 'Mix Design', 1, '', 10, 2),
(478, '2014-09-10 09:13:12', '305', 'TDS', 1, '', 10, 4),
(479, '2014-09-10 09:13:37', '306', 'Taste & Odour', 1, '', 10, 4),
(480, '2014-09-10 09:13:44', '307', 'Mix Design', 1, '', 10, 2),
(481, '2014-09-10 09:13:59', '308', 'Calcium, Ca(Mg/l)', 1, '', 10, 4),
(482, '2014-09-10 09:14:17', '309', 'Residual Free chloride (Mg/l)', 1, '', 10, 4),
(483, '2014-09-10 09:14:19', '310', 'Mix Design', 1, '', 10, 2),
(484, '2014-09-10 09:14:39', '311', 'Flourides', 1, '', 10, 4),
(485, '2014-09-10 09:14:57', '312', 'Mix Design', 1, '', 10, 2),
(486, '2014-09-10 09:15:55', '313', 'Mix Design', 1, '', 10, 2),
(487, '2014-09-10 09:16:11', '314', 'Water For Construction Purpose', 1, '', 10, 4),
(488, '2014-09-10 09:16:24', '315', 'Mix Design', 1, '', 10, 2),
(489, '2014-09-10 09:16:32', '316', 'Water For Construction Purpose', 1, '', 10, 4),
(490, '2014-09-10 09:16:52', '317', 'Mix Design', 1, '', 10, 2),
(491, '2014-09-10 09:17:28', '318', 'Mix Design', 1, '', 10, 2),
(492, '2014-09-10 09:17:30', '319', 'Comprehensive physico-chemical analysis', 1, '', 10, 4),
(493, '2014-09-10 09:18:02', '320', 'Mix Design', 1, '', 10, 2),
(494, '2014-09-10 09:18:04', '321', 'Comprehensive physico-chemical analysis', 1, '', 10, 4),
(495, '2014-09-10 09:18:33', '322', 'Mix Design', 1, '', 10, 2),
(496, '2014-09-10 09:18:44', '323', 'Preliminary physico-chemical analysis', 1, '', 10, 4),
(497, '2014-09-10 09:19:05', '324', 'Preliminary physico-chemical analysis', 1, '', 10, 4),
(498, '2014-09-10 09:19:12', '325', 'Mix Design', 1, '', 10, 2),
(499, '2014-09-10 09:19:45', '326', 'Mix Design', 1, '', 10, 2),
(500, '2014-09-10 09:20:23', '327', 'Mix Design', 1, '', 10, 2),
(501, '2014-09-10 09:23:13', '327', 'Mix Design', 2, 'Deleted catalog "Fly Ash".', 10, 2),
(502, '2014-09-10 09:23:42', '326', 'Mix Design', 2, 'Deleted catalog "Fly Ash".', 10, 2),
(503, '2014-09-10 09:23:48', '325', 'Mix Design', 2, 'Deleted catalog "Fly Ash".', 10, 2),
(504, '2014-09-10 09:23:55', '322', 'Mix Design', 2, 'Deleted catalog "Fly Ash".', 10, 2),
(505, '2014-09-10 09:24:16', '318', 'Mix Design', 2, 'Deleted catalog "Fly Ash".', 10, 2),
(506, '2014-09-10 09:25:47', '241', 'Mix Design', 2, 'Changed attribute for catalog "Fly Ash".', 10, 2),
(507, '2014-09-10 09:26:14', '313', 'Mix Design', 2, 'Deleted catalog "Fly Ash".', 10, 2),
(508, '2014-09-10 09:26:34', '313', 'Mix Design', 2, 'No fields changed.', 10, 2),
(509, '2014-09-10 09:26:41', '315', 'Mix Design', 2, 'Deleted catalog "Fly Ash".', 10, 2),
(510, '2014-09-10 09:26:49', '315', 'Mix Design', 2, 'No fields changed.', 10, 2),
(511, '2014-09-10 09:26:57', '317', 'Mix Design', 2, 'Deleted catalog "Fly Ash".', 10, 2),
(512, '2014-09-10 09:28:45', '328', 'Mix Design', 1, '', 10, 2),
(513, '2014-09-10 09:29:15', '329', 'Mix Design', 1, '', 10, 2),
(514, '2014-09-10 09:30:09', '330', 'Mix Design', 1, '', 10, 2),
(515, '2014-09-10 09:30:55', '331', 'Mix Design', 1, '', 10, 2),
(516, '2014-09-10 09:31:34', '332', 'Cement Test', 1, '', 10, 4),
(517, '2014-09-10 09:31:35', '333', 'Mix Design', 1, '', 10, 2),
(518, '2014-09-10 09:32:03', '334', 'Mix Design', 1, '', 10, 2),
(519, '2014-09-10 09:32:04', '335', 'Cement Mortar Test', 1, '', 10, 4),
(520, '2014-09-10 09:32:27', '336', 'Cement Concrete Test', 1, '', 10, 4),
(521, '2014-09-10 09:32:35', '337', 'Mix Design', 1, '', 10, 2),
(522, '2014-09-10 09:33:02', '338', 'Mix Design', 1, '', 10, 2),
(523, '2014-09-10 09:33:39', '339', 'Mix Design', 1, '', 10, 2),
(524, '2014-09-10 09:34:07', '340', 'Mix Design', 1, '', 10, 2),
(525, '2014-09-10 09:34:35', '341', 'Mix Design', 1, '', 10, 2),
(526, '2014-09-10 09:35:08', '342', 'Mix Design', 1, '', 10, 2),
(527, '2014-09-10 09:35:52', '343', 'Mix Design', 1, '', 10, 2),
(528, '2014-09-10 09:36:20', '344', 'Mix Design', 1, '', 10, 2),
(529, '2014-09-10 09:36:43', '345', 'Mix Design', 1, '', 10, 2),
(530, '2014-09-10 09:40:57', '346', 'Moisture Content', 1, '', 10, 2),
(531, '2014-09-10 09:41:19', '347', 'Moisture Content', 1, '', 10, 2),
(532, '2014-09-10 09:42:13', '348', 'Penetration Number Test', 1, '', 10, 4),
(533, '2014-09-10 09:42:42', '349', 'Penetration Number Test', 1, '', 10, 4),
(534, '2014-09-10 09:44:23', '55', 'Complete Analysis', 3, '', 9, 4),
(535, '2014-09-10 09:44:23', '59', 'Deleterious Material Only', 3, '', 9, 4),
(536, '2014-09-10 09:46:37', '57', 'Complete Analysis', 3, '', 9, 4),
(537, '2014-09-10 09:46:37', '60', 'Deleterious Material Only', 3, '', 9, 4),
(538, '2014-09-10 09:49:32', '350', 'Rebound Hammer Testing', 1, '', 10, 2),
(539, '2014-09-10 09:49:33', '351', 'Rebound Hammer Testing', 1, '', 10, 1),
(540, '2014-09-10 09:50:32', '352', 'Ultrasonic Testing', 1, '', 10, 2),
(541, '2014-09-10 09:50:33', '353', 'Ultrasonic Testing', 1, '', 10, 1),
(542, '2014-09-10 09:51:35', '126', 'Concrete Core Cutting / Testing', 1, '', 9, 2),
(543, '2014-09-10 09:52:24', '354', 'Core Testing', 1, '', 10, 1),
(544, '2014-09-10 09:52:24', '355', 'CoreTesting', 1, '', 10, 2),
(545, '2014-09-10 09:53:38', '356', 'Ultimate Tensile Strength', 1, '', 10, 1),
(546, '2014-09-10 09:53:39', '357', 'Ultimate Tensile Strength', 1, '', 10, 2),
(547, '2014-09-10 09:54:11', '358', 'Percentage Elongation', 1, '', 10, 1),
(548, '2014-09-10 09:54:44', '359', 'Percentage Elongation', 1, '', 10, 2),
(549, '2014-09-10 09:55:02', '360', 'Bend Test', 1, '', 10, 2),
(550, '2014-09-10 09:55:06', '361', 'Bens Test', 1, '', 10, 1),
(551, '2014-09-10 09:56:00', '362', '0.2 Proof Stress below 25 mm dia', 1, '', 10, 2),
(552, '2014-09-10 09:56:00', '363', '0.2 Proof Stress below 25mm dia', 1, '', 10, 1),
(553, '2014-09-10 09:56:26', '364', 'Ultimate Tensile Strength', 1, '', 10, 2),
(554, '2014-09-10 09:56:26', '365', 'Ultimate Tensile Strength', 1, '', 10, 1),
(555, '2014-09-10 09:56:40', '366', 'Percentage Elongation', 1, '', 10, 2),
(556, '2014-09-10 09:56:46', '367', 'Percentage Elongation', 1, '', 10, 1),
(557, '2014-09-10 09:57:16', '368', 'Bend Test', 1, '', 10, 1),
(558, '2014-09-10 09:57:17', '369', 'Bend Test', 1, '', 10, 2),
(559, '2014-09-10 09:57:36', '370', '0.2 Proof Stress below 25mm dia', 1, '', 10, 1),
(560, '2014-09-10 09:57:37', '371', '0.2 Proof Stress below 25 mm dia', 1, '', 10, 2),
(561, '2014-09-10 09:58:49', '372', 'Ultimate Tensile Strength', 1, '', 10, 1),
(562, '2014-09-10 09:58:50', '373', 'Ultimate Tensile Strength', 1, '', 10, 2),
(563, '2014-09-10 09:59:44', '374', 'Percentage Elongation', 1, '', 10, 1),
(564, '2014-09-10 10:00:06', '375', 'Percentage Elongation', 1, '', 10, 2),
(565, '2014-09-10 10:00:41', '376', 'Bend Test', 1, '', 10, 2),
(566, '2014-09-10 10:00:44', '377', 'Bend Test', 1, '', 10, 1),
(567, '2014-09-10 10:01:00', '378', '0.2 Proof Stress below 25 mm dia', 1, '', 10, 2),
(568, '2014-09-10 10:01:01', '379', '0.2 Proof Stress below 25mm dia', 1, '', 10, 1),
(569, '2014-09-10 10:01:21', '380', 'Ultimate Tensile Strength', 1, '', 10, 1),
(570, '2014-09-10 10:01:24', '381', 'Ultimate Tensile Strength', 1, '', 10, 2),
(571, '2014-09-10 10:01:40', '382', 'Percentage Elongation', 1, '', 10, 1),
(572, '2014-09-10 10:01:41', '383', 'Percentage Elongation', 1, '', 10, 2),
(573, '2014-09-10 10:02:04', '384', 'Bend Test', 1, '', 10, 2),
(574, '2014-09-10 10:02:04', '385', 'Bend Test', 1, '', 10, 1),
(575, '2014-09-10 10:02:23', '386', '0.2 Proof Stress below 25 mm dia', 1, '', 10, 2),
(576, '2014-09-10 10:02:31', '387', '0.2 Proof Stress below 25mm dia', 1, '', 10, 1),
(577, '2014-09-10 10:02:47', '388', 'Ultimate Tensile Strength', 1, '', 10, 1),
(578, '2014-09-10 10:02:48', '389', 'Ultimate Tensile Strength', 1, '', 10, 2),
(579, '2014-09-10 10:03:05', '390', 'Percentage Elongation', 1, '', 10, 2),
(580, '2014-09-10 10:03:07', '391', 'Percentage Elongation', 1, '', 10, 1),
(581, '2014-09-10 10:03:22', '392', 'Bend Test', 1, '', 10, 2),
(582, '2014-09-10 10:03:22', '393', 'Bend Test', 1, '', 10, 1),
(583, '2014-09-10 10:03:37', '394', '0.2 Proof Stress below 25mm dia', 1, '', 10, 1),
(584, '2014-09-10 10:03:39', '395', '0.2 Proof Stress below 25 mm dia', 1, '', 10, 2),
(585, '2014-09-10 10:04:02', '396', 'Ultimate Tensile Strength', 1, '', 10, 1),
(586, '2014-09-10 10:04:03', '397', 'Ultimate Tensile Strength', 1, '', 10, 2),
(587, '2014-09-10 10:04:15', '398', 'Percentage Elongation', 1, '', 10, 1),
(588, '2014-09-10 10:04:18', '399', 'Percentage Elongation', 1, '', 10, 2),
(589, '2014-09-10 10:04:35', '400', 'Bend Test', 1, '', 10, 1),
(590, '2014-09-10 10:04:35', '401', 'Bend Test', 1, '', 10, 2),
(591, '2014-09-10 10:04:55', '402', '0.2 Proof Stress below 25mm dia', 1, '', 10, 1),
(592, '2014-09-10 10:04:57', '403', '0.2 Proof Stress below 25 mm dia', 1, '', 10, 2),
(593, '2014-09-10 10:06:38', '127', 'Survey: Lab Work', 1, '', 9, 1),
(594, '2014-09-10 10:07:01', '128', 'Preparation Of Contour Map', 1, '', 9, 1),
(595, '2014-09-10 10:16:38', '2', 'user1', 2, 'Changed is_superuser and user_permissions.', 3, 1),
(596, '2014-09-10 10:17:32', '2', 'user1', 2, 'Changed is_superuser and user_permissions.', 3, 1),
(597, '2014-09-10 10:21:43', '129', 'Structure Design: Lab Work', 1, '', 9, 1),
(598, '2014-09-10 10:22:00', '130', 'Structure Design: Field Work', 1, '', 9, 1),
(599, '2014-09-10 10:22:23', '131', 'Design For OHSR', 1, '', 9, 1),
(600, '2014-09-10 10:22:39', '132', 'Design For OHSR', 1, '', 9, 1),
(601, '2014-09-10 10:29:43', '404', 'Mix Design', 1, '', 10, 2),
(602, '2014-09-10 10:39:31', '331', 'Mix Design', 3, '', 10, 2),
(603, '2014-09-10 10:40:20', '328', 'Mix Design', 3, '', 10, 2),
(604, '2014-09-10 10:40:44', '327', 'Mix Design', 3, '', 10, 2),
(605, '2014-09-10 10:44:22', '234', 'Mix Design', 3, '', 10, 2),
(606, '2014-09-10 10:44:42', '233', 'Mix Design ', 3, '', 10, 2),
(607, '2014-09-10 16:23:24', '404', 'Mix Design', 2, 'Changed category.', 10, 1),
(608, '2014-09-10 16:28:45', '329', 'Mix Design', 2, 'Changed category.', 10, 1),
(609, '2014-09-10 16:34:48', '345', 'Mix Design', 2, 'Changed category.', 10, 1),
(610, '2014-09-10 16:37:14', '241', 'Mix Design', 2, 'Changed category.', 10, 1),
(611, '2014-09-11 06:26:45', '401', 'Bend Test', 3, '', 10, 1),
(612, '2014-09-11 06:26:45', '400', 'Bend Test', 3, '', 10, 1),
(613, '2014-09-11 06:26:45', '393', 'Bend Test', 3, '', 10, 1),
(614, '2014-09-11 06:26:45', '392', 'Bend Test', 3, '', 10, 1),
(615, '2014-09-11 06:26:45', '385', 'Bend Test', 3, '', 10, 1),
(616, '2014-09-11 06:26:45', '384', 'Bend Test', 3, '', 10, 1),
(617, '2014-09-11 06:26:45', '377', 'Bend Test', 3, '', 10, 1),
(618, '2014-09-11 06:26:46', '376', 'Bend Test', 3, '', 10, 1),
(619, '2014-09-11 06:26:46', '369', 'Bend Test', 3, '', 10, 1),
(620, '2014-09-11 06:26:46', '368', 'Bend Test', 3, '', 10, 1),
(621, '2014-09-11 06:26:46', '360', 'Bend Test', 3, '', 10, 1),
(622, '2014-09-11 06:26:46', '165', 'Bend Test', 3, '', 10, 1),
(623, '2014-09-11 06:26:46', '163', 'Bend Test', 3, '', 10, 1),
(624, '2014-09-11 06:26:46', '162', 'Bend Test', 3, '', 10, 1),
(625, '2014-09-11 06:26:46', '160', 'Bend Test', 3, '', 10, 1),
(626, '2014-09-11 06:26:46', '159', 'Bend Test', 3, '', 10, 1),
(627, '2014-09-11 06:26:46', '155', 'Bend Test', 3, '', 10, 1),
(628, '2014-09-11 06:26:46', '154', 'Bend Test', 3, '', 10, 1),
(629, '2014-09-11 06:26:46', '153', 'Bend Test', 3, '', 10, 1),
(630, '2014-09-11 06:26:46', '152', 'Bend Test', 3, '', 10, 1),
(631, '2014-09-11 06:26:55', '150', 'Bend Test', 3, '', 10, 1),
(632, '2014-09-11 06:26:56', '149', 'Bend Test', 3, '', 10, 1),
(633, '2014-09-11 06:26:56', '148', 'Bend Test', 3, '', 10, 1),
(634, '2014-09-11 06:26:56', '147', 'Bend Test', 3, '', 10, 1),
(635, '2014-09-11 06:26:56', '146', 'Bend Test', 3, '', 10, 1),
(636, '2014-09-11 06:26:56', '145', 'Bend Test', 3, '', 10, 1),
(637, '2014-09-11 06:26:56', '144', 'Bend Test', 3, '', 10, 1),
(638, '2014-09-11 06:26:57', '143', 'Bend Test', 3, '', 10, 1),
(639, '2014-09-11 06:35:07', '406', 'gdfkhgdfskhg kfjghjkdfshgkjfhdsgk hfdsjghfdshg jfdhg jdfghjdfgdfhgjdfhgjfdshgjfdghfdjghdfs jhjfhjkhjfhg', 1, '', 10, 1),
(640, '2014-09-11 06:38:49', '406', 'gdfkhgdfskhg kfjghjkdfshgkjfhdsgk hfdsjghfdshg jfdhg jdfghjdfgdfhgjdfhgjfdshgjfdghfdjghdfs jhjfhjkhjfhgfdgdsfgfd gfdgs  gfsdgfdsg  sdfgfdg', 2, 'Changed name.', 10, 1),
(641, '2014-09-11 06:40:32', '406', 'Angle: a) Bend Test, b)0.2 Proof Stress below 25mm dia, c)Ultimate Tensile Strength, d) Percentage Elongation', 2, 'Changed name.', 10, 1),
(642, '2014-09-11 06:41:12', '406', 'Angle: a) Bend Test, b)0.2 Proof Stress below 25mm dia, c)Ultimate Tensile Strength, d) Percentage Elongation', 2, 'No fields changed.', 10, 1),
(643, '2014-09-11 06:42:29', '407', 'Angle: a) Bend Test, b)0.2 Proof Stress below 25mm dia, c)Ultimate Tensile Strength, d) Percentage Elongation', 1, '', 10, 1),
(644, '2014-09-11 06:45:00', '408', 'Barbed Wire: a) Bend Test, b)0.2 Proof Stress below 25mm dia, c)Ultimate Tensile Strength, d) Percentage Elongation', 1, '', 10, 1),
(645, '2014-09-11 06:45:24', '409', 'Barbed Wire: a) Bend Test, b)0.2 Proof Stress below 25mm dia, c)Ultimate Tensile Strength, d) Percentage Elongation', 1, '', 10, 1),
(646, '2014-09-11 06:45:26', '409', 'Barbed Wire: a) Bend Test, b)0.2 Proof Stress below 25mm dia, c)Ultimate Tensile Strength, d) Percentage Elongation', 2, 'No fields changed.', 10, 1),
(647, '2014-09-11 06:46:16', '410', 'Flats: a) Bend Test, b)0.2 Proof Stress below 25mm dia, c)Ultimate Tensile Strength, d) Percentage Elongation', 1, '', 10, 1),
(648, '2014-09-11 06:46:48', '411', 'Flats: a) Bend Test, b)0.2 Proof Stress below 25mm dia, c)Ultimate Tensile Strength, d) Percentage Elongation', 1, '', 10, 1),
(649, '2014-09-11 06:52:04', '403', '0.2 Proof Stress below 25 mm dia', 3, '', 10, 1),
(650, '2014-09-11 06:52:04', '402', '0.2 Proof Stress below 25mm dia', 3, '', 10, 1),
(651, '2014-09-11 06:52:04', '395', '0.2 Proof Stress below 25 mm dia', 3, '', 10, 1),
(652, '2014-09-11 06:52:04', '394', '0.2 Proof Stress below 25mm dia', 3, '', 10, 1),
(653, '2014-09-11 06:52:04', '387', '0.2 Proof Stress below 25mm dia', 3, '', 10, 1),
(654, '2014-09-11 06:52:04', '386', '0.2 Proof Stress below 25 mm dia', 3, '', 10, 1),
(655, '2014-09-11 06:52:05', '379', '0.2 Proof Stress below 25mm dia', 3, '', 10, 1),
(656, '2014-09-11 06:52:05', '378', '0.2 Proof Stress below 25 mm dia', 3, '', 10, 1),
(657, '2014-09-11 06:52:05', '371', '0.2 Proof Stress below 25 mm dia', 3, '', 10, 1),
(658, '2014-09-11 06:52:05', '370', '0.2 Proof Stress below 25mm dia', 3, '', 10, 1),
(659, '2014-09-11 06:52:05', '363', '0.2 Proof Stress below 25mm dia', 3, '', 10, 1),
(660, '2014-09-11 06:52:05', '362', '0.2 Proof Stress below 25 mm dia', 3, '', 10, 1),
(661, '2014-09-11 06:52:05', '186', '0.2 Proof Stress below 25mm dia', 3, '', 10, 1),
(662, '2014-09-11 06:52:05', '185', '0.2 Proof Stress below 25 mm dia', 3, '', 10, 1),
(663, '2014-09-11 06:52:19', '184', '0.2 Proof Stress below 25mm dia', 3, '', 10, 1),
(664, '2014-09-11 06:52:19', '183', '0.2 Proof Stress below 25 mm dia', 3, '', 10, 1),
(665, '2014-09-11 06:52:19', '182', '0.2 Proof Stress below 25mm dia', 3, '', 10, 1),
(666, '2014-09-11 06:52:19', '180', '0.2 Proof Stress below 25 mm dia', 3, '', 10, 1),
(667, '2014-09-11 06:52:19', '179', '0.2 Proof Stress below 25mm dia', 3, '', 10, 1),
(668, '2014-09-11 06:52:19', '178', '0.2 Proof Stress below 25 mm dia', 3, '', 10, 1),
(669, '2014-09-11 06:52:19', '177', '0.2 Proof Stress below 25mm dia', 3, '', 10, 1),
(670, '2014-09-11 06:52:20', '176', '0.2 Proof Stress below 25 mm dia', 3, '', 10, 1),
(671, '2014-09-11 06:52:20', '175', '0.2 Proof Stress below 25mm dia', 3, '', 10, 1),
(672, '2014-09-11 06:52:20', '174', '0.2 Proof Stress below 25 mm dia', 3, '', 10, 1),
(673, '2014-09-11 06:52:20', '173', '0.2 Proof Stress below 25mm dia', 3, '', 10, 1);
INSERT INTO `django_admin_log` (`id`, `action_time`, `object_id`, `object_repr`, `action_flag`, `change_message`, `content_type_id`, `user_id`) VALUES
(674, '2014-09-11 06:52:20', '171', '0.2 Proof Stress below 25 mm dia', 3, '', 10, 1),
(675, '2014-09-11 06:52:20', '170', '0.2 Proof Stress below 25mm dia', 3, '', 10, 1),
(676, '2014-09-11 06:52:20', '169', '0.2 Proof Stress below 25 mm dia', 3, '', 10, 1),
(677, '2014-09-11 06:52:31', '168', '0.2 Proof Stress below 25mm dia', 3, '', 10, 1),
(678, '2014-09-11 06:53:21', '397', 'Ultimate Tensile Strength', 3, '', 10, 1),
(679, '2014-09-11 06:53:21', '396', 'Ultimate Tensile Strength', 3, '', 10, 1),
(680, '2014-09-11 06:53:21', '389', 'Ultimate Tensile Strength', 3, '', 10, 1),
(681, '2014-09-11 06:53:22', '388', 'Ultimate Tensile Strength', 3, '', 10, 1),
(682, '2014-09-11 06:53:22', '381', 'Ultimate Tensile Strength', 3, '', 10, 1),
(683, '2014-09-11 06:53:22', '380', 'Ultimate Tensile Strength', 3, '', 10, 1),
(684, '2014-09-11 06:53:22', '373', 'Ultimate Tensile Strength', 3, '', 10, 1),
(685, '2014-09-11 06:53:22', '372', 'Ultimate Tensile Strength', 3, '', 10, 1),
(686, '2014-09-11 06:53:22', '365', 'Ultimate Tensile Strength', 3, '', 10, 1),
(687, '2014-09-11 06:53:22', '364', 'Ultimate Tensile Strength', 3, '', 10, 1),
(688, '2014-09-11 06:53:22', '357', 'Ultimate Tensile Strength', 3, '', 10, 1),
(689, '2014-09-11 06:53:22', '356', 'Ultimate Tensile Strength', 3, '', 10, 1),
(690, '2014-09-11 06:53:22', '95', 'Ultimate Tensile Strength', 3, '', 10, 1),
(691, '2014-09-11 06:53:22', '94', 'Ultimate Tensile Strength', 3, '', 10, 1),
(692, '2014-09-11 06:53:34', '92', 'Ultimate Tensile Strength', 3, '', 10, 1),
(693, '2014-09-11 06:53:34', '91', 'Ultimate Tensile Strength', 3, '', 10, 1),
(694, '2014-09-11 06:53:35', '89', 'Ultimate Tensile Strength', 3, '', 10, 1),
(695, '2014-09-11 06:53:35', '88', 'Ultimate Tensile Strength', 3, '', 10, 1),
(696, '2014-09-11 06:53:35', '87', 'Ultimate Tensile Strength', 3, '', 10, 1),
(697, '2014-09-11 06:53:35', '86', 'Ultimate Tensile Strength', 3, '', 10, 1),
(698, '2014-09-11 06:53:35', '85', 'Ultimate Tensile Strength', 3, '', 10, 1),
(699, '2014-09-11 06:53:35', '84', 'Ultimate Tensile Strength', 3, '', 10, 1),
(700, '2014-09-11 06:53:35', '83', 'Ultimate Tensile Strength', 3, '', 10, 1),
(701, '2014-09-11 06:53:35', '82', 'Ultimate Tensile Strength', 3, '', 10, 1),
(702, '2014-09-11 06:53:35', '81', 'Ultimate Tensile Strength', 3, '', 10, 1),
(703, '2014-09-11 06:53:35', '80', 'Ultimate Tensile Strength', 3, '', 10, 1),
(704, '2014-09-11 06:53:35', '77', 'Ultimate Tensile Strength', 3, '', 10, 1),
(705, '2014-09-11 06:53:35', '76', 'Ultimate Tensile Strength', 3, '', 10, 1),
(706, '2014-09-11 06:54:01', '399', 'Percentage Elongation', 3, '', 10, 1),
(707, '2014-09-11 06:54:01', '398', 'Percentage Elongation', 3, '', 10, 1),
(708, '2014-09-11 06:54:01', '391', 'Percentage Elongation', 3, '', 10, 1),
(709, '2014-09-11 06:54:01', '390', 'Percentage Elongation', 3, '', 10, 1),
(710, '2014-09-11 06:54:01', '383', 'Percentage Elongation', 3, '', 10, 1),
(711, '2014-09-11 06:54:01', '382', 'Percentage Elongation', 3, '', 10, 1),
(712, '2014-09-11 06:54:01', '375', 'Percentage Elongation', 3, '', 10, 1),
(713, '2014-09-11 06:54:01', '374', 'Percentage Elongation', 3, '', 10, 1),
(714, '2014-09-11 06:54:01', '367', 'Percentage Elongation', 3, '', 10, 1),
(715, '2014-09-11 06:54:01', '366', 'Percentage Elongation', 3, '', 10, 1),
(716, '2014-09-11 06:54:01', '359', 'Percentage Elongation', 3, '', 10, 1),
(717, '2014-09-11 06:54:01', '358', 'Percentage Elongation', 3, '', 10, 1),
(718, '2014-09-11 06:54:01', '112', 'Percentage Elongation', 3, '', 10, 1),
(719, '2014-09-11 06:54:01', '111', 'Percentage Elongation', 3, '', 10, 1),
(720, '2014-09-11 06:54:15', '110', 'Percentage Elongation', 3, '', 10, 1),
(721, '2014-09-11 06:54:15', '109', 'Percentage Elongation', 3, '', 10, 1),
(722, '2014-09-11 06:54:15', '108', 'Percentage Elongation', 3, '', 10, 1),
(723, '2014-09-11 06:54:15', '107', 'Percentage Elongation', 3, '', 10, 1),
(724, '2014-09-11 06:54:15', '106', 'Percentage Elongation', 3, '', 10, 1),
(725, '2014-09-11 06:54:15', '105', 'Percentage Elongation', 3, '', 10, 1),
(726, '2014-09-11 06:54:16', '104', 'Percentage Elongation', 3, '', 10, 1),
(727, '2014-09-11 06:54:16', '103', 'Percentage Elongation', 3, '', 10, 1),
(728, '2014-09-11 06:54:16', '102', 'Percentage Elongation', 3, '', 10, 1),
(729, '2014-09-11 06:54:16', '101', 'Percentage Elongation', 3, '', 10, 1),
(730, '2014-09-11 06:54:16', '100', 'Percentage Elongation', 3, '', 10, 1),
(731, '2014-09-11 06:54:16', '99', 'Percentage Elongation', 3, '', 10, 1),
(732, '2014-09-11 06:54:16', '97', 'Percentage Elongation', 3, '', 10, 1),
(733, '2014-09-11 06:54:16', '96', 'Percentage Elongation', 3, '', 10, 1),
(734, '2014-09-11 06:56:28', '41', 'Steel 10 mm', 3, '', 9, 1),
(735, '2014-09-11 06:56:28', '49', 'Steel 12 mm', 3, '', 9, 1),
(736, '2014-09-11 06:56:28', '52', 'Steel 16 mm', 3, '', 9, 1),
(737, '2014-09-11 06:56:28', '56', 'Steel 20 mm', 3, '', 9, 1),
(738, '2014-09-11 06:56:28', '61', 'Steel 25 mm', 3, '', 9, 1),
(739, '2014-09-11 06:56:28', '65', 'Steel 32 mm', 3, '', 9, 1),
(740, '2014-09-11 06:56:28', '67', 'Steel 40 mm', 3, '', 9, 1),
(741, '2014-09-11 06:56:28', '39', 'Steel 8 mm', 3, '', 9, 1),
(742, '2014-09-11 06:56:28', '43', 'Steel 10 mm', 3, '', 9, 1),
(743, '2014-09-11 06:56:29', '50', 'Steel 12 mm', 3, '', 9, 1),
(744, '2014-09-11 06:56:29', '54', 'Steel 16 mm', 3, '', 9, 1),
(745, '2014-09-11 06:56:29', '58', 'Steel 20 mm', 3, '', 9, 1),
(746, '2014-09-11 06:56:29', '62', 'Steel 25 mm', 3, '', 9, 1),
(747, '2014-09-11 06:56:29', '66', 'Steel 32 mm', 3, '', 9, 1),
(748, '2014-09-11 06:56:29', '68', 'Steel 40 mm', 3, '', 9, 1),
(749, '2014-09-11 06:56:29', '40', 'Steel 8 mm', 3, '', 9, 1),
(750, '2014-09-11 06:57:44', '133', 'Steel', 1, '', 9, 1),
(751, '2014-09-11 06:57:58', '134', 'Steel', 1, '', 9, 1),
(752, '2014-09-11 06:59:47', '412', 'Steel 7.5mm: a) Bend Test, b)0.2 Proof Stress below 25mm dia, c)Ultimate Tensile Strength, d) Percentage Elongation', 1, '', 10, 1),
(753, '2014-09-11 07:01:42', '412', 'Steel 8mm: a) Bend Test, b)0.2 Proof Stress below 25mm dia, c)Ultimate Tensile Strength, d) Percentage Elongation', 2, 'Changed name.', 10, 1),
(754, '2014-09-11 07:03:04', '413', 'Steel 10mm: a) Bend Test, b)0.2 Proof Stress below 25mm dia, c)Ultimate Tensile Strength, d) Percentage Elongation', 1, '', 10, 1),
(755, '2014-09-11 07:04:04', '414', 'Steel 12mm: a) Bend Test, b)0.2 Proof Stress below 25mm dia, c)Ultimate Tensile Strength, d) Percentage Elongation', 1, '', 10, 1),
(756, '2014-09-11 07:11:27', '415', 'Steel 16mm: a) Bend Test, b) 0.2 Proof Stress below 25 mm dia, c) Ultimate Tensile Strength, d) Percentage Elongation', 1, '', 10, 2),
(757, '2014-09-11 07:12:18', '416', 'Steel 20mm: a) Bend Test, b) 0.2 Proof Stress below 25 mm dia, c) Ultimate Tensile Strength, d) Percentage Elongation', 1, '', 10, 2),
(758, '2014-09-11 07:15:28', '417', 'Steel 25mm: a) Bend Test, b) 0.2 Proof Stress below 25 mm dia, c) Ultimate Tensile Strength, d) Percentage Elongation', 1, '', 10, 2),
(759, '2014-09-11 07:16:42', '418', 'Steel 32mm: a) Bend Test, b) 0.2 Proof Stress below 25 mm dia, c) Ultimate Tensile Strength, d) Percentage Elongation', 1, '', 10, 2),
(760, '2014-09-11 07:17:59', '419', 'Steel 40mm: a) Bend Test, b) 0.2 Proof Stress below 25 mm dia, c) Ultimate Tensile Strength, d) Percentage Elongation', 1, '', 10, 2),
(761, '2014-09-11 07:19:14', '420', 'Steel 8mm: a) Bend Test, b) 0.2 Proof Stress below 25 mm dia, c) Ultimate Tensile Strength, d) Percentage Elongation', 1, '', 10, 2),
(762, '2014-09-11 08:07:00', '420', 'Steel 8mm: a) Bend Test, b) 0.2 Proof Stress below 25 mm dia, c) Ultimate Tensile Strength, d) Percentage Elongation', 2, 'No fields changed.', 10, 1),
(763, '2014-09-11 08:07:58', '421', 'Steel 10mm: a) Bend Test, b) 0.2 Proof Stress below 25 mm dia, c) Ultimate Tensile Strength, d) Percentage Elongation', 1, '', 10, 1),
(764, '2014-09-11 08:08:39', '422', 'Steel 12mm: a) Bend Test, b) 0.2 Proof Stress below 25 mm dia, c) Ultimate Tensile Strength, d) Percentage Elongation', 1, '', 10, 1),
(765, '2014-09-11 08:09:17', '423', 'Steel 16mm: a) Bend Test, b) 0.2 Proof Stress below 25 mm dia, c) Ultimate Tensile Strength, d) Percentage Elongation', 1, '', 10, 1),
(766, '2014-09-11 08:10:04', '424', 'Steel 20mm: a) Bend Test, b) 0.2 Proof Stress below 25 mm dia, c) Ultimate Tensile Strength, d) Percentage Elongation', 1, '', 10, 1),
(767, '2014-09-11 08:11:03', '425', 'Steel 25mm: a) Bend Test, b) 0.2 Proof Stress below 25 mm dia, c) Ultimate Tensile Strength, d) Percentage Elongation', 1, '', 10, 1),
(768, '2014-09-11 08:11:58', '426', 'Steel 32mm: a) Bend Test, b) 0.2 Proof Stress below 25 mm dia, c) Ultimate Tensile Strength, d) Percentage Elongation', 1, '', 10, 1),
(769, '2014-09-11 08:12:23', '427', 'Steel 40mm: a) Bend Test, b) 0.2 Proof Stress below 25 mm dia, c) Ultimate Tensile Strength, d) Percentage Elongation', 1, '', 10, 1),
(770, '2014-09-11 08:16:11', '57', 'Soundness', 3, '', 10, 1),
(771, '2014-09-11 08:16:11', '47', 'Soundness', 3, '', 10, 1),
(772, '2014-09-11 08:16:43', '55', 'Initial & Final Setting Time Comp. Strength (at 28 days curing)', 3, '', 10, 1),
(773, '2014-09-11 08:16:43', '52', 'Initial & Final Setting Time Comp. Strength (at 28 days curing)', 3, '', 10, 1),
(774, '2014-09-11 08:16:43', '51', 'Initial & Final Setting Time Comp. Strength (at 7 day''s curing)', 3, '', 10, 1),
(775, '2014-09-11 08:16:43', '45', 'Initial & Final Setting Time Comp. Strength (at 28 days curing)', 3, '', 10, 1),
(776, '2014-09-11 08:16:43', '42', 'Initial & Final Setting Time Comp. Strength (at 7 day''s curing)', 3, '', 10, 1),
(777, '2014-09-11 08:17:01', '60', 'Fineness', 3, '', 10, 1),
(778, '2014-09-11 08:17:01', '48', 'Fineness', 3, '', 10, 1),
(779, '2014-09-11 08:20:04', '321', 'Comprehensive physico-chemical analysis', 3, '', 10, 1),
(780, '2014-09-11 08:20:04', '319', 'Comprehensive physico-chemical analysis', 3, '', 10, 1),
(781, '2014-09-11 08:20:17', '324', 'Preliminary physico-chemical analysis', 3, '', 10, 1),
(782, '2014-09-11 08:20:18', '323', 'Preliminary physico-chemical analysis', 3, '', 10, 1),
(783, '2014-09-11 08:21:13', '428', 'Water for Drinking Purpose', 1, '', 10, 1),
(784, '2014-09-11 08:21:35', '429', 'Water for Drinking Purpose', 1, '', 10, 1),
(785, '2014-09-11 08:22:20', '74', 'C.B.R Test (Unsoaked)', 3, '', 10, 1),
(786, '2014-09-11 08:22:20', '73', 'C.B.R Test (Unsoaked)', 3, '', 10, 1),
(787, '2014-09-11 08:22:20', '72', 'C.B.R Test (Soaked)', 3, '', 10, 1),
(788, '2014-09-11 08:22:20', '71', 'C.B.R Test (Soaked)', 3, '', 10, 1),
(789, '2014-09-11 08:23:18', '41', 'Gradation', 2, 'Changed name.', 10, 1),
(790, '2014-09-11 08:23:22', '40', 'Gradation', 2, 'Changed name.', 10, 1),
(791, '2014-09-11 13:40:40', '29', 'Soil Samples', 2, 'Changed name.', 9, 1),
(792, '2014-09-11 13:40:50', '15', 'Soil Samples', 2, 'Changed name.', 9, 1),
(793, '2014-09-11 13:43:11', '135', 'Sand Samples', 2, 'Changed name.', 9, 1),
(794, '2014-09-11 13:43:17', '136', 'Sand Samples', 2, 'Changed name.', 9, 1),
(795, '2014-09-11 13:46:01', '32', 'Moisture Content', 2, 'Changed price_per_unit. Changed value for catalog "Sample Qty".', 10, 1),
(796, '2014-09-11 13:47:39', '33', 'Moisture Content', 2, 'Changed price_per_unit. Changed value for catalog "Sample Qty".', 10, 1),
(797, '2014-09-11 13:51:05', '430', 'C.B.R Test (Soaked)', 1, '', 10, 1),
(798, '2014-09-11 13:51:33', '431', 'C.B.R Test (Soaked)', 1, '', 10, 1),
(799, '2014-09-11 13:52:08', '432', 'C.B.R Test (Unsoaked)', 1, '', 10, 1),
(800, '2014-09-11 13:52:45', '433', 'C.B.R Test (Unsoaked)', 1, '', 10, 1),
(801, '2014-09-11 13:53:23', '98', 'Job Mix Formula', 2, 'Changed category.', 10, 1),
(802, '2014-09-11 13:53:28', '93', 'Job Mix Formula', 2, 'Changed category.', 10, 1),
(803, '2014-09-11 13:55:06', '137', 'BM/PC', 1, '', 9, 1),
(804, '2014-09-11 13:55:15', '138', 'BM/PC', 1, '', 9, 1),
(805, '2014-09-11 13:55:34', '166', 'Bitument Content', 2, 'Changed category.', 10, 1),
(806, '2014-09-11 13:55:38', '90', 'Bitument Content', 2, 'Changed category.', 10, 1),
(807, '2014-09-11 13:56:05', '90', 'Bitument Content', 2, 'Changed value for catalog "Sample Qty".', 10, 1),
(808, '2014-09-11 13:56:14', '166', 'Bitument Content', 2, 'Changed value for catalog "Sample Qty".', 10, 1),
(809, '2014-09-11 13:57:39', '435', 'Gradation', 2, 'Changed category.', 10, 1),
(810, '2014-09-11 13:57:43', '434', 'Gradation', 2, 'Changed category.', 10, 1),
(811, '2014-09-11 13:59:34', '436', 'Bitument (Ductility Value, Softening Point & Total Soluble Solids)', 2, 'Changed name and price_per_unit.', 10, 1),
(812, '2014-09-11 14:00:02', '437', 'Bitument (Ductility Value, Softening Point & Total Soluble Solids)', 2, 'Changed category.', 10, 1),
(813, '2014-09-11 14:02:18', '346', 'a) Moisture Content, b) Class Test, c) Grade and Density', 2, 'Changed name and price_per_unit.', 10, 1),
(814, '2014-09-11 14:03:03', '438', 'a) Moisture Content, b) Class Test, c) Grade and Density', 2, 'Changed category.', 10, 1),
(815, '2014-09-11 14:03:24', '347', 'Moisture Content', 3, '', 10, 1),
(816, '2014-09-11 14:05:08', '139', 'Admixture', 2, 'Changed name.', 9, 1),
(817, '2014-09-11 14:05:16', '140', 'Admixture', 2, 'Changed name.', 9, 1),
(818, '2014-09-11 14:07:23', '439', 'Physical State, Specific Gravity, PH Value, Dry Material, Content %, Ash Content, Chloride Content, 1.0% Admixture, Control Mix', 1, '', 10, 1),
(819, '2014-09-11 14:07:55', '440', 'Physical State, Specific Gravity, PH Value, Dry Material, Content %, Ash Content, Chloride Content, 1.0% Admixture, Control Mix', 2, 'Changed category.', 10, 1),
(820, '2014-09-11 14:09:38', '141', 'Field CBR Tests', 1, '', 9, 1),
(821, '2014-09-11 14:10:22', '142', 'Field CBR Tests', 2, 'Changed parent.', 9, 1),
(822, '2014-09-11 14:12:59', '142', 'Field CBR Tests', 3, '', 9, 1),
(823, '2014-09-11 14:13:26', '141', 'Field CBR Tests', 3, '', 9, 1),
(824, '2014-09-11 14:14:00', '143', 'Field CBR Tests', 1, '', 9, 1),
(825, '2014-09-11 14:14:13', '144', 'Field CBR Tests', 1, '', 9, 1),
(826, '2014-09-11 14:15:05', '441', 'Field CBR Test', 1, '', 10, 1),
(827, '2014-09-11 14:15:37', '442', 'Pile Load Test', 1, '', 10, 1),
(828, '2014-09-11 14:16:14', '443', 'Bankelman Beam', 1, '', 10, 1),
(829, '2014-09-11 14:16:57', '446', 'Field CBR Test', 2, 'Changed category.', 10, 1),
(830, '2014-09-11 14:17:03', '445', 'Pile Load Test', 2, 'Changed category.', 10, 1),
(831, '2014-09-11 14:17:10', '444', 'Bankelman Beam', 2, 'Changed category.', 10, 1),
(832, '2014-09-11 14:19:35', '34', 'Liquid Limit & Plastic Limit', 3, '', 10, 1),
(833, '2014-09-11 14:20:03', '28', 'Fineness Modulus', 2, 'Changed name.', 10, 1),
(834, '2014-09-11 14:22:44', '447', 'Deleterious Material', 2, 'Changed name and price_per_unit. Added catalog "Sample Qty".', 10, 1),
(835, '2014-09-11 14:24:25', '30', 'Silt Content ', 2, 'Changed price_per_unit.', 10, 1),
(836, '2014-09-11 14:25:03', '448', 'Silt and Clay Content ', 2, 'Changed name. Added catalog "Sample Qty".', 10, 1),
(837, '2014-09-11 14:26:16', '93', 'Job Mix Formula', 2, 'Changed value for catalog "Sample Qty".', 10, 1),
(838, '2014-09-11 14:26:29', '38', 'Specific Gravity', 2, 'Changed value for catalog "Sample Qty".', 10, 1),
(839, '2014-09-11 14:26:54', '36', 'Compaction Test (Dry Bulk Density)', 2, 'Changed price_per_unit. Changed value for catalog "Sample Qty".', 10, 1),
(840, '2014-09-11 14:27:19', '32', 'Moisture Content', 2, 'Changed value for catalog "Sample Qty".', 10, 1),
(841, '2014-09-11 14:27:30', '30', 'Silt Content ', 2, 'Changed value for catalog "Sample Qty".', 10, 1),
(842, '2014-09-11 14:27:40', '28', 'Fineness Modulus', 2, 'Changed value for catalog "Sample Qty".', 10, 1),
(843, '2014-09-11 14:27:51', '26', 'Sieve Analysis ', 2, 'Changed value for catalog "Sample Qty".', 10, 1),
(844, '2014-09-11 14:33:01', '62', 'Consistency', 2, 'Changed value for catalog "Sample Qty".', 10, 1),
(845, '2014-09-11 14:33:07', '49', 'Consistency', 2, 'Changed value for catalog "Sample Qty".', 10, 1),
(846, '2014-09-11 14:35:56', '361', 'Bens Test', 3, '', 10, 1),
(847, '2014-09-11 14:36:37', '87', 'Concrete Pavers', 2, 'Changed name.', 9, 1),
(848, '2014-09-11 14:36:42', '88', 'Concrete Pavers', 2, 'Changed name.', 9, 1),
(849, '2014-09-11 14:39:42', '449', 'Ratio', 1, '', 10, 1),
(850, '2014-09-11 14:40:19', '450', 'Ratio', 2, 'Changed category.', 10, 1),
(851, '2014-09-11 14:41:27', '454', 'Ratio', 2, 'Changed category. Added catalog "Sample Qty".', 10, 1),
(852, '2014-09-11 14:42:33', '453', 'Ratio', 2, 'Changed category and price_per_unit. Added catalog "Sample Qty".', 10, 1),
(853, '2014-09-11 14:43:04', '451', 'Ratio', 2, 'Changed category and price_per_unit. Added catalog "Sample Qty".', 10, 1),
(854, '2014-09-11 14:43:28', '452', 'Ratio', 2, 'Changed category and price_per_unit. Added catalog "Sample Qty".', 10, 1),
(855, '2014-09-11 14:43:44', '450', 'Ratio', 2, 'Added catalog "Sample Qty".', 10, 1),
(856, '2014-09-11 14:44:00', '454', 'Ratio', 2, 'Changed price_per_unit.', 10, 1),
(857, '2014-09-11 15:26:10', '455', 'Deleterious Material Only', 1, '', 10, 1),
(858, '2014-09-11 15:26:33', '456', 'Deleterious Material Only', 2, 'Changed category. Added catalog "Sample Qty".', 10, 1),
(859, '2014-09-11 15:27:42', '444', 'Bankelman Beam', 2, 'Added catalog "Depth of Investigation(m)".', 10, 1),
(860, '2014-09-11 15:28:09', '446', 'Field CBR Test', 2, 'Added catalog "Depth of Investigation(m)".', 10, 1),
(861, '2014-09-11 15:28:14', '445', 'Pile Load Test', 2, 'Added catalog "Depth of Investigation(m)".', 10, 1),
(862, '2014-09-11 15:29:06', '435', 'Gradation', 2, 'Added catalog "Sample Qty".', 10, 1),
(863, '2014-09-11 15:29:20', '436', 'Bitument (Ductility Value, Softening Point & Total Soluble Solids)', 2, 'Added catalog "Depth of Investigation(m)".', 10, 1),
(864, '2014-09-11 15:29:47', '435', 'Gradation', 2, 'Changed value for catalog "Sample Qty".', 10, 1),
(865, '2014-09-11 15:30:16', '437', 'Bitument (Ductility Value, Softening Point & Total Soluble Solids)', 2, 'Added catalog "Sample Qty".', 10, 1),
(866, '2014-09-11 15:30:24', '434', 'Gradation', 2, 'Added catalog "Sample Qty".', 10, 1),
(867, '2014-09-11 15:31:31', '135', 'Sand Samples', 3, '', 9, 1),
(868, '2014-09-11 15:31:31', '136', 'Sand Samples', 3, '', 9, 1),
(869, '2014-09-11 15:32:51', '438', 'a) Moisture Content, b) Class Test, c) Grade and Density', 2, 'Added catalog "Sample Qty".', 10, 1),
(870, '2014-09-11 15:38:23', '459', 'Barbed Wire: a) Bend Test, b)0.2 Proof Stress below 25mm dia, c)Ultimate Tensile Strength, d) Percentage Elongation', 2, 'Changed category.', 10, 1),
(871, '2014-09-11 15:38:34', '458', 'Barbed Wire: a) Bend Test, b)0.2 Proof Stress below 25mm dia, c)Ultimate Tensile Strength, d) Percentage Elongation', 2, 'Changed category.', 10, 1),
(872, '2014-09-11 15:38:43', '457', 'Barbed Wire: a) Bend Test, b)0.2 Proof Stress below 25mm dia, c)Ultimate Tensile Strength, d) Percentage Elongation', 2, 'Changed category.', 10, 1),
(873, '2014-09-11 15:39:40', '459', 'Barbed Wire: a) Bend Test, b)0.2 Proof Stress below 25mm dia, c)Ultimate Tensile Strength, d) Percentage Elongation', 2, 'Changed category.', 10, 1),
(874, '2014-09-11 15:46:41', '460', 'Barbed Wire: a) Bend Test, b)0.2 Proof Stress below 25mm dia, c)Ultimate Tensile Strength, d) Percentage Elongation', 2, 'Changed category.', 10, 1),
(875, '2014-09-11 15:46:55', '461', 'Barbed Wire: a) Bend Test, b)0.2 Proof Stress below 25mm dia, c)Ultimate Tensile Strength, d) Percentage Elongation', 2, 'Changed category.', 10, 1),
(876, '2014-09-11 15:47:06', '462', 'Barbed Wire: a) Bend Test, b)0.2 Proof Stress below 25mm dia, c)Ultimate Tensile Strength, d) Percentage Elongation', 2, 'Changed category.', 10, 1),
(877, '2014-09-11 15:51:13', '462', 'Tees Channel: a) Bend Test, b)0.2 Proof Stress below 25mm dia, c)Ultimate Tensile Strength, d) Percentage Elongation', 2, 'Changed name.', 10, 1),
(878, '2014-09-11 15:51:29', '457', 'Tees Channel: a) Bend Test, b)0.2 Proof Stress below 25mm dia, c)Ultimate Tensile Strength, d) Percentage Elongation', 2, 'Changed name. Added catalog "Sample Qty".', 10, 1),
(879, '2014-09-12 05:20:17', '332', 'Cement Test', 3, '', 10, 1),
(880, '2014-09-12 05:23:01', '49', 'Consistency', 2, 'Changed category.', 10, 1),
(881, '2014-09-12 05:26:50', '38', 'Cement', 3, '', 9, 1),
(882, '2014-09-12 05:26:50', '37', 'Cement ', 3, '', 9, 1),
(883, '2014-09-12 05:26:50', '28', 'Cement', 3, '', 9, 1),
(884, '2014-09-12 05:26:50', '30', 'Cement', 3, '', 9, 1),
(885, '2014-09-12 05:27:21', '145', 'Cement', 1, '', 9, 1),
(886, '2014-09-12 05:29:03', '463', 'Chemical Test', 1, '', 10, 1),
(887, '2014-09-12 05:29:22', '146', 'Cement', 1, '', 9, 1),
(888, '2014-09-12 05:29:42', '464', 'Chemical Test', 1, '', 10, 1),
(889, '2014-09-12 05:30:10', '147', 'Cement ', 1, '', 9, 1),
(890, '2014-09-12 05:31:08', '148', 'Cement', 1, '', 9, 1),
(891, '2014-09-12 05:32:22', '148', 'Cement', 2, 'Changed parent.', 9, 1),
(892, '2014-09-12 05:34:23', '465', 'a) Initial & Final Setting time Comp. Strength(at 7 day''s curing), b) at 28 day''s curing, c)Soundness, d)Fineness, e)Consistency', 1, '', 10, 1),
(893, '2014-09-12 05:34:48', '466', 'a) Initial & Final Setting time Comp. Strength(at 7 day''s curing), b) at 28 day''s curing, c)Soundness, d)Fineness, e)Consistency', 1, '', 10, 1),
(894, '2014-09-12 06:16:08', '148', 'Cement (Physical Test)', 2, 'Changed name.', 9, 1),
(895, '2014-09-12 06:16:22', '147', 'Cement (Physical Test)', 2, 'Changed name.', 9, 1),
(896, '2014-09-12 06:16:42', '145', 'Cement (Chemical Test)', 2, 'Changed name.', 9, 1),
(897, '2014-09-12 06:16:51', '146', 'Cement (Chemical Test)', 2, 'Changed name.', 9, 1),
(898, '2014-09-12 06:19:42', '70', 'Comp. Strength: Cube Set(1 to 3 cubes)', 2, 'Changed name.', 10, 1),
(899, '2014-09-12 06:20:27', '69', 'Comp. Strength: Cube Set(1 to 3 cubes)', 2, 'Changed name. Changed value for catalog "Sample Qty".', 10, 1),
(900, '2014-09-12 06:20:38', '70', 'Comp. Strength: Cube Set(1 to 3 cubes)', 2, 'Changed value for catalog "Sample Qty".', 10, 1),
(901, '2014-09-12 06:21:42', '467', 'Comp. Strength: Cube Set(4 to 6 cubes)', 2, 'Changed name and price_per_unit. Added catalog "Sample Qty".', 10, 1),
(902, '2014-09-12 06:22:02', '469', 'Comp. Strength: Cube Set(4 to 6 cubes)', 2, 'Changed name and price_per_unit. Added catalog "Sample Qty".', 10, 1),
(903, '2014-09-12 06:22:20', '470', 'Comp. Strength: Cube Set(7 to 10 cubes)', 2, 'Changed name and price_per_unit. Added catalog "Sample Qty".', 10, 1),
(904, '2014-09-12 06:23:10', '468', 'Comp. Strength: Cube Set(7 to 10 cubes)', 2, 'Changed name and price_per_unit. Added catalog "Sample Qty".', 10, 1),
(905, '2014-09-12 06:25:28', '70', 'Comp. Strength: Cube Set(7 to 10 cubes)', 2, 'Changed name and price_per_unit.', 10, 1),
(906, '2014-09-12 06:25:39', '69', 'Comp. Strength: Cube Set(7 to 10 cubes)', 2, 'Changed name and price_per_unit.', 10, 1),
(907, '2014-09-12 06:26:26', '470', 'Comp. Strength: Cube Set(4 to 6 cubes)', 2, 'Changed name and price_per_unit.', 10, 1),
(908, '2014-09-12 06:26:36', '468', 'Comp. Strength: Cube Set(4 to 6 cubes)', 2, 'Changed name and price_per_unit.', 10, 1),
(909, '2014-09-12 06:26:56', '469', 'Comp. Strength: Cube Set(1 to 3 cubes)', 2, 'Changed name and price_per_unit.', 10, 1),
(910, '2014-09-12 06:26:58', '469', 'Comp. Strength: Cube Set(1 to 3 cubes)', 2, 'No fields changed.', 10, 1),
(911, '2014-09-12 06:27:20', '467', 'Comp. Strength: Cube Set(1 to 3 cubes)', 2, 'Changed name and price_per_unit.', 10, 1),
(912, '2014-09-12 06:31:20', '101', 'Mix Design with Fly Ash M 7.5', 3, '', 9, 1),
(913, '2014-09-12 06:31:20', '92', 'Mix Design without Fly Ash M 7.5', 3, '', 9, 1),
(914, '2014-09-12 06:31:20', '110', 'Mix Design with Fly Ash M 7.5', 3, '', 9, 1),
(915, '2014-09-12 06:31:20', '118', 'Mix Design without Fly Ash M 7.5', 3, '', 9, 1),
(916, '2014-09-12 06:32:31', '149', 'Mix Design With Fly Ash 7.5', 1, '', 9, 1),
(917, '2014-09-12 06:33:28', '150', 'Mix Design With Fly Ash 7.5', 2, 'Changed parent.', 9, 1),
(918, '2014-09-12 06:34:46', '151', 'Mix Design Without Fly Ash 7.5', 2, 'Changed name.', 9, 1),
(919, '2014-09-12 06:34:51', '152', 'Mix Design Without Fly Ash 7.5', 2, 'Changed name.', 9, 1),
(920, '2014-09-12 06:35:59', '152', 'Mix Design Without Fly Ash M 7.5', 2, 'Changed name.', 9, 1),
(921, '2014-09-12 06:36:04', '151', 'Mix Design Without Fly Ash M 7.5', 2, 'Changed name.', 9, 1),
(922, '2014-09-12 06:36:09', '150', 'Mix Design With Fly Ash M 7.5', 2, 'Changed name.', 9, 1),
(923, '2014-09-12 06:36:14', '149', 'Mix Design With Fly Ash M 7.5', 2, 'Changed name.', 9, 1),
(924, '2014-09-12 06:40:28', '152', 'Mix Design Without Fly Ash M 7.5', 3, '', 9, 1),
(925, '2014-09-12 06:40:28', '151', 'Mix Design Without Fly Ash M 7.5', 3, '', 9, 1),
(926, '2014-09-12 06:40:28', '150', 'Mix Design With Fly Ash M 7.5', 3, '', 9, 1),
(927, '2014-09-12 06:40:28', '149', 'Mix Design With Fly Ash M 7.5', 3, '', 9, 1),
(928, '2014-09-12 06:49:09', '68', 'Water Absorption', 2, 'Changed name.', 10, 1),
(929, '2014-09-12 06:50:16', '67', 'Water Absorption', 2, 'Changed name.', 10, 1),
(930, '2014-09-12 06:50:45', '471', 'AIV', 1, '', 10, 1),
(931, '2014-09-12 06:51:41', '472', 'Bulk Density', 1, '', 10, 1),
(932, '2014-09-12 06:52:02', '473', 'Elongation', 1, '', 10, 1),
(933, '2014-09-12 06:52:58', '474', 'Deleterious Material ', 1, '', 10, 1),
(934, '2014-09-12 06:53:40', '478', 'AIV', 2, 'Changed category and price_per_unit. Added catalog "Sample Qty".', 10, 1),
(935, '2014-09-12 06:53:53', '477', 'Bulk Density', 2, 'Changed category. Added catalog "Sample Qty".', 10, 1),
(936, '2014-09-12 06:54:04', '476', 'Elongation', 2, 'Changed category. Added catalog "Sample Qty".', 10, 1),
(937, '2014-09-12 06:54:37', '475', 'Deleterious Material ', 2, 'Changed category. Added catalog "Sample Qty".', 10, 1),
(938, '2014-09-12 06:54:50', '471', 'AIV', 2, 'Changed price_per_unit.', 10, 1),
(939, '2014-09-12 06:57:49', '155', 'Sand Samples', 2, 'Changed name.', 9, 1),
(940, '2014-09-12 06:57:56', '153', 'Sand Samples', 2, 'Changed name.', 9, 1),
(941, '2014-09-12 06:58:07', '156', 'Fine Aggregates', 2, 'Changed name.', 9, 1),
(942, '2014-09-12 06:58:11', '154', 'Fine Aggregates', 2, 'Changed name.', 9, 1),
(943, '2014-09-12 06:59:02', '154', 'Sand Samples', 2, 'Changed name.', 9, 1),
(944, '2014-09-12 06:59:16', '153', 'Fine Aggregates', 2, 'Changed name.', 9, 1),
(945, '2014-09-12 07:02:40', '490', 'Sieve Analysis ', 2, 'Changed category. Added catalog "Sample Qty".', 10, 1),
(946, '2014-09-12 07:02:49', '489', 'Fineness Modulus', 2, 'Changed category. Added catalog "Sample Qty".', 10, 1),
(947, '2014-09-12 07:03:00', '488', 'Silt Content ', 2, 'Changed category. Added catalog "Sample Qty".', 10, 1),
(948, '2014-09-12 07:03:11', '487', 'Moisture Content', 2, 'Changed category. Added catalog "Sample Qty".', 10, 1),
(949, '2014-09-12 07:03:21', '486', 'Liquid Limit & Plastic Limit', 2, 'Changed category. Added catalog "Sample Qty".', 10, 1),
(950, '2014-09-12 07:03:32', '485', 'Compaction Test (Dry Bulk Density)', 2, 'Changed category. Added catalog "Sample Qty".', 10, 1),
(951, '2014-09-12 07:03:47', '484', 'Specific Gravity', 2, 'Changed category. Added catalog "Sample Qty".', 10, 1),
(952, '2014-09-12 07:04:00', '483', 'Job Mix Formula', 2, 'Changed category. Added catalog "Sample Qty".', 10, 1),
(953, '2014-09-12 07:04:12', '482', 'C.B.R Test (Soaked)', 2, 'Changed category. Added catalog "Sample Qty".', 10, 1),
(954, '2014-09-12 07:04:22', '481', 'C.B.R Test (Unsoaked)', 2, 'Changed category. Added catalog "Sample Qty".', 10, 1),
(955, '2014-09-12 07:04:31', '480', 'Deleterious Material', 2, 'Changed category. Added catalog "Sample Qty".', 10, 1),
(956, '2014-09-12 07:04:42', '479', 'Silt and Clay Content ', 2, 'Changed category. Added catalog "Sample Qty".', 10, 1),
(957, '2014-09-12 07:07:50', '493', 'Silt & Clay Content', 2, 'Changed name and price_per_unit. Added catalog "Sample Qty".', 10, 1),
(958, '2014-09-12 07:08:17', '492', 'Liquid Limit & Plastic Limit', 2, 'Changed name and price_per_unit. Added catalog "Sample Qty".', 10, 1),
(959, '2014-09-12 07:08:54', '491', 'Deleterious Material', 2, 'Changed name and price_per_unit. Added catalog "Sample Qty".', 10, 1),
(960, '2014-09-12 07:09:26', '31', 'Silt Content', 2, 'Changed price_per_unit.', 10, 1),
(961, '2014-09-12 07:10:38', '494', 'Silt & Clay Content', 2, 'Changed category. Added catalog "Sample Qty".', 10, 1),
(962, '2014-09-12 07:10:48', '495', 'Liquid Limit & Plastic Limit', 2, 'Changed category. Added catalog "Sample Qty".', 10, 1),
(963, '2014-09-12 07:11:04', '496', 'Deleterious Material', 2, 'Changed category. Added catalog "Sample Qty".', 10, 1),
(964, '2014-09-12 07:11:14', '497', 'C.B.R Test (Unsoaked)', 2, 'Changed category. Added catalog "Sample Qty".', 10, 1),
(965, '2014-09-12 07:11:25', '498', 'C.B.R Test (Soaked)', 2, 'Changed category. Added catalog "Sample Qty".', 10, 1),
(966, '2014-09-12 07:11:34', '499', 'Job Mix Formula', 2, 'Changed category. Added catalog "Sample Qty".', 10, 1),
(967, '2014-09-12 07:12:14', '500', 'Specific Gravity', 2, 'Changed category. Added catalog "Sample Qty".', 10, 1),
(968, '2014-09-12 07:12:22', '501', 'Compaction Test (Dry Bulk Density)', 2, 'Changed category. Added catalog "Sample Qty".', 10, 1),
(969, '2014-09-12 07:12:31', '502', 'Moisture Content', 2, 'Changed category. Added catalog "Sample Qty".', 10, 1),
(970, '2014-09-12 07:12:40', '503', 'Silt Content', 2, 'Changed category. Added catalog "Sample Qty".', 10, 1),
(971, '2014-09-12 07:12:49', '504', 'FIneness Modulus', 2, 'Changed category. Added catalog "Sample Qty".', 10, 1),
(972, '2014-09-12 07:13:22', '505', 'Sieve Analysis', 2, 'Changed category. Added catalog "Sample Qty".', 10, 1),
(973, '2014-09-12 07:15:35', '506', 'Sieve Analysis', 2, 'Changed category. Added catalog "Sample Qty".', 10, 1),
(974, '2014-09-12 07:15:43', '507', 'FIneness Modulus', 2, 'Changed category. Added catalog "Sample Qty".', 10, 1),
(975, '2014-09-12 07:15:52', '508', 'Silt Content', 2, 'Changed category. Added catalog "Sample Qty".', 10, 1),
(976, '2014-09-12 07:16:37', '509', 'Moisture Content', 2, 'Changed category. Added catalog "Sample Qty".', 10, 1),
(977, '2014-09-12 07:16:45', '510', 'Compaction Test (Dry Bulk Density)', 2, 'Changed category. Added catalog "Sample Qty".', 10, 1),
(978, '2014-09-12 07:16:53', '511', 'Specific Gravity', 2, 'Changed category. Added catalog "Sample Qty".', 10, 1),
(979, '2014-09-12 07:17:01', '512', 'Job Mix Formula', 2, 'Changed category. Added catalog "Sample Qty".', 10, 1),
(980, '2014-09-12 07:17:10', '513', 'C.B.R Test (Soaked)', 2, 'Changed category. Added catalog "Sample Qty".', 10, 1),
(981, '2014-09-12 07:17:19', '514', 'C.B.R Test (Unsoaked)', 2, 'Changed category. Added catalog "Sample Qty".', 10, 1),
(982, '2014-09-12 07:17:28', '515', 'Deleterious Material', 2, 'Changed category. Added catalog "Sample Qty".', 10, 1),
(983, '2014-09-12 07:17:37', '516', 'Liquid Limit & Plastic Limit', 2, 'Changed category. Added catalog "Sample Qty".', 10, 1),
(984, '2014-09-12 07:17:45', '517', 'Silt & Clay Content', 2, 'Changed category. Added catalog "Sample Qty".', 10, 1),
(985, '2014-09-12 07:20:34', '44', 'Abrasion Value', 3, '', 10, 1),
(986, '2014-09-12 07:20:34', '478', 'AIV', 3, '', 10, 1),
(987, '2014-09-12 07:20:34', '477', 'Bulk Density', 3, '', 10, 1),
(988, '2014-09-12 07:20:34', '513', 'C.B.R Test (Soaked)', 3, '', 10, 1),
(989, '2014-09-12 07:20:34', '514', 'C.B.R Test (Unsoaked)', 3, '', 10, 1),
(990, '2014-09-12 07:20:35', '510', 'Compaction Test (Dry Bulk Density)', 3, '', 10, 1),
(991, '2014-09-12 07:20:35', '50', 'Crushing Value / Strength', 3, '', 10, 1),
(992, '2014-09-12 07:20:35', '515', 'Deleterious Material', 3, '', 10, 1),
(993, '2014-09-12 07:20:35', '475', 'Deleterious Material ', 3, '', 10, 1),
(994, '2014-09-12 07:20:35', '476', 'Elongation', 3, '', 10, 1),
(995, '2014-09-12 07:20:35', '507', 'FIneness Modulus', 3, '', 10, 1),
(996, '2014-09-12 07:20:35', '56', 'Flakiness Index', 3, '', 10, 1),
(997, '2014-09-12 07:20:35', '41', 'Gradation', 3, '', 10, 1),
(998, '2014-09-12 07:20:35', '61', 'Impact Value', 3, '', 10, 1),
(999, '2014-09-12 07:20:35', '512', 'Job Mix Formula', 3, '', 10, 1),
(1000, '2014-09-12 07:20:36', '516', 'Liquid Limit & Plastic Limit', 3, '', 10, 1),
(1001, '2014-09-12 07:20:36', '509', 'Moisture Content', 3, '', 10, 1),
(1002, '2014-09-12 07:20:36', '506', 'Sieve Analysis', 3, '', 10, 1),
(1003, '2014-09-12 07:20:36', '517', 'Silt & Clay Content', 3, '', 10, 1),
(1004, '2014-09-12 07:20:36', '508', 'Silt Content', 3, '', 10, 1),
(1005, '2014-09-12 07:20:44', '511', 'Specific Gravity', 3, '', 10, 1),
(1006, '2014-09-12 07:20:44', '66', 'Specific Gravity', 3, '', 10, 1),
(1007, '2014-09-12 07:20:44', '68', 'Water Absorption', 3, '', 10, 1),
(1008, '2014-09-12 07:22:17', '518', 'Deleterious Material ', 2, 'Changed category. Added catalog "Sample Qty".', 10, 1),
(1009, '2014-09-12 07:22:28', '519', 'Elongation', 2, 'Changed category. Added catalog "Sample Qty".', 10, 1),
(1010, '2014-09-12 07:22:40', '520', 'Bulk Density', 2, 'Changed category. Added catalog "Sample Qty".', 10, 1),
(1011, '2014-09-12 07:22:51', '521', 'AIV', 2, 'Changed category. Added catalog "Sample Qty".', 10, 1),
(1012, '2014-09-12 07:23:01', '522', 'Water Absorption', 2, 'Changed category. Added catalog "Sample Qty".', 10, 1),
(1013, '2014-09-12 07:23:12', '523', 'Specific Gravity', 2, 'Changed category. Added catalog "Sample Qty".', 10, 1),
(1014, '2014-09-12 07:23:24', '524', 'Impact Value', 2, 'Changed category. Added catalog "Sample Qty".', 10, 1),
(1015, '2014-09-12 07:23:36', '525', 'Flakiness Index', 2, 'Changed category. Added catalog "Sample Qty".', 10, 1),
(1016, '2014-09-12 07:23:48', '526', 'Crushing Value / Strength ', 2, 'Changed category. Added catalog "Sample Qty".', 10, 1),
(1017, '2014-09-12 07:23:58', '527', 'Abrasion Value', 2, 'Changed category. Added catalog "Sample Qty".', 10, 1),
(1018, '2014-09-12 07:24:08', '528', 'Gradation', 2, 'Changed category. Added catalog "Sample Qty".', 10, 1),
(1019, '2014-09-12 07:25:05', '529', 'Sieve Analysis ', 2, 'Changed category. Added catalog "Sample Qty".', 10, 1),
(1020, '2014-09-12 07:25:15', '530', 'Fineness Modulus', 2, 'Changed category. Added catalog "Sample Qty".', 10, 1),
(1021, '2014-09-12 07:25:23', '531', 'Silt Content ', 2, 'Changed category. Added catalog "Sample Qty".', 10, 1),
(1022, '2014-09-12 07:25:31', '532', 'Moisture Content', 2, 'Changed category. Added catalog "Sample Qty".', 10, 1),
(1023, '2014-09-12 07:25:40', '533', 'Liquid Limit & Plastic Limit', 2, 'Changed category. Added catalog "Sample Qty".', 10, 1),
(1024, '2014-09-12 07:25:51', '534', 'Compaction Test (Dry Bulk Density)', 2, 'Changed category. Added catalog "Sample Qty".', 10, 1),
(1025, '2014-09-12 07:26:00', '535', 'Specific Gravity', 2, 'Changed category. Added catalog "Sample Qty".', 10, 1),
(1026, '2014-09-12 07:26:09', '536', 'Job Mix Formula', 2, 'Changed category. Added catalog "Sample Qty".', 10, 1),
(1027, '2014-09-12 07:26:18', '537', 'C.B.R Test (Soaked)', 2, 'Changed category. Added catalog "Sample Qty".', 10, 1),
(1028, '2014-09-12 07:26:25', '538', 'C.B.R Test (Unsoaked)', 2, 'Changed category. Added catalog "Sample Qty".', 10, 1),
(1029, '2014-09-12 07:26:35', '539', 'Deleterious Material', 2, 'Changed category. Added catalog "Sample Qty".', 10, 1),
(1030, '2014-09-12 07:26:45', '540', 'Silt and Clay Content ', 2, 'Changed category. Added catalog "Sample Qty".', 10, 1),
(1031, '2014-09-12 07:27:32', '541', 'Silt & Clay Content', 2, 'Changed category. Added catalog "Sample Qty".', 10, 1),
(1032, '2014-09-12 07:27:41', '542', 'Liquid Limit & Plastic Limit', 2, 'Changed category. Added catalog "Sample Qty".', 10, 1),
(1033, '2014-09-12 07:27:49', '543', 'Deleterious Material', 2, 'Changed category. Added catalog "Sample Qty".', 10, 1),
(1034, '2014-09-12 07:27:58', '544', 'C.B.R Test (Unsoaked)', 2, 'Changed category. Added catalog "Sample Qty".', 10, 1),
(1035, '2014-09-12 07:28:06', '545', 'C.B.R Test (Soaked)', 2, 'Changed category. Added catalog "Sample Qty".', 10, 1),
(1036, '2014-09-12 07:28:13', '546', 'Job Mix Formula', 2, 'Changed category. Added catalog "Sample Qty".', 10, 1),
(1037, '2014-09-12 07:28:21', '547', 'Specific Gravity', 2, 'Changed category. Added catalog "Sample Qty".', 10, 1),
(1038, '2014-09-12 07:28:29', '548', 'Compaction Test (Dry Bulk Density)', 2, 'Changed category. Added catalog "Sample Qty".', 10, 1),
(1039, '2014-09-12 07:28:38', '549', 'Moisture Content', 2, 'Changed category. Added catalog "Sample Qty".', 10, 1),
(1040, '2014-09-12 07:28:46', '550', 'Silt Content', 2, 'Changed category. Added catalog "Sample Qty".', 10, 1),
(1041, '2014-09-12 07:28:54', '551', 'FIneness Modulus', 2, 'Changed category. Added catalog "Sample Qty".', 10, 1),
(1042, '2014-09-12 07:29:03', '552', 'Sieve Analysis', 2, 'Changed category. Added catalog "Sample Qty".', 10, 1),
(1043, '2014-09-12 09:03:34', '51', 'Coarse Aggregates 10mm', 2, 'Changed name.', 9, 1),
(1044, '2014-09-12 09:03:43', '53', 'Coarse Aggregates 10mm', 2, 'Changed name.', 9, 1),
(1045, '2014-09-12 09:04:32', '159', 'Coarse Aggregates 20mm', 2, 'Changed name.', 9, 1),
(1046, '2014-09-12 09:04:38', '157', 'Coarse Aggregates 40mm', 2, 'Changed name.', 9, 1),
(1047, '2014-09-12 09:04:44', '160', 'Coarse Aggregates 20mm', 2, 'Changed name.', 9, 1),
(1048, '2014-09-12 09:04:50', '158', 'Coarse Aggregates 40mm', 2, 'Changed name.', 9, 1),
(1049, '2014-09-12 09:06:25', '159', 'Coarse Aggregates 10mm', 2, 'Changed name.', 9, 1),
(1050, '2014-09-12 09:06:30', '51', 'Coarse Aggregates 20mm', 2, 'Changed name.', 9, 1),
(1051, '2014-09-12 09:07:04', '160', 'Coarse Aggregates 10mm', 2, 'Changed name.', 9, 1),
(1052, '2014-09-12 09:07:08', '53', 'Coarse Aggregates 20mm', 2, 'Changed name.', 9, 1),
(1053, '2014-09-12 09:08:52', '554', 'Deleterious Material Only', 2, 'Changed category. Added catalog "Sample Qty".', 10, 1),
(1054, '2014-09-12 09:15:51', '554', 'Deleterious Material Only', 3, '', 10, 1),
(1055, '2014-09-12 09:16:06', '455', 'Deleterious Material Only', 3, '', 10, 1),
(1056, '2014-09-12 09:16:39', '555', 'Deleterious Material Only', 2, 'Changed category. Added catalog "Sample Qty".', 10, 1),
(1057, '2014-09-12 09:18:28', '555', 'Deleterious Material', 2, 'Changed name.', 10, 1),
(1058, '2014-09-12 09:24:52', '159', 'Coarse Aggregates 10mm', 3, '', 9, 1),
(1059, '2014-09-12 09:24:52', '157', 'Coarse Aggregates 40mm', 3, '', 9, 1),
(1060, '2014-09-12 09:24:52', '51', 'Coarse Aggregates 20mm', 3, '', 9, 1),
(1061, '2014-09-12 09:24:52', '160', 'Coarse Aggregates 10mm', 3, '', 9, 1),
(1062, '2014-09-12 09:24:52', '158', 'Coarse Aggregates 40mm', 3, '', 9, 1),
(1063, '2014-09-12 09:24:52', '53', 'Coarse Aggregates 20mm', 3, '', 9, 1),
(1064, '2014-09-12 09:27:31', '161', 'Coarse Aggregates', 2, 'Changed parent.', 9, 1),
(1065, '2014-09-12 09:27:42', '162', 'Coarse Aggregates', 2, 'Changed parent.', 9, 1),
(1066, '2014-09-12 09:28:18', '161', 'Coarse Aggregates', 3, '', 9, 1),
(1067, '2014-09-12 09:31:55', '162', 'Coarse Aggregates', 3, '', 9, 1),
(1068, '2014-09-12 09:35:40', '163', 'Coarse Aggregates 10mm', 1, '', 9, 1),
(1069, '2014-09-12 09:37:18', '31', 'Coarse Aggregates', 3, '', 9, 1),
(1070, '2014-09-12 09:37:18', '163', 'Coarse Aggregates 10mm', 3, '', 9, 1),
(1071, '2014-09-12 09:37:18', '18', 'Coarse Aggregates', 3, '', 9, 1),
(1072, '2014-09-12 09:37:46', '164', 'Coarse Aggregates 10mm', 1, '', 9, 1),
(1073, '2014-09-12 09:38:07', '165', 'Coarse Aggregates 10mm', 1, '', 9, 1),
(1074, '2014-09-12 09:41:11', '556', 'Deleterious Material', 1, '', 10, 1),
(1075, '2014-09-12 09:41:46', '557', 'Deleterious Material', 1, '', 10, 1),
(1076, '2014-09-12 09:42:13', '166', 'Coarse Aggregates 20mm', 1, '', 9, 1),
(1077, '2014-09-12 09:42:23', '167', 'Coarse Aggregates 20mm', 1, '', 9, 1),
(1078, '2014-09-12 09:42:53', '558', 'Deleterious Material ', 1, '', 10, 1),
(1079, '2014-09-12 09:43:09', '558', 'Deleterious Material ', 2, 'Changed category.', 10, 1),
(1080, '2014-09-12 09:43:28', '559', 'Deleterious Material ', 1, '', 10, 1),
(1081, '2014-09-12 09:44:06', '168', 'Coarse Aggregates 40mm', 1, '', 9, 1),
(1082, '2014-09-12 09:44:14', '169', 'Coarse Aggregates 40mm', 1, '', 9, 1),
(1083, '2014-09-12 09:44:42', '560', 'Deleterious Material ', 1, '', 10, 1),
(1084, '2014-09-12 09:45:03', '561', 'Deleterious Material ', 1, '', 10, 1),
(1085, '2014-09-12 09:46:34', '170', 'Fine Aggregates 10mm', 1, '', 9, 1),
(1086, '2014-09-12 09:47:04', '171', 'Fine Aggregates 10mm', 1, '', 9, 1),
(1087, '2014-09-12 09:56:16', '562', 'Deleterious Material', 1, '', 10, 1),
(1088, '2014-09-12 09:56:34', '563', 'Deleterious Material ', 1, '', 10, 1),
(1089, '2014-09-12 09:59:29', '173', 'Fine Aggregates 20mm', 2, 'Changed name.', 9, 1),
(1090, '2014-09-12 09:59:34', '172', 'Fine Aggregates 40mm', 2, 'Changed name.', 9, 1),
(1091, '2014-09-12 10:01:45', '172', 'Fine Aggregates 20mm', 2, 'Changed name.', 9, 1),
(1092, '2014-09-12 10:01:50', '173', 'Fine Aggregates 40mm', 2, 'Changed name.', 9, 1),
(1093, '2014-09-12 10:02:22', '564', 'Deleterious Material', 1, '', 10, 1),
(1094, '2014-09-12 10:02:37', '565', 'Deleterious Material ', 1, '', 10, 1),
(1095, '2014-09-12 10:03:22', '175', 'Fine Aggregates 20mm', 2, 'Changed name.', 9, 1),
(1096, '2014-09-12 10:03:28', '174', 'Fine Aggregates 40mm', 2, 'Changed name.', 9, 1),
(1097, '2014-09-13 03:00:43', '566', 'Deleterious Material', 1, '', 10, 1),
(1098, '2014-09-13 03:01:17', '567', 'Deleterious Material', 1, '', 10, 1),
(1099, '2014-09-13 03:02:53', '174', 'Fine Aggregates 20mm', 2, 'Changed name.', 9, 1),
(1100, '2014-09-13 03:02:57', '175', 'Fine Aggregates 10mm', 2, 'Changed name.', 9, 1),
(1101, '2014-09-13 03:03:07', '170', 'Fine Aggregates 40mm', 2, 'Changed name.', 9, 1),
(1102, '2014-09-13 03:04:31', '173', 'Fine Aggregates 10mm', 2, 'Changed name.', 9, 1),
(1103, '2014-09-13 03:04:39', '172', 'Fine Aggregates 40mm', 2, 'Changed name.', 9, 1),
(1104, '2014-09-13 03:04:44', '171', 'Fine Aggregates 20mm', 2, 'Changed name.', 9, 1),
(1105, '2014-09-13 03:06:45', '24', 'Water (C.P)', 2, 'Changed name.', 9, 1),
(1106, '2014-09-13 03:06:58', '26', 'Water (D.P)', 2, 'Changed name.', 9, 1),
(1107, '2014-09-13 03:07:30', '17', 'Water (C.P)', 2, 'Changed name.', 9, 1),
(1108, '2014-09-13 03:07:39', '19', 'Water (D.P)', 2, 'Changed name.', 9, 1),
(1109, '2014-09-13 03:10:07', '436', 'Bitumen (Ductility Value, Softening Point & Total Soluble Solids)', 2, 'Changed name.', 10, 1),
(1110, '2014-09-13 03:10:12', '166', 'Bitumen Content', 2, 'Changed name.', 10, 1),
(1111, '2014-09-13 03:10:35', '437', 'Bitumen (Ductility Value, Softening Point & Total Soluble Solids)', 2, 'Changed name.', 10, 1),
(1112, '2014-09-13 03:10:39', '90', 'Bitumen Content', 2, 'Changed name.', 10, 1),
(1113, '2014-09-13 03:11:12', '143', 'Field CBR Tests', 3, '', 9, 1),
(1114, '2014-09-13 03:13:07', '144', 'Field CBR Tests', 3, '', 9, 1),
(1115, '2014-09-13 03:14:09', '482', 'C.B.R Test (Soaked)', 3, '', 10, 1),
(1116, '2014-09-13 03:14:09', '481', 'C.B.R Test (Unsoaked)', 3, '', 10, 1),
(1117, '2014-09-13 03:14:09', '480', 'Deleterious Material', 3, '', 10, 1),
(1118, '2014-09-13 03:14:31', '498', 'C.B.R Test (Soaked)', 3, '', 10, 1),
(1119, '2014-09-13 03:14:31', '497', 'C.B.R Test (Unsoaked)', 3, '', 10, 1),
(1120, '2014-09-13 03:14:31', '496', 'Deleterious Material', 3, '', 10, 1),
(1121, '2014-09-13 03:15:00', '539', 'Deleterious Material', 3, '', 10, 1),
(1122, '2014-09-13 03:15:00', '538', 'C.B.R Test (Unsoaked)', 3, '', 10, 1),
(1123, '2014-09-13 03:15:00', '537', 'C.B.R Test (Soaked)', 3, '', 10, 1),
(1124, '2014-09-13 03:15:16', '545', 'C.B.R Test (Soaked)', 3, '', 10, 1),
(1125, '2014-09-13 03:15:16', '544', 'C.B.R Test (Unsoaked)', 3, '', 10, 1),
(1126, '2014-09-13 03:15:16', '543', 'Deleterious Material', 3, '', 10, 1),
(1127, '2014-09-13 03:15:33', '546', 'Job Mix Formula', 3, '', 10, 1),
(1128, '2014-09-13 03:15:45', '536', 'Job Mix Formula', 3, '', 10, 1),
(1129, '2014-09-13 03:15:54', '483', 'Job Mix Formula', 3, '', 10, 1),
(1130, '2014-09-13 03:16:06', '499', 'Job Mix Formula', 3, '', 10, 1),
(1131, '2014-09-13 03:16:30', '491', 'Deleterious Material', 3, '', 10, 1),
(1132, '2014-09-13 03:16:30', '98', 'Job Mix Formula', 3, '', 10, 1),
(1133, '2014-09-13 03:16:53', '447', 'Deleterious Material', 3, '', 10, 1),
(1134, '2014-09-13 03:16:53', '93', 'Job Mix Formula', 3, '', 10, 1),
(1135, '2014-09-13 03:18:25', '406', 'Bend Test, 0.2 Proof Stress, Ultimate Tensile Strength, Percentage Elongation', 2, 'Changed name.', 10, 1),
(1136, '2014-09-13 03:19:07', '407', 'Bend Test, 0.2 Proof Stress, Ultimate Tensile Strength,  Percentage Elongation', 2, 'Changed name.', 10, 1),
(1137, '2014-09-13 03:19:38', '408', 'Bend Test, 0.2 Proof Stress, Ultimate Tensile Strength,  Percentage Elongation', 2, 'Changed name.', 10, 1),
(1138, '2014-09-13 03:19:54', '409', 'Bend Test, 0.2 Proof Stress, Ultimate Tensile Strength,  Percentage Elongation', 2, 'Changed name.', 10, 1),
(1139, '2014-09-13 03:21:06', '460', 'Bend Test, 0.2 Proof Stress, Ultimate Tensile Strength,  Percentage Elongation', 2, 'Changed name.', 10, 1),
(1140, '2014-09-13 03:21:12', '459', 'Bend Test, 0.2 Proof Stress, Ultimate Tensile Strength,  Percentage Elongation', 2, 'Changed name.', 10, 1),
(1141, '2014-09-13 03:23:00', '458', 'Bend Test, 0.2 Proof Stress, Ultimate Tensile Strength,  Percentage Elongation', 2, 'Changed name.', 10, 1),
(1142, '2014-09-13 03:23:24', '458', 'Bend Test, 0.2 Proof Stress, Ultimate Tensile Strength,  Percentage Elongation', 2, 'Changed price_per_unit.', 10, 1),
(1143, '2014-09-13 03:25:07', '462', 'Bend Test, 0.2 Proof Stress, Ultimate Tensile Strength,  Percentage Elongation', 2, 'Changed name and price_per_unit. Added catalog "Sample Qty".', 10, 1),
(1144, '2014-09-13 03:25:22', '461', 'Bend Test, 0.2 Proof Stress, Ultimate Tensile Strength,  Percentage Elongation', 2, 'Changed name and price_per_unit. Added catalog "Sample Qty".', 10, 1),
(1145, '2014-09-13 03:25:36', '460', 'Bend Test, 0.2 Proof Stress, Ultimate Tensile Strength,  Percentage Elongation', 2, 'Changed price_per_unit. Added catalog "Sample Qty".', 10, 1),
(1146, '2014-09-13 03:26:02', '459', 'Bend Test, 0.2 Proof Stress, Ultimate Tensile Strength,  Percentage Elongation', 2, 'Changed price_per_unit. Added catalog "Sample Qty".', 10, 1),
(1147, '2014-09-13 03:26:10', '458', 'Bend Test, 0.2 Proof Stress, Ultimate Tensile Strength,  Percentage Elongation', 2, 'Added catalog "Sample Qty".', 10, 1),
(1148, '2014-09-13 03:26:24', '458', 'Bend Test, 0.2 Proof Stress, Ultimate Tensile Strength,  Percentage Elongation', 2, 'Changed value for catalog "Sample Qty".', 10, 1),
(1149, '2014-09-13 03:27:00', '457', 'Bend Test, 0.2 Proof Stress, Ultimate Tensile Strength,  Percentage Elongation', 2, 'Changed name and price_per_unit.', 10, 1),
(1150, '2014-09-13 03:27:13', '409', 'Bend Test, 0.2 Proof Stress, Ultimate Tensile Strength,  Percentage Elongation', 2, 'Changed price_per_unit.', 10, 1),
(1151, '2014-09-13 03:27:22', '408', 'Bend Test, 0.2 Proof Stress, Ultimate Tensile Strength,  Percentage Elongation', 2, 'Changed price_per_unit.', 10, 1),
(1152, '2014-09-13 03:27:31', '407', 'Bend Test, 0.2 Proof Stress, Ultimate Tensile Strength,  Percentage Elongation', 2, 'Changed price_per_unit.', 10, 1),
(1153, '2014-09-13 03:27:39', '406', 'Bend Test, 0.2 Proof Stress, Ultimate Tensile Strength, Percentage Elongation', 2, 'Changed price_per_unit.', 10, 1),
(1154, '2014-09-13 03:27:47', '411', 'Flats: a) Bend Test, b)0.2 Proof Stress below 25mm dia, c)Ultimate Tensile Strength, d) Percentage Elongation', 2, 'Changed price_per_unit.', 10, 1),
(1155, '2014-09-13 03:27:58', '410', 'Bend Test, 0.2 Proof Stress, Ultimate Tensile Strength,  Percentage Elongation', 2, 'Changed name and price_per_unit.', 10, 1),
(1156, '2014-09-13 03:48:12', '411', 'Bend Test, 0.2 Proof Stress, Ultimate Tensile Strength, Percentage Elongation', 2, 'Changed name.', 10, 1),
(1157, '2014-09-13 03:56:29', '69', 'Flats', 2, 'Changed name.', 9, 1),
(1158, '2014-09-13 03:56:55', '87', 'Tees Channel', 2, 'Changed name.', 9, 1),
(1159, '2014-09-13 03:57:15', '126', 'Structural', 2, 'Changed name.', 9, 1),
(1160, '2014-09-13 03:57:25', '147', 'Hing Tension', 2, 'Changed name.', 9, 1),
(1161, '2014-09-13 03:58:19', '91', 'Structural', 2, 'Changed name.', 9, 1),
(1162, '2014-09-13 03:58:32', '88', 'Tees Channel', 2, 'Changed name.', 9, 1),
(1163, '2014-09-13 03:58:47', '148', 'Hing Tension', 2, 'Changed name.', 9, 1),
(1164, '2014-09-13 03:58:59', '70', 'Flats', 2, 'Changed name.', 9, 1),
(1165, '2014-09-13 04:52:34', '86', 'Concrete Pavers', 2, 'Changed name.', 9, 1),
(1166, '2014-09-13 04:53:39', '80', 'Concrete Core Cutting/Testing ', 2, 'Changed name.', 9, 1),
(1167, '2014-09-13 04:54:04', '78', 'Cement (Physical Test)', 2, 'Changed name.', 9, 1),
(1168, '2014-09-13 04:54:41', '84', 'Brick', 2, 'Changed name.', 9, 1),
(1169, '2014-09-13 04:55:06', '83', 'Brick', 2, 'Changed name.', 9, 1),
(1170, '2014-09-13 04:55:22', '77', 'Cement (Physical Test)', 2, 'Changed name.', 9, 1),
(1171, '2014-09-13 04:55:42', '79', 'Concrete Core Cutting/Testing', 2, 'Changed name.', 9, 1),
(1172, '2014-09-13 04:56:15', '85', 'Concrete Pavers', 2, 'Changed name.', 9, 1),
(1173, '2014-09-13 04:59:16', '83', 'Flats', 2, 'Changed name.', 9, 1),
(1174, '2014-09-13 04:59:41', '69', 'Brick', 2, 'Changed name.', 9, 1),
(1175, '2014-09-13 05:01:21', '69', 'Flats', 2, 'Changed name.', 9, 1),
(1176, '2014-09-13 05:01:48', '69', 'Brick', 2, 'Changed name.', 9, 1),
(1177, '2014-09-13 05:02:20', '84', 'Flats', 2, 'Changed name.', 9, 1),
(1178, '2014-09-13 05:02:36', '70', 'Brick', 2, 'Changed name.', 9, 1),
(1179, '2014-09-13 05:04:07', '148', 'Cement (Physical Test)', 2, 'Changed name.', 9, 1),
(1180, '2014-09-13 05:04:40', '78', 'Hing Tension', 2, 'Changed name.', 9, 1),
(1181, '2014-09-13 05:10:15', '80', 'Structural', 2, 'Changed name.', 9, 1),
(1182, '2014-09-13 05:10:25', '86', 'Concrete Pavers', 2, 'No fields changed.', 9, 1),
(1183, '2014-09-13 05:11:09', '91', 'Concrete Core Cutting/Testing', 2, 'Changed name.', 9, 1),
(1184, '2014-09-13 05:56:42', '195', 'Effloroscence', 3, '', 10, 1),
(1185, '2014-09-13 05:56:42', '193', 'Water Absorption', 3, '', 10, 1),
(1186, '2014-09-13 05:57:43', '191', 'Water Absorption, Comp. Strength, Efflorescence ', 2, 'Changed name.', 10, 1),
(1187, '2014-09-13 05:58:13', '194', 'Effloroscence', 3, '', 10, 1),
(1188, '2014-09-13 05:58:13', '192', 'Water Absorption', 3, '', 10, 1),
(1189, '2014-09-13 05:58:20', '190', 'Water Absorption, Comp. Strength, Efflorescence ', 2, 'Changed name.', 10, 1);
INSERT INTO `django_admin_log` (`id`, `action_time`, `object_id`, `object_repr`, `action_flag`, `change_message`, `content_type_id`, `user_id`) VALUES
(1190, '2014-09-13 05:59:37', '77', 'Hing Tension', 2, 'Changed name.', 9, 1),
(1191, '2014-09-13 05:59:39', '147', 'Cement (Physical Test)', 2, 'Changed name.', 9, 1),
(1192, '2014-09-13 06:00:58', '79', 'Structural', 2, 'Changed name.', 9, 1),
(1193, '2014-09-13 06:01:00', '126', 'Concrete Core Cutting/Testing', 2, 'Changed name.', 9, 1),
(1194, '2014-09-13 06:01:58', '87', 'Concrete Pavers', 2, 'Changed name.', 9, 1),
(1195, '2014-09-13 06:02:00', '85', 'Tees Channel', 2, 'Changed name.', 9, 1),
(1196, '2014-09-13 06:06:33', '568', 'Water Absorption', 1, '', 10, 1),
(1197, '2014-09-13 06:07:43', '469', 'Comp. Strength: Cube Set(1 to 3 cubes)', 3, '', 10, 1),
(1198, '2014-09-13 06:07:43', '468', 'Comp. Strength: Cube Set(4 to 6 cubes)', 3, '', 10, 1),
(1199, '2014-09-13 06:08:20', '69', 'Comp. Strength', 2, 'Changed name and price_per_unit. Changed value for catalog "Sample Qty".', 10, 1),
(1200, '2014-09-13 06:11:14', '320', 'Mix Design', 2, 'Changed price_per_unit.', 10, 1),
(1201, '2014-09-13 06:12:39', '350', 'Rebound Hammer Testing', 2, 'Changed price_per_unit.', 10, 1),
(1202, '2014-09-13 06:13:37', '133', 'Steel', 3, '', 9, 1),
(1203, '2014-09-13 06:14:08', '176', 'Steel 8mm', 1, '', 9, 1),
(1204, '2014-09-13 06:14:38', '177', 'Steel 10mm', 1, '', 9, 1),
(1205, '2014-09-13 06:14:48', '178', 'Steel 12mm', 1, '', 9, 1),
(1206, '2014-09-13 06:14:59', '179', 'Steel 16mm', 1, '', 9, 1),
(1207, '2014-09-13 06:15:09', '180', 'Steel 20mm', 1, '', 9, 1),
(1208, '2014-09-13 06:16:26', '181', 'Steel 25mm', 1, '', 9, 1),
(1209, '2014-09-13 06:16:37', '182', 'Steel 32mm', 1, '', 9, 1),
(1210, '2014-09-13 06:16:50', '183', 'steel40mm', 1, '', 9, 1),
(1211, '2014-09-13 06:20:15', '184', 'steel 0mm', 1, '', 9, 1),
(1212, '2014-09-13 06:20:55', '184', 'Steel 0mm', 2, 'Changed name.', 9, 1),
(1213, '2014-09-13 06:21:19', '184', 'Steel 8mm', 2, 'Changed name.', 9, 1),
(1214, '2014-09-13 06:22:16', '183', 'Steel40mm', 2, 'Changed name.', 9, 1),
(1215, '2014-09-13 06:24:05', '184', 'Steel 8mm', 3, '', 9, 1),
(1216, '2014-09-13 06:25:29', '176', 'Steel 08mm', 2, 'Changed name.', 9, 1),
(1217, '2014-09-13 06:25:55', '183', 'Steel 40mm', 2, 'Changed name.', 9, 1),
(1218, '2014-09-13 06:26:13', '176', 'Steel 8mm', 2, 'Changed name.', 9, 1),
(1219, '2014-09-13 06:28:01', '569', 'Bend Test, 0.2 Proof Stress, Ultimate Tensile Strength, Percentage Elongation ', 1, '', 10, 1),
(1220, '2014-09-13 06:29:07', '576', 'Bend Test, 0.2 Proof Stress, Ultimate Tensile Strength, Percentage Elongation ', 2, 'Changed category. Added catalog "Sample Qty".', 10, 1),
(1221, '2014-09-13 06:29:18', '575', 'Bend Test, 0.2 Proof Stress, Ultimate Tensile Strength, Percentage Elongation ', 2, 'Changed category. Added catalog "Sample Qty".', 10, 1),
(1222, '2014-09-13 06:29:32', '574', 'Bend Test, 0.2 Proof Stress, Ultimate Tensile Strength, Percentage Elongation ', 2, 'Changed category. Added catalog "Sample Qty".', 10, 1),
(1223, '2014-09-13 06:29:42', '573', 'Bend Test, 0.2 Proof Stress, Ultimate Tensile Strength, Percentage Elongation ', 2, 'Changed category. Added catalog "Sample Qty".', 10, 1),
(1224, '2014-09-13 06:29:52', '572', 'Bend Test, 0.2 Proof Stress, Ultimate Tensile Strength, Percentage Elongation ', 2, 'Changed category. Added catalog "Sample Qty".', 10, 1),
(1225, '2014-09-13 06:30:03', '571', 'Bend Test, 0.2 Proof Stress, Ultimate Tensile Strength, Percentage Elongation ', 2, 'Changed category. Added catalog "Sample Qty".', 10, 1),
(1226, '2014-09-13 06:30:28', '570', 'Bend Test, 0.2 Proof Stress, Ultimate Tensile Strength, Percentage Elongation ', 2, 'Changed category and price_per_unit. Added catalog "Sample Qty".', 10, 1),
(1227, '2014-09-13 06:31:06', '572', 'Bend Test, 0.2 Proof Stress, Ultimate Tensile Strength, Percentage Elongation ', 2, 'Changed price_per_unit.', 10, 1),
(1228, '2014-09-13 06:31:12', '571', 'Bend Test, 0.2 Proof Stress, Ultimate Tensile Strength, Percentage Elongation ', 2, 'Changed price_per_unit.', 10, 1),
(1229, '2014-09-13 06:33:35', '465', 'Initial & Final Setting time, Comp. Strength at 7 day''s curing & at 28 day''s curing, Soundness, Fineness, Consistency', 2, 'Changed name.', 10, 1),
(1230, '2014-09-13 06:33:53', '466', 'Initial & Final Setting time, Comp. Strength at 7 day''s curing & at 28 day''s curing, Soundness, Fineness, Consistency', 2, 'Changed name.', 10, 1),
(1231, '2014-09-13 06:36:52', '88', 'Concrete Pavers', 2, 'Changed name.', 9, 1),
(1232, '2014-09-13 06:36:56', '86', 'Tees Channel', 2, 'Changed name.', 9, 1),
(1233, '2014-09-13 06:37:48', '470', 'Comp. Strength: Cube Set(4 to 6 cubes)', 3, '', 10, 1),
(1234, '2014-09-13 06:37:48', '467', 'Comp. Strength: Cube Set(1 to 3 cubes)', 3, '', 10, 1),
(1235, '2014-09-13 06:38:06', '70', 'Comp. Strength', 2, 'Changed name and price_per_unit. Changed value for catalog "Sample Qty".', 10, 1),
(1236, '2014-09-13 06:39:32', '231', 'Mix Design', 2, 'Changed price_per_unit.', 10, 1),
(1237, '2014-09-13 06:39:48', '340', 'Mix Design', 2, 'Changed price_per_unit.', 10, 1),
(1238, '2014-09-13 06:40:08', '345', 'Mix Design', 2, 'Changed price_per_unit.', 10, 1),
(1239, '2014-09-13 06:41:26', '351', 'Rebound Hammer Testing', 2, 'Changed price_per_unit.', 10, 1),
(1240, '2014-09-13 06:42:53', '134', 'Steel', 3, '', 9, 1),
(1241, '2014-09-13 06:45:25', '192', 'Steel 8mm', 2, 'Changed parent.', 9, 1),
(1242, '2014-09-13 06:45:34', '191', 'Steel 10mm', 2, 'Changed parent.', 9, 1),
(1243, '2014-09-13 06:45:46', '190', 'Steel 12mm', 2, 'Changed parent.', 9, 1),
(1244, '2014-09-13 06:45:54', '189', 'Steel 16mm', 2, 'Changed parent.', 9, 1),
(1245, '2014-09-13 06:46:04', '188', 'Steel 20mm', 2, 'Changed parent.', 9, 1),
(1246, '2014-09-13 06:46:14', '187', 'Steel 25mm', 2, 'Changed parent.', 9, 1),
(1247, '2014-09-13 06:46:22', '186', 'Steel 32mm', 2, 'Changed parent.', 9, 1),
(1248, '2014-09-13 06:46:31', '185', 'Steel 40mm', 2, 'Changed parent.', 9, 1),
(1249, '2014-09-13 06:47:48', '192', 'Steel 8mm', 3, '', 9, 1),
(1250, '2014-09-13 06:47:48', '191', 'Steel 10mm', 3, '', 9, 1),
(1251, '2014-09-13 06:47:48', '190', 'Steel 12mm', 3, '', 9, 1),
(1252, '2014-09-13 06:47:48', '189', 'Steel 16mm', 3, '', 9, 1),
(1253, '2014-09-13 06:47:48', '188', 'Steel 20mm', 3, '', 9, 1),
(1254, '2014-09-13 06:47:48', '187', 'Steel 25mm', 3, '', 9, 1),
(1255, '2014-09-13 06:47:48', '186', 'Steel 32mm', 3, '', 9, 1),
(1256, '2014-09-13 06:47:49', '185', 'Steel 40mm', 3, '', 9, 1),
(1257, '2014-09-13 06:55:13', '193', 'Steel 8mm', 1, '', 9, 1),
(1258, '2014-09-13 06:55:24', '194', 'Steel 10mm', 1, '', 9, 1),
(1259, '2014-09-13 06:55:33', '195', 'Steel 12mm', 1, '', 9, 1),
(1260, '2014-09-13 06:55:44', '196', 'Steel 16mm', 1, '', 9, 1),
(1261, '2014-09-13 06:55:56', '197', 'Steel 20mm', 1, '', 9, 1),
(1262, '2014-09-13 06:56:07', '198', 'Steel 25mm', 1, '', 9, 1),
(1263, '2014-09-13 06:56:17', '199', 'Steel 32mm', 1, '', 9, 1),
(1264, '2014-09-13 06:56:29', '200', 'Steel 40mm', 1, '', 9, 1),
(1265, '2014-09-13 06:57:52', '200', 'Steel 40mm', 3, '', 9, 1),
(1266, '2014-09-13 06:57:52', '193', 'Steel 8mm', 3, '', 9, 1),
(1267, '2014-09-13 06:57:52', '177', 'Steel 10mm', 3, '', 9, 1),
(1268, '2014-09-13 06:57:52', '194', 'Steel 10mm', 3, '', 9, 1),
(1269, '2014-09-13 06:57:52', '178', 'Steel 12mm', 3, '', 9, 1),
(1270, '2014-09-13 06:57:52', '195', 'Steel 12mm', 3, '', 9, 1),
(1271, '2014-09-13 06:57:52', '179', 'Steel 16mm', 3, '', 9, 1),
(1272, '2014-09-13 06:57:52', '196', 'Steel 16mm', 3, '', 9, 1),
(1273, '2014-09-13 06:57:52', '180', 'Steel 20mm', 3, '', 9, 1),
(1274, '2014-09-13 06:57:52', '197', 'Steel 20mm', 3, '', 9, 1),
(1275, '2014-09-13 06:57:52', '181', 'Steel 25mm', 3, '', 9, 1),
(1276, '2014-09-13 06:57:52', '198', 'Steel 25mm', 3, '', 9, 1),
(1277, '2014-09-13 06:57:52', '182', 'Steel 32mm', 3, '', 9, 1),
(1278, '2014-09-13 06:57:52', '199', 'Steel 32mm', 3, '', 9, 1),
(1279, '2014-09-13 06:57:53', '183', 'Steel 40mm', 3, '', 9, 1),
(1280, '2014-09-13 06:57:53', '176', 'Steel 8mm', 3, '', 9, 1),
(1281, '2014-09-13 06:58:48', '201', 'Steel 8mm', 1, '', 9, 1),
(1282, '2014-09-13 06:58:56', '202', 'Steel 10mm', 1, '', 9, 1),
(1283, '2014-09-13 06:59:04', '203', 'Steel 12mm', 1, '', 9, 1),
(1284, '2014-09-13 06:59:12', '204', 'Steel 16mm', 1, '', 9, 1),
(1285, '2014-09-13 06:59:19', '205', 'Steel 20mm', 1, '', 9, 1),
(1286, '2014-09-13 06:59:28', '206', 'Steel 25mm', 1, '', 9, 1),
(1287, '2014-09-13 06:59:37', '207', 'Steel 32mm', 1, '', 9, 1),
(1288, '2014-09-13 06:59:44', '208', 'Steel 40mm', 1, '', 9, 1),
(1289, '2014-09-13 07:00:37', '577', 'Bend Test, 0.2 Proof Stress, Ultimate Tensile Strength, Percentage Elongation ', 1, '', 10, 1),
(1290, '2014-09-13 07:01:42', '578', 'Bend Test, 0.2 Proof Stress, Ultimate Tensile Strength, Percentage Elongation ', 2, 'Changed category. Added catalog "Sample Qty".', 10, 1),
(1291, '2014-09-13 07:01:52', '579', 'Bend Test, 0.2 Proof Stress, Ultimate Tensile Strength, Percentage Elongation ', 2, 'Changed category. Added catalog "Sample Qty".', 10, 1),
(1292, '2014-09-13 07:02:16', '580', 'Bend Test, 0.2 Proof Stress, Ultimate Tensile Strength, Percentage Elongation ', 2, 'Changed category. Added catalog "Sample Qty".', 10, 1),
(1293, '2014-09-13 07:02:28', '581', 'Bend Test, 0.2 Proof Stress, Ultimate Tensile Strength, Percentage Elongation ', 2, 'Changed category. Added catalog "Sample Qty".', 10, 1),
(1294, '2014-09-13 07:02:42', '583', 'Bend Test, 0.2 Proof Stress, Ultimate Tensile Strength, Percentage Elongation ', 2, 'Changed category and price_per_unit. Added catalog "Sample Qty".', 10, 1),
(1295, '2014-09-13 07:02:51', '584', 'Bend Test, 0.2 Proof Stress, Ultimate Tensile Strength, Percentage Elongation ', 2, 'Changed category. Added catalog "Sample Qty".', 10, 1),
(1296, '2014-09-13 07:03:19', '582', 'Bend Test, 0.2 Proof Stress, Ultimate Tensile Strength, Percentage Elongation ', 2, 'Changed category and price_per_unit. Added catalog "Sample Qty".', 10, 1),
(1297, '2014-09-13 07:03:42', '584', 'Bend Test, 0.2 Proof Stress, Ultimate Tensile Strength, Percentage Elongation ', 2, 'Changed price_per_unit.', 10, 1),
(1298, '2014-09-13 07:04:22', '209', 'Steel 8mm', 1, '', 9, 1),
(1299, '2014-09-13 07:04:33', '210', 'Steel 10mm', 1, '', 9, 1),
(1300, '2014-09-13 07:04:46', '211', 'Steel 12mm', 1, '', 9, 1),
(1301, '2014-09-13 07:04:58', '212', 'Steel 16mm', 1, '', 9, 1),
(1302, '2014-09-13 07:05:34', '213', 'Steel 20mm', 1, '', 9, 1),
(1303, '2014-09-13 07:05:51', '214', 'Steel 25mm', 1, '', 9, 1),
(1304, '2014-09-13 07:06:06', '215', 'Steel 32mm', 1, '', 9, 1),
(1305, '2014-09-13 07:06:18', '216', 'Steel 40mm', 1, '', 9, 1),
(1306, '2014-09-13 07:07:25', '209', 'Steel 8 mm', 2, 'Changed name.', 9, 1),
(1307, '2014-09-13 07:07:41', '209', 'Steel 8mm', 2, 'Changed name.', 9, 1),
(1308, '2014-09-13 07:08:59', '585', 'Bend Test, 0.2 Proof Stress, Ultimate Tensile Strength, Percentage Elongation ', 2, 'Changed category. Added catalog "Sample Qty".', 10, 1),
(1309, '2014-09-13 07:09:46', '587', 'Bend Test, 0.2 Proof Stress, Ultimate Tensile Strength, Percentage Elongation ', 2, 'Changed category. Added catalog "Sample Qty".', 10, 1),
(1310, '2014-09-13 07:10:00', '586', 'Bend Test, 0.2 Proof Stress, Ultimate Tensile Strength, Percentage Elongation ', 2, 'Changed category. Added catalog "Sample Qty".', 10, 1),
(1311, '2014-09-13 07:10:53', '592', 'Bend Test, 0.2 Proof Stress, Ultimate Tensile Strength, Percentage Elongation ', 2, 'Changed category. Added catalog "Sample Qty".', 10, 1),
(1312, '2014-09-13 07:11:09', '591', 'Bend Test, 0.2 Proof Stress, Ultimate Tensile Strength, Percentage Elongation ', 2, 'Changed category. Added catalog "Sample Qty".', 10, 1),
(1313, '2014-09-13 07:11:24', '590', 'Bend Test, 0.2 Proof Stress, Ultimate Tensile Strength, Percentage Elongation ', 2, 'Changed category. Added catalog "Sample Qty".', 10, 1),
(1314, '2014-09-13 07:11:38', '589', 'Bend Test, 0.2 Proof Stress, Ultimate Tensile Strength, Percentage Elongation ', 2, 'Changed category. Added catalog "Sample Qty".', 10, 1),
(1315, '2014-09-13 07:12:10', '588', 'Bend Test, 0.2 Proof Stress, Ultimate Tensile Strength, Percentage Elongation ', 2, 'Changed category. Added catalog "Sample Qty".', 10, 1),
(1316, '2014-09-13 07:14:44', '170', 'Fine Aggregates 10mm', 2, 'Changed name.', 9, 1),
(1317, '2014-09-13 07:15:14', '175', 'Fine Aggregates 20mm', 2, 'Changed name.', 9, 1),
(1318, '2014-09-13 07:15:24', '174', 'Fine Aggregates 40mm', 2, 'Changed name.', 9, 1),
(1319, '2014-09-13 07:15:54', '172', 'Fine Aggregates 20mm', 2, 'Changed name.', 9, 1),
(1320, '2014-09-13 07:15:59', '171', 'Fine Aggregates 40mm', 2, 'Changed name.', 9, 1),
(1321, '2014-09-13 07:20:09', '217', 'Coarse Aggregates 10mm', 1, '', 9, 1),
(1322, '2014-09-13 07:20:17', '218', 'Coarse Aggregates 20mm', 1, '', 9, 1),
(1323, '2014-09-13 07:20:29', '219', 'Coarse Aggregates 40mm', 1, '', 9, 1),
(1324, '2014-09-13 07:20:39', '220', 'Coarse Aggregates 10mm', 1, '', 9, 1),
(1325, '2014-09-13 07:20:53', '221', 'Coarse Aggregates 20mm', 1, '', 9, 1),
(1326, '2014-09-13 07:21:05', '222', 'Coarse Aggregates 40mm', 1, '', 9, 1),
(1327, '2014-09-13 07:22:15', '593', 'Elongation', 1, '', 10, 1),
(1328, '2014-09-13 07:22:35', '594', 'Bulk Density', 1, '', 10, 1),
(1329, '2014-09-13 07:23:13', '595', 'AIV', 1, '', 10, 1),
(1330, '2014-09-13 07:23:27', '594', 'Bulk Density', 2, 'Changed category.', 10, 1),
(1331, '2014-09-13 07:24:15', '596', 'Water Absorption', 1, '', 10, 1),
(1332, '2014-09-13 07:24:39', '597', 'Specific Gravity', 1, '', 10, 1),
(1333, '2014-09-13 07:26:31', '598', 'Impact Value', 1, '', 10, 1),
(1334, '2014-09-13 07:26:51', '599', 'Flakiness Index', 1, '', 10, 1),
(1335, '2014-09-13 07:27:20', '600', 'Crushing Value/Strength', 1, '', 10, 1),
(1336, '2014-09-13 07:27:51', '601', 'Abrasion Value', 1, '', 10, 1),
(1337, '2014-09-13 07:28:10', '602', 'Gradation', 1, '', 10, 1),
(1338, '2014-09-13 07:30:06', '600', 'Crushing Value/Strength', 2, 'Changed category.', 10, 1),
(1339, '2014-09-13 07:30:11', '602', 'Gradation', 2, 'Changed category.', 10, 1),
(1340, '2014-09-13 07:30:19', '596', 'Water Absorption', 2, 'Changed category.', 10, 1),
(1341, '2014-09-13 07:30:25', '598', 'Impact Value', 2, 'Changed category.', 10, 1),
(1342, '2014-09-13 07:30:38', '598', 'Impact Value', 2, 'Changed category.', 10, 1),
(1343, '2014-09-13 07:32:01', '612', 'Elongation', 2, 'Changed category. Added catalog "Sample Qty".', 10, 1),
(1344, '2014-09-13 07:32:08', '611', 'Bulk Density', 2, 'Changed category. Added catalog "Sample Qty".', 10, 1),
(1345, '2014-09-13 07:32:22', '610', 'AIV', 2, 'Changed category. Added catalog "Sample Qty".', 10, 1),
(1346, '2014-09-13 07:32:32', '609', 'Water Absorption', 2, 'Changed category. Added catalog "Sample Qty".', 10, 1),
(1347, '2014-09-13 07:32:41', '608', 'Specific Gravity', 2, 'Changed category. Added catalog "Sample Qty".', 10, 1),
(1348, '2014-09-13 07:32:53', '607', 'Impact Value', 2, 'Changed category. Added catalog "Sample Qty".', 10, 1),
(1349, '2014-09-13 07:33:02', '606', 'Flakiness Index', 2, 'Changed category. Added catalog "Sample Qty".', 10, 1),
(1350, '2014-09-13 07:33:12', '605', 'Crushing Value/Strength', 2, 'Changed category. Added catalog "Sample Qty".', 10, 1),
(1351, '2014-09-13 07:33:20', '604', 'Abrasion Value', 2, 'Changed category. Added catalog "Sample Qty".', 10, 1),
(1352, '2014-09-13 07:33:29', '603', 'Gradation', 2, 'Changed category. Added catalog "Sample Qty".', 10, 1),
(1353, '2014-09-13 07:38:06', '613', 'Elongation', 2, 'Changed category. Added catalog "Sample Qty".', 10, 1),
(1354, '2014-09-13 07:38:14', '614', 'Bulk Density', 2, 'Changed category. Added catalog "Sample Qty".', 10, 1),
(1355, '2014-09-13 07:38:22', '615', 'AIV', 2, 'Changed category. Added catalog "Sample Qty".', 10, 1),
(1356, '2014-09-13 07:38:33', '616', 'Water Absorption', 2, 'Changed category. Added catalog "Sample Qty".', 10, 1),
(1357, '2014-09-13 07:38:41', '617', 'Specific Gravity', 2, 'Changed category. Added catalog "Sample Qty".', 10, 1),
(1358, '2014-09-13 07:38:50', '618', 'Impact Value', 2, 'Changed category. Added catalog "Sample Qty".', 10, 1),
(1359, '2014-09-13 07:38:58', '619', 'Flakiness Index', 2, 'Changed category. Added catalog "Sample Qty".', 10, 1),
(1360, '2014-09-13 07:39:06', '620', 'Crushing Value/Strength', 2, 'Changed category. Added catalog "Sample Qty".', 10, 1),
(1361, '2014-09-13 07:39:14', '621', 'Abrasion Value', 2, 'Changed category. Added catalog "Sample Qty".', 10, 1),
(1362, '2014-09-13 07:39:22', '622', 'Gradation', 2, 'Changed category. Added catalog "Sample Qty".', 10, 1),
(1363, '2014-09-13 07:40:26', '623', 'Gradation', 2, 'Changed category. Added catalog "Sample Qty".', 10, 1),
(1364, '2014-09-13 07:40:41', '624', 'Abrasion Value', 2, 'Changed category. Added catalog "Sample Qty".', 10, 1),
(1365, '2014-09-13 07:40:54', '625', 'Crushing Value/Strength', 2, 'Changed category. Added catalog "Sample Qty".', 10, 1),
(1366, '2014-09-13 07:41:05', '626', 'Flakiness Index', 2, 'Changed category. Added catalog "Sample Qty".', 10, 1),
(1367, '2014-09-13 07:41:16', '627', 'Impact Value', 2, 'Changed category. Added catalog "Sample Qty".', 10, 1),
(1368, '2014-09-13 07:41:30', '628', 'Specific Gravity', 2, 'Changed category. Added catalog "Sample Qty".', 10, 1),
(1369, '2014-09-13 07:41:39', '629', 'Water Absorption', 2, 'Changed category. Added catalog "Depth of Investigation(m)".', 10, 1),
(1370, '2014-09-13 07:41:57', '629', 'Water Absorption', 2, 'Changed attribute for catalog "Sample Qty".', 10, 1),
(1371, '2014-09-13 07:42:10', '630', 'AIV', 2, 'Changed category. Added catalog "Sample Qty".', 10, 1),
(1372, '2014-09-13 07:42:20', '631', 'Bulk Density', 2, 'Changed category. Added catalog "Sample Qty".', 10, 1),
(1373, '2014-09-13 07:42:29', '632', 'Elongation', 2, 'Changed category. Added catalog "Sample Qty".', 10, 1),
(1374, '2014-09-13 07:43:19', '633', 'Elongation', 2, 'Changed category. Added catalog "Sample Qty".', 10, 1),
(1375, '2014-09-13 07:43:27', '634', 'Bulk Density', 2, 'Changed category. Added catalog "Sample Qty".', 10, 1),
(1376, '2014-09-13 07:43:41', '634', 'Bulk Density', 2, 'No fields changed.', 10, 1),
(1377, '2014-09-13 07:48:08', '635', 'AIV', 2, 'Changed category. Added catalog "Sample Qty".', 10, 1),
(1378, '2014-09-13 07:48:22', '637', 'Specific Gravity', 2, 'Changed category. Added catalog "Sample Qty".', 10, 1),
(1379, '2014-09-13 07:48:33', '638', 'Impact Value', 2, 'Changed category. Added catalog "Sample Qty".', 10, 1),
(1380, '2014-09-13 07:48:43', '639', 'Flakiness Index', 2, 'Changed category. Added catalog "Sample Qty".', 10, 1),
(1381, '2014-09-13 07:48:55', '640', 'Crushing Value/Strength', 2, 'Changed category. Added catalog "Sample Qty".', 10, 1),
(1382, '2014-09-13 07:49:03', '641', 'Abrasion Value', 2, 'Changed category. Added catalog "Sample Qty".', 10, 1),
(1383, '2014-09-13 07:49:12', '642', 'Gradation', 2, 'Changed category. Added catalog "Sample Qty".', 10, 1),
(1384, '2014-09-13 07:50:20', '636', 'Water Absorption', 2, 'Changed category. Added catalog "Sample Qty".', 10, 1),
(1385, '2014-09-13 07:51:09', '643', 'Gradation', 2, 'Changed category. Added catalog "Sample Qty".', 10, 1),
(1386, '2014-09-13 07:51:18', '644', 'Abrasion Value', 2, 'Changed category. Added catalog "Sample Qty".', 10, 1),
(1387, '2014-09-13 07:51:28', '645', 'Crushing Value/Strength', 2, 'Changed category. Added catalog "Sample Qty".', 10, 1),
(1388, '2014-09-13 07:51:36', '646', 'Flakiness Index', 2, 'Changed category. Added catalog "Sample Qty".', 10, 1),
(1389, '2014-09-13 07:51:46', '647', 'Impact Value', 2, 'Changed category. Added catalog "Sample Qty".', 10, 1),
(1390, '2014-09-13 07:51:53', '648', 'Specific Gravity', 2, 'Changed category. Added catalog "Sample Qty".', 10, 1),
(1391, '2014-09-13 07:52:06', '649', 'Water Absorption', 2, 'Changed category. Added catalog "Sample Qty".', 10, 1),
(1392, '2014-09-13 07:52:14', '650', 'AIV', 2, 'Changed category. Added catalog "Sample Qty".', 10, 1),
(1393, '2014-09-13 07:52:25', '651', 'Bulk Density', 2, 'Changed category. Added catalog "Sample Qty".', 10, 1),
(1394, '2014-09-13 07:52:34', '652', 'Elongation', 2, 'Changed category. Added catalog "Sample Qty".', 10, 1),
(1395, '2014-09-13 08:03:43', '7', 'Area', 1, '', 11, 1),
(1396, '2014-09-13 08:03:58', '653', 'Plain Area', 1, '', 10, 1),
(1397, '2014-09-13 08:04:25', '654', 'Build up Area', 1, '', 10, 1),
(1398, '2014-09-13 08:04:52', '655', 'Semi-Hill Area', 1, '', 10, 1),
(1399, '2014-09-13 08:05:11', '656', 'Hilly Area', 1, '', 10, 1),
(1400, '2014-09-13 08:05:39', '660', 'Plain Area', 2, 'Changed category. Added catalog "Area".', 10, 1),
(1401, '2014-09-13 08:06:02', '659', 'Build up Area', 2, 'Changed category. Added catalog "Area".', 10, 1),
(1402, '2014-09-13 08:06:15', '658', 'Semi-Hill Area', 2, 'Changed category. Added catalog "Area".', 10, 1),
(1403, '2014-09-13 08:06:25', '657', 'Hilly Area', 2, 'Changed category. Added catalog "Area".', 10, 1),
(1404, '2014-09-13 08:10:35', '1', 'admin', 2, 'Changed first_name and last_name.', 3, 1),
(1405, '2014-09-13 08:12:46', '2', 'user1', 2, 'Changed first_name and last_name.', 3, 1),
(1406, '2014-09-13 12:50:12', '1', '1', 1, '', 35, 1),
(1407, '2014-09-13 12:50:33', '1', 'ROUTINE', 1, '', 36, 1),
(1408, '2014-09-13 12:50:42', '2', 'Instituional', 1, '', 36, 1),
(1409, '2014-09-13 12:51:48', '1', 'Raw Water', 1, '', 38, 1),
(1410, '2014-09-13 12:52:23', '1', 'Sales Tax', 1, '', 13, 1),
(1411, '2014-09-13 12:53:03', '2', 'Transportation', 1, '', 13, 1),
(1412, '2014-09-13 12:54:14', '1', 'Cash', 1, '', 12, 1),
(1413, '2014-09-13 12:54:51', '1', '1', 1, '', 14, 1),
(1414, '2014-09-13 12:55:58', '2', '2', 1, '', 14, 1),
(1415, '2014-09-13 12:57:52', '6', 'piyush', 1, '', 3, 1),
(1416, '2014-09-13 12:58:32', '3', '3', 1, '', 14, 1),
(1420, '2014-09-15 04:07:58', '223', 'Bankelman Beam', 1, '', 9, 1),
(1421, '2014-09-15 04:09:02', '224', 'Pile Load Test', 1, '', 9, 1),
(1422, '2014-09-15 04:10:00', '225', 'Bankelman Beam', 1, '', 9, 1),
(1423, '2014-09-15 04:13:38', '226', 'Pile Load Test', 1, '', 9, 1),
(1424, '2014-09-15 04:14:27', '227', 'Field CBR Tests', 1, '', 9, 1),
(1425, '2014-09-15 04:15:20', '227', 'Field CBR Tests', 3, '', 9, 1),
(1426, '2014-09-15 04:16:10', '661', 'Field CBR Tests', 1, '', 10, 1),
(1427, '2014-09-15 04:18:23', '662', 'Field CBR Tests', 1, '', 10, 1),
(1428, '2014-09-15 04:19:00', '663', 'Bankelman Beam', 1, '', 10, 1),
(1429, '2014-09-15 04:19:23', '664', 'Bankelman Beam', 1, '', 10, 1),
(1430, '2014-09-15 04:19:46', '665', 'Pile Load Test', 1, '', 10, 1),
(1431, '2014-09-15 04:20:38', '666', 'Pile Load Test', 1, '', 10, 1),
(1432, '2014-09-15 04:21:40', '667', 'Compaction Test', 1, '', 10, 1),
(1433, '2014-09-15 04:22:12', '668', 'Compaction Test', 1, '', 10, 1),
(1434, '2014-09-15 04:24:34', '175', 'Fine Aggregates 40mm', 2, 'Changed name.', 9, 1),
(1435, '2014-09-15 04:24:40', '174', 'Fine Aggregates 10mm', 2, 'Changed name.', 9, 1),
(1436, '2014-09-15 04:24:44', '170', 'Fine Aggregates 20mm', 2, 'Changed name.', 9, 1),
(1437, '2014-09-15 04:25:22', '172', 'Fine Aggregates 40mm', 2, 'Changed name.', 9, 1),
(1438, '2014-09-15 04:25:26', '171', 'Fine Aggregates 20mm', 2, 'Changed name.', 9, 1),
(1439, '2014-09-15 04:26:38', '155', 'Sand Sample/s', 2, 'Changed name.', 9, 1),
(1440, '2014-09-15 04:26:42', '29', 'Soil Sample/s', 2, 'Changed name.', 9, 1),
(1441, '2014-09-15 04:26:46', '154', 'Sand Sample/s', 2, 'Changed name.', 9, 1),
(1442, '2014-09-15 04:26:50', '15', 'Soil Sample/s', 2, 'Changed name.', 9, 1),
(1443, '2014-09-15 04:32:55', '153', 'Fine Aggregates/Coarse Sand', 2, 'Changed name.', 9, 1),
(1444, '2014-09-15 04:33:00', '156', 'Fine Aggregates/Coarse Sand', 2, 'Changed name.', 9, 1),
(1445, '2014-09-15 04:34:01', '175', 'Fine Aggregates 40mm', 3, '', 9, 1),
(1446, '2014-09-15 04:34:02', '170', 'Fine Aggregates 20mm', 3, '', 9, 1),
(1447, '2014-09-15 04:34:02', '172', 'Fine Aggregates 40mm', 3, '', 9, 1),
(1448, '2014-09-15 04:34:02', '171', 'Fine Aggregates 20mm', 3, '', 9, 1),
(1449, '2014-09-15 04:34:16', '174', 'Fine Aggregates', 2, 'Changed name.', 9, 1),
(1450, '2014-09-15 04:34:21', '173', 'Fine Aggregates', 2, 'Changed name.', 9, 1),
(1451, '2014-09-15 04:35:01', '228', 'Fine Sand', 1, '', 9, 1),
(1452, '2014-09-15 04:35:12', '229', 'Fine Sand', 1, '', 9, 1),
(1453, '2014-09-15 04:36:26', '669', 'Sieve Analysis', 2, 'Changed category. Added catalog "Sample Qty".', 10, 1),
(1454, '2014-09-15 04:36:52', '670', 'FIneness Modulus', 2, 'Changed category. Added catalog "Sample Qty".', 10, 1),
(1455, '2014-09-15 04:37:02', '671', 'Silt Content', 2, 'Changed category. Added catalog "Sample Qty".', 10, 1),
(1456, '2014-09-15 04:37:12', '672', 'Moisture Content', 2, 'Changed category. Added catalog "Sample Qty".', 10, 1),
(1457, '2014-09-15 04:37:22', '673', 'Compaction Test (Dry Bulk Density)', 2, 'Changed category. Added catalog "Sample Qty".', 10, 1),
(1458, '2014-09-15 04:37:31', '674', 'Specific Gravity', 2, 'Changed category. Added catalog "Sample Qty".', 10, 1),
(1459, '2014-09-15 04:37:42', '675', 'Liquid Limit & Plastic Limit', 2, 'Changed category. Added catalog "Sample Qty".', 10, 1),
(1460, '2014-09-15 04:38:34', '676', 'Silt & Clay Content', 2, 'Changed category. Added catalog "Sample Qty".', 10, 1),
(1461, '2014-09-15 04:39:18', '677', 'Silt and Clay Content ', 2, 'Changed category. Added catalog "Sample Qty".', 10, 1),
(1462, '2014-09-15 04:39:28', '678', 'Specific Gravity', 2, 'Changed category. Added catalog "Sample Qty".', 10, 1),
(1463, '2014-09-15 04:39:38', '679', 'Compaction Test (Dry Bulk Density)', 2, 'Changed category. Added catalog "Sample Qty".', 10, 1),
(1464, '2014-09-15 04:39:55', '681', 'Moisture Content', 2, 'Changed category. Added catalog "Sample Qty".', 10, 1),
(1465, '2014-09-15 04:40:05', '682', 'Silt Content ', 2, 'Added catalog "Sample Qty".', 10, 1),
(1466, '2014-09-15 04:40:13', '683', 'Fineness Modulus', 2, 'Changed category. Added catalog "Sample Qty".', 10, 1),
(1467, '2014-09-15 04:40:21', '684', 'Sieve Analysis ', 2, 'Changed category. Added catalog "Sample Qty".', 10, 1),
(1468, '2014-09-15 04:43:56', '682', 'Silt Content ', 2, 'Changed category.', 10, 1),
(1469, '2014-09-15 04:44:03', '680', 'Liquid Limit & Plastic Limit', 2, 'Changed category.', 10, 1),
(1470, '2014-09-15 04:47:17', '228', 'Fine Sand', 3, '', 9, 1),
(1471, '2014-09-15 04:47:17', '229', 'Fine Sand', 3, '', 9, 1),
(1472, '2014-09-15 04:48:41', '153', 'Fine Aggregates/Coarse Sand', 3, '', 9, 1),
(1473, '2014-09-15 04:49:19', '155', 'Sand Sample/s', 3, '', 9, 1),
(1474, '2014-09-15 04:49:19', '29', 'Soil Sample/s', 3, '', 9, 1),
(1475, '2014-09-15 04:50:39', '230', 'Soil Sample/s', 1, '', 9, 1),
(1476, '2014-09-15 04:50:53', '231', 'Sand Sample/s', 1, '', 9, 1),
(1477, '2014-09-15 04:51:08', '232', 'Fine Aggregates/Coarse Sand', 1, '', 9, 1),
(1478, '2014-09-15 04:53:15', '685', 'Compaction Test', 2, 'Changed category. Added catalog "Sample Qty".', 10, 1),
(1479, '2014-09-15 04:53:27', '686', 'Field CBR Tests', 2, 'Changed category. Added catalog "Sample Qty".', 10, 1),
(1480, '2014-09-15 04:53:46', '687', 'Silt & Clay Content', 2, 'Changed category. Added catalog "Sample Qty".', 10, 1),
(1481, '2014-09-15 04:53:56', '688', 'Liquid Limit & Plastic Limit', 2, 'Changed category. Added catalog "Sample Qty".', 10, 1),
(1482, '2014-09-15 04:54:12', '689', 'C.B.R Test (Unsoaked)', 2, 'Changed category. Added catalog "Sample Qty".', 10, 1),
(1483, '2014-09-15 04:54:28', '690', 'C.B.R Test (Soaked)', 2, 'Changed category. Added catalog "Sample Qty".', 10, 1),
(1484, '2014-09-15 04:54:42', '691', 'Specific Gravity', 2, 'Changed category. Added catalog "Sample Qty".', 10, 1),
(1485, '2014-09-15 04:54:50', '692', 'Compaction Test (Dry Bulk Density)', 2, 'Changed category. Added catalog "Sample Qty".', 10, 1),
(1486, '2014-09-15 04:54:59', '693', 'Moisture Content', 2, 'Changed category. Added catalog "Sample Qty".', 10, 1),
(1487, '2014-09-15 04:55:09', '694', 'Silt Content', 2, 'Changed category. Added catalog "Sample Qty".', 10, 1),
(1488, '2014-09-15 04:55:17', '695', 'FIneness Modulus', 2, 'Changed category. Added catalog "Sample Qty".', 10, 1),
(1489, '2014-09-15 04:55:26', '696', 'Sieve Analysis', 2, 'Changed category. Added catalog "Sample Qty".', 10, 1),
(1490, '2014-09-15 04:57:26', '493', 'Silt & Clay Content', 2, 'Changed value for catalog "Sample Qty".', 10, 1),
(1491, '2014-09-15 04:57:33', '492', 'Liquid Limit & Plastic Limit', 2, 'Changed value for catalog "Sample Qty".', 10, 1),
(1492, '2014-09-15 04:57:40', '433', 'C.B.R Test (Unsoaked)', 2, 'Changed value for catalog "Sample Qty".', 10, 1),
(1493, '2014-09-15 04:57:47', '39', 'Specific Gravity', 2, 'Changed value for catalog "Sample Qty".', 10, 1),
(1494, '2014-09-15 04:57:53', '37', 'Compaction Test (Dry Bulk Density)', 2, 'Changed value for catalog "Sample Qty".', 10, 1),
(1495, '2014-09-15 04:57:58', '33', 'Moisture Content', 2, 'Changed value for catalog "Sample Qty".', 10, 1),
(1496, '2014-09-15 04:58:06', '31', 'Silt Content', 2, 'Changed value for catalog "Sample Qty".', 10, 1),
(1497, '2014-09-15 04:58:12', '29', 'FIneness Modulus', 2, 'Changed value for catalog "Sample Qty".', 10, 1),
(1498, '2014-09-15 04:58:19', '27', 'Sieve Analysis', 2, 'Changed value for catalog "Sample Qty".', 10, 1),
(1499, '2014-09-15 04:58:31', '431', 'C.B.R Test (Soaked)', 2, 'Changed value for catalog "Sample Qty".', 10, 1),
(1500, '2014-09-15 05:11:36', '697', 'Sieve Analysis', 2, 'Changed category. Added catalog "Sample Qty".', 10, 1),
(1501, '2014-09-15 05:11:44', '698', 'FIneness Modulus', 2, 'Changed category. Added catalog "Sample Qty".', 10, 1),
(1502, '2014-09-15 05:11:53', '700', 'Moisture Content', 2, 'Changed category. Added catalog "Sample Qty".', 10, 1),
(1503, '2014-09-15 05:12:03', '701', 'Compaction Test (Dry Bulk Density)', 2, 'Changed category. Added catalog "Sample Qty".', 10, 1),
(1504, '2014-09-15 05:12:11', '702', 'Specific Gravity', 2, 'Changed category. Added catalog "Sample Qty".', 10, 1),
(1505, '2014-09-15 05:12:19', '703', 'Liquid Limit & Plastic Limit', 2, 'Changed category. Added catalog "Sample Qty".', 10, 1),
(1506, '2014-09-15 05:12:28', '704', 'Silt & Clay Content', 2, 'Changed category. Added catalog "Sample Qty".', 10, 1),
(1507, '2014-09-15 05:12:46', '699', 'Silt Content', 2, 'Changed category. Added catalog "Sample Qty".', 10, 1),
(1508, '2014-09-15 10:00:16', '2', 'BM/PC', 1, '', 38, 1),
(1509, '2014-09-15 10:01:54', '1', 'Sales Tax', 2, 'No fields changed.', 13, 1),
(1510, '2014-09-15 10:02:16', '3', 'Higher Education Cess', 1, '', 13, 1),
(1511, '2014-09-15 10:02:46', '4', 'Education Cess', 1, '', 13, 1),
(1512, '2014-09-15 10:04:19', '2', 'St. No 5-A, Nr Water Tank,,Ludhiana', 1, '', 22, 1),
(1513, '2014-09-15 10:04:50', '7', 'jasvir', 1, '', 3, 1),
(1514, '2014-09-15 10:06:06', '4', '4', 1, '', 14, 1),
(1515, '2014-09-15 10:06:36', '2', 'BM/PC', 2, 'Changed category.', 38, 1),
(1516, '2014-09-15 10:07:46', '3', 'Sand Sample/s', 1, '', 38, 1),
(1517, '2014-09-15 10:07:53', '5', '5', 1, '', 14, 1),
(1518, '2014-09-15 13:04:58', '1', 'ROUTINE', 2, 'Changed ratio.', 36, 1),
(1519, '2014-09-15 13:05:11', '1', 'Routine', 2, 'Changed name.', 36, 1),
(1520, '2014-09-15 13:05:23', '2', 'Instituional', 2, 'Changed ratio.', 36, 1),
(1521, '2014-09-15 13:05:49', '3', 'Individual', 1, '', 36, 1),
(1522, '2014-09-15 15:00:31', '2', 'Institutional-40:60', 2, 'Changed name.', 36, 1),
(1523, '2014-09-15 15:23:16', '1', 'Cement (Chemical Test)', 1, '', 38, 1),
(1524, '2014-09-15 15:26:36', '1', 'Testing & Consultancy Cell', 1, '', 27, 1),
(1525, '2014-09-15 15:28:17', '1', 'Prof. Puneet Pal Singh', 1, '', 28, 1),
(1526, '2014-09-16 04:51:20', '5', '5', 2, 'Changed buyer. Changed parent_category, sub_category, item and qty for purchased item "Penetration Number Test - 5". Deleted purchased item "Gradation - 5". Deleted purchased item "Silt & Clay Content - 5".', 14, 1),
(1527, '2014-09-16 04:53:57', '5', '5', 2, 'Changed buyer. Added purchased item "Bend Test, 0.2 Proof Stress, Ultimate Tensile Strength,  Percentage Elongation - 5". Changed parent_category, sub_category and item for purchased item "Ratio - 5".', 14, 1),
(1528, '2014-09-16 05:59:54', '2', 'Cement Mortar', 1, '', 38, 1),
(1529, '2014-09-16 06:00:04', '3', 'Cement Concrete', 1, '', 38, 1),
(1530, '2014-09-16 06:00:16', '4', 'Penetration Number', 1, '', 38, 1),
(1531, '2014-09-16 06:00:24', '5', 'Coarse Aggregates 10mm', 1, '', 38, 1),
(1532, '2014-09-16 06:00:33', '6', 'Coarse Aggregates 20mm', 1, '', 38, 1),
(1533, '2014-09-16 06:00:44', '7', 'Coarse Aggregates 40mm', 1, '', 38, 1),
(1534, '2014-09-16 06:00:58', '8', 'Fine Aggregates', 1, '', 38, 1),
(1535, '2014-09-16 06:09:27', '9', 'Cement Mortar', 1, '', 38, 1),
(1536, '2014-09-16 06:09:34', '10', 'Cement Concrete', 1, '', 38, 1),
(1537, '2014-09-16 06:09:42', '11', 'Penetration Number', 1, '', 38, 1),
(1538, '2014-09-16 06:09:50', '12', 'Cement (Chemical Test)', 1, '', 38, 1),
(1539, '2014-09-16 06:09:58', '13', 'Coarse Aggregates 10mm', 1, '', 38, 1),
(1540, '2014-09-16 06:10:05', '14', 'Coarse Aggregates 10mm', 1, '', 38, 1),
(1541, '2014-09-16 06:10:23', '15', 'Coarse Aggregates 20mm', 1, '', 38, 1),
(1542, '2014-09-16 06:10:31', '16', 'Coarse Aggregates 40mm', 1, '', 38, 1),
(1543, '2014-09-16 06:10:40', '17', 'Fine Aggregates', 1, '', 38, 1),
(1544, '2014-09-16 06:26:11', '13', 'Coarse Aggregates 10mm', 3, '', 38, 1),
(1545, '2014-09-16 06:27:32', '18', 'Water', 1, '', 38, 1),
(1546, '2014-09-16 06:27:39', '19', 'Sewage Water', 1, '', 38, 1),
(1547, '2014-09-16 06:27:48', '20', 'Raw Water', 1, '', 38, 1),
(1548, '2014-09-16 06:28:00', '21', 'Water (C.P)', 1, '', 38, 1),
(1549, '2014-09-16 06:28:10', '22', 'Water (C.P)', 1, '', 38, 1),
(1550, '2014-09-16 06:28:17', '23', 'Water (D.P)', 1, '', 38, 1),
(1551, '2014-09-16 06:28:36', '22', 'Water (C.P)', 3, '', 38, 1),
(1552, '2014-09-16 06:28:56', '24', 'Water', 1, '', 38, 1),
(1553, '2014-09-16 06:29:04', '25', 'Sewage Water', 1, '', 38, 1),
(1554, '2014-09-16 06:29:11', '26', 'Raw Water', 1, '', 38, 1),
(1555, '2014-09-16 06:29:20', '27', 'Water (C.P)', 1, '', 38, 1),
(1556, '2014-09-16 06:29:28', '28', 'Water (D.P)', 1, '', 38, 1),
(1557, '2014-09-16 06:30:09', '29', 'OHSR', 1, '', 38, 1),
(1558, '2014-09-16 06:30:18', '30', 'BM/PC', 1, '', 38, 1),
(1559, '2014-09-16 06:30:28', '31', 'Coarse Aggregates 10mm', 1, '', 38, 1),
(1560, '2014-09-16 06:30:52', '32', 'Coarse Aggregates 20mm', 1, '', 38, 1),
(1561, '2014-09-16 06:31:05', '33', 'Coarse Aggregates 40mm', 1, '', 38, 1),
(1562, '2014-09-16 06:31:17', '34', 'Bankelman Beam', 1, '', 38, 1),
(1563, '2014-09-16 06:31:34', '35', 'Pile Load Test', 1, '', 38, 1),
(1564, '2014-09-16 06:34:17', '36', 'Soil Sample/s', 1, '', 38, 1),
(1565, '2014-09-16 06:34:26', '37', 'Sand Sample/s', 1, '', 38, 1),
(1566, '2014-09-16 06:34:51', '38', 'Fine Aggregates/Coarse Sand', 1, '', 38, 1),
(1567, '2014-09-16 06:35:31', '39', 'Soil Sample/s', 1, '', 38, 1),
(1568, '2014-09-16 06:35:47', '40', 'OHSR', 1, '', 38, 1),
(1569, '2014-09-16 06:35:56', '41', 'BM/PC', 1, '', 38, 1),
(1570, '2014-09-16 06:36:05', '42', 'Sand Sample/s', 1, '', 38, 1),
(1571, '2014-09-16 06:36:14', '43', 'Fine Aggregates/Coarse Sand', 1, '', 38, 1),
(1572, '2014-09-16 06:36:37', '44', 'Coarse Aggregates 10mm', 1, '', 38, 1),
(1573, '2014-09-16 06:36:47', '45', 'Coarse Aggregates 20mm', 1, '', 38, 1),
(1574, '2014-09-16 06:36:54', '46', 'Coarse Aggregates 40mm', 1, '', 38, 1),
(1575, '2014-09-16 06:37:04', '47', 'Bankelman Beam', 1, '', 38, 1),
(1576, '2014-09-16 06:37:14', '48', 'Pile Load Test', 1, '', 38, 1),
(1577, '2014-09-16 06:38:57', '49', 'Cubes', 1, '', 38, 1),
(1578, '2014-09-16 06:39:04', '50', 'Brick', 1, '', 38, 1),
(1579, '2014-09-16 06:39:13', '51', 'Wood', 1, '', 38, 1),
(1580, '2014-09-16 06:39:21', '52', 'Rebound Hammer', 1, '', 38, 1),
(1581, '2014-09-16 06:39:32', '53', 'Barbed Wire', 1, '', 38, 1),
(1582, '2014-09-16 06:39:42', '54', 'Hing Tension', 1, '', 38, 1),
(1583, '2014-09-16 06:39:54', '55', 'Structural', 1, '', 38, 1),
(1584, '2014-09-16 06:40:04', '56', 'Angle', 1, '', 38, 1),
(1585, '2014-09-16 06:40:12', '57', 'Flats', 1, '', 38, 1),
(1586, '2014-09-16 06:40:20', '58', 'Tees Channel', 1, '', 38, 1),
(1587, '2014-09-16 06:40:28', '59', 'Concrete Pavers', 1, '', 38, 1),
(1588, '2014-09-16 06:40:37', '60', 'Ultrasonic', 1, '', 38, 1),
(1589, '2014-09-16 06:40:54', '61', 'Admixture', 1, '', 38, 1),
(1590, '2014-09-16 06:41:05', '62', 'Cement (Physical Test)', 1, '', 38, 1),
(1591, '2014-09-16 06:42:50', '63', 'Steel 8mm', 1, '', 38, 1),
(1592, '2014-09-16 06:43:03', '64', 'Steel 10mm', 1, '', 38, 1),
(1593, '2014-09-16 06:43:12', '65', 'Steel 12mm', 1, '', 38, 1),
(1594, '2014-09-16 06:43:28', '66', 'Steel 16mm', 1, '', 38, 1),
(1595, '2014-09-16 06:43:41', '67', 'Steel 20mm', 1, '', 38, 1),
(1596, '2014-09-16 06:43:51', '68', 'Steel 25mm', 1, '', 38, 1),
(1597, '2014-09-16 06:44:02', '69', 'Steel 32mm', 1, '', 38, 1),
(1598, '2014-09-16 06:44:11', '70', 'Steel 40mm', 1, '', 38, 1),
(1599, '2014-09-16 06:45:24', '71', 'Mix Design with Fly Ash M 15', 1, '', 38, 1),
(1600, '2014-09-16 06:45:50', '72', 'Mix Design with Fly Ash M 10', 1, '', 38, 1),
(1601, '2014-09-16 06:46:01', '73', 'Mix Design with Fly Ash M 20', 1, '', 38, 1),
(1602, '2014-09-16 06:46:23', '74', 'Mix Design with Fly Ash M 25', 1, '', 38, 1),
(1603, '2014-09-16 06:46:32', '75', 'Mix Design with Fly Ash M 30', 1, '', 38, 1),
(1604, '2014-09-16 06:46:51', '76', 'Mix Design with Fly Ash M 35', 1, '', 38, 1),
(1605, '2014-09-16 06:47:03', '77', 'Mix Design with Fly Ash M 40', 1, '', 38, 1),
(1606, '2014-09-16 06:47:13', '78', 'Mix Design without Fly Ash M 10', 1, '', 38, 1),
(1607, '2014-09-16 06:47:45', '79', 'Mix Design without Fly Ash M 15', 1, '', 38, 1),
(1608, '2014-09-16 06:47:58', '80', 'Mix Design without Fly Ash M 20', 1, '', 38, 1),
(1609, '2014-09-16 06:51:41', '81', 'Mix Design without Fly Ash M 25', 1, '', 38, 1),
(1610, '2014-09-16 06:51:57', '82', 'Mix Design without Fly Ash M 30', 1, '', 38, 1),
(1611, '2014-09-16 06:52:10', '83', 'Mix Design without Fly Ash M 35', 1, '', 38, 1),
(1612, '2014-09-16 06:52:50', '84', 'Mix Design without Fly Ash M 40', 1, '', 38, 1),
(1613, '2014-09-16 06:55:14', '85', 'Concrete Core Cutting/Testing', 1, '', 38, 1),
(1614, '2014-09-16 07:20:55', '86', 'Cubes', 1, '', 38, 1),
(1615, '2014-09-16 07:21:24', '87', 'Brick', 1, '', 38, 1),
(1616, '2014-09-16 07:21:40', '88', 'Wood', 1, '', 38, 1),
(1617, '2014-09-16 07:21:56', '89', 'Rebound Hammer', 1, '', 38, 1),
(1618, '2014-09-16 07:22:12', '90', 'Barbed Wire', 1, '', 38, 1),
(1619, '2014-09-16 07:22:27', '91', 'Hing Tension', 1, '', 38, 1),
(1620, '2014-09-16 07:22:39', '92', 'Structural', 1, '', 38, 1),
(1621, '2014-09-16 07:22:52', '93', 'Structural', 1, '', 38, 1),
(1622, '2014-09-16 07:23:07', '94', 'Angle', 1, '', 38, 1),
(1623, '2014-09-16 07:23:28', '95', 'Flats', 1, '', 38, 1),
(1624, '2014-09-16 07:23:41', '96', 'Tees Channel', 1, '', 38, 1),
(1625, '2014-09-16 07:24:09', '97', 'Concrete Pavers', 1, '', 38, 1),
(1626, '2014-09-16 07:25:25', '92', 'Structural', 3, '', 38, 1),
(1627, '2014-09-16 07:25:43', '98', 'Ultrasonic', 1, '', 38, 1),
(1628, '2014-09-16 07:25:55', '99', 'Concrete Core Cutting/Testing', 1, '', 38, 1),
(1629, '2014-09-16 07:26:10', '100', 'Mix Design with Fly Ash M 10', 1, '', 38, 1),
(1630, '2014-09-16 07:26:23', '101', 'Mix Design with Fly Ash M 15', 1, '', 38, 1),
(1631, '2014-09-16 07:26:37', '102', 'Mix Design with Fly Ash M 20', 1, '', 38, 1),
(1632, '2014-09-16 07:26:49', '103', 'Mix Design with Fly Ash M 25', 1, '', 38, 1),
(1633, '2014-09-16 07:27:00', '104', 'Mix Design with Fly Ash M 30', 1, '', 38, 1),
(1634, '2014-09-16 07:27:14', '105', 'Mix Design with Fly Ash M 35', 1, '', 38, 1),
(1635, '2014-09-16 07:27:26', '106', 'Mix Design with Fly Ash M 40', 1, '', 38, 1),
(1636, '2014-09-16 07:27:40', '107', 'Mix Design with Fly Ash M 40', 1, '', 38, 1),
(1637, '2014-09-16 07:28:04', '107', 'Mix Design with Fly Ash M 40', 3, '', 38, 1),
(1638, '2014-09-16 07:28:22', '108', 'Mix Design without Fly Ash M 10', 1, '', 38, 1),
(1639, '2014-09-16 07:28:37', '109', 'Mix Design without Fly Ash M 15', 1, '', 38, 1),
(1640, '2014-09-16 07:28:50', '110', 'Mix Design without Fly Ash M 20', 1, '', 38, 1),
(1641, '2014-09-16 07:29:03', '111', 'Mix Design without Fly Ash M 25', 1, '', 38, 1),
(1642, '2014-09-16 07:29:16', '112', 'Mix Design without Fly Ash M 30', 1, '', 38, 1),
(1643, '2014-09-16 07:29:31', '113', 'Mix Design without Fly Ash M 35', 1, '', 38, 1),
(1644, '2014-09-16 07:29:45', '114', 'Mix Design without Fly Ash M 40', 1, '', 38, 1),
(1645, '2014-09-16 07:29:58', '115', 'Admixture', 1, '', 38, 1),
(1646, '2014-09-16 07:30:13', '116', 'Cement (Physical Test)', 1, '', 38, 1),
(1647, '2014-09-16 07:30:36', '116', 'Cement (Physical Test)', 3, '', 38, 1),
(1648, '2014-09-16 07:30:50', '117', 'Cement (Physical Test)', 1, '', 38, 1),
(1649, '2014-09-16 07:31:07', '118', 'Steel 8mm', 1, '', 38, 1),
(1650, '2014-09-16 07:31:23', '119', 'Steel 10mm', 1, '', 38, 1),
(1651, '2014-09-16 07:31:42', '120', 'Steel 12mm', 1, '', 38, 1),
(1652, '2014-09-16 07:31:56', '121', 'Steel 16mm', 1, '', 38, 1),
(1653, '2014-09-16 07:32:08', '122', 'Steel 20mm', 1, '', 38, 1),
(1654, '2014-09-16 07:32:25', '123', 'Steel 25mm', 1, '', 38, 1),
(1655, '2014-09-16 07:32:43', '124', 'Steel 32mm', 1, '', 38, 1),
(1656, '2014-09-16 07:33:26', '125', 'Steel 40mm', 1, '', 38, 1),
(1657, '2014-09-16 07:37:09', '2', 'Civil Engineering', 1, '', 27, 1),
(1658, '2014-09-16 07:38:33', '2', 'Sh. Balraj Singh', 1, '', 28, 1),
(1659, '2014-09-16 07:39:51', '3', 'Dr. Jagbir Singh', 1, '', 28, 1),
(1660, '2014-09-16 07:40:49', '4', 'Sh. Amarjit Singh', 1, '', 28, 1),
(1661, '2014-09-16 07:41:26', '5', 'S. Sukhchain Singh', 1, '', 28, 1),
(1662, '2014-09-16 07:42:06', '6', 'S. Jasvir Singh', 1, '', 28, 1),
(1663, '2014-09-16 07:43:15', '7', 'Sh. Surjeet Kumar', 1, '', 28, 1),
(1664, '2014-09-16 07:46:38', '8', 'Dr. J.N. Jha', 1, '', 28, 1),
(1665, '2014-09-16 07:47:26', '9', 'Dr. Kulbir Singh Gill', 1, '', 28, 1),
(1666, '2014-09-16 07:48:08', '10', 'Prof. Gurdeepak Singh', 1, '', 28, 1),
(1667, '2014-09-16 07:48:37', '10', 'Prof. Gurdeepak Singh', 3, '', 28, 1),
(1668, '2014-09-16 07:49:08', '11', 'Prof. Gurdeepak Singh', 1, '', 28, 1),
(1669, '2014-09-16 07:49:38', '12', 'Prof. K.S. Bedi', 1, '', 28, 1),
(1670, '2014-09-16 07:50:08', '13', 'Prof. Khushdeep Singh', 1, '', 28, 1),
(1671, '2014-09-16 07:50:53', '14', 'Prof. Manpreet Singh ', 1, '', 28, 1),
(1672, '2014-09-16 07:51:32', '15', 'Sh. Nandan Singh', 1, '', 28, 1),
(1673, '2014-09-16 08:00:09', '16', 'Dr. B.S. Walia', 1, '', 28, 1),
(1674, '2014-09-16 08:01:25', '17', 'Prof. Bupinder Singh', 1, '', 28, 1),
(1675, '2014-09-16 08:01:52', '18', 'S. Amarjit Singh', 1, '', 28, 1),
(1676, '2014-09-16 08:02:19', '19', 'S. jaswant Singh', 1, '', 28, 1),
(1677, '2014-09-16 08:03:35', '20', 'Dr. Harpal Singh', 1, '', 28, 1),
(1678, '2014-09-16 08:04:04', '21', 'Dr. Hardeep Singh Rai', 1, '', 28, 1),
(1679, '2014-09-16 08:04:39', '22', 'Dr. Harvinder Singh', 1, '', 28, 1),
(1680, '2014-09-16 08:05:13', '23', 'Prof. Prashant Garg', 1, '', 28, 1),
(1681, '2014-09-16 08:06:25', '233', 'Mechanical', 1, '', 9, 1),
(1682, '2014-09-16 08:07:45', '233', 'Mechanical', 3, '', 9, 1),
(1683, '2014-09-16 08:08:05', '234', 'Electronics Lab', 1, '', 9, 1),
(1684, '2014-09-16 08:09:04', '3', 'Electronics and Communication', 1, '', 27, 1),
(1685, '2014-09-16 08:09:49', '24', 'Er. Nirmal Singh Grewal', 1, '', 28, 1),
(1686, '2014-09-16 08:10:38', '25', 'Er. Narwant Singh Grewal', 1, '', 28, 1),
(1687, '2014-09-16 08:11:08', '26', 'Er. Harminder Kaur', 1, '', 28, 1),
(1688, '2014-09-16 08:11:43', '27', 'Er. Gurjot Kaur Walia', 1, '', 28, 1),
(1689, '2014-09-16 08:12:12', '28', 'Er. Robin Gupta', 1, '', 28, 1),
(1690, '2014-09-16 08:12:48', '29', 'Er. Navneet Kaur', 1, '', 28, 1),
(1691, '2014-09-16 08:13:24', '30', 'Ms. Gagandeep Kaur', 1, '', 28, 1),
(1692, '2014-09-16 08:13:53', '31', 'Mr. Jaspal Singh', 1, '', 28, 1),
(1693, '2014-09-16 08:14:11', '235', 'Mechanical Lab', 1, '', 9, 1),
(1694, '2014-09-16 08:14:39', '4', 'Mechanical Engineering', 1, '', 27, 1),
(1695, '2014-09-16 08:15:12', '32', 'Dr. Sehijpal Singh', 1, '', 28, 1),
(1696, '2014-09-16 08:15:46', '33', 'Prof. Balwinder Singh', 1, '', 28, 1),
(1697, '2014-09-16 08:16:16', '34', 'Dr. Gurinder Singh Brar', 1, '', 28, 1),
(1698, '2014-09-16 08:16:51', '35', 'Prof. Arpinder Singh', 1, '', 28, 1),
(1699, '2014-09-16 08:17:35', '5', 'Applied Science', 1, '', 27, 1),
(1700, '2014-09-16 08:18:06', '36', 'Dr. R.P. Singh', 1, '', 28, 1),
(1701, '2014-09-16 08:18:41', '37', 'S. Kuldip singh', 1, '', 28, 1),
(1702, '2014-09-16 08:19:15', '236', 'Consultancy Lab', 1, '', 9, 1),
(1703, '2014-09-16 08:20:02', '38', 'Prof. Amandeep Singh', 1, '', 28, 1),
(1704, '2014-09-16 08:20:27', '39', 'S. Jasvir Singh', 1, '', 28, 1),
(1705, '2014-09-16 08:21:12', '237', 'Six Weeks Training(TCC)', 1, '', 9, 1),
(1706, '2014-09-16 08:22:02', '40', 'Dr. Hardeep Singh Rai', 1, '', 28, 1),
(1707, '2014-09-16 08:22:51', '39', 'S. Jasvir Singh', 3, '', 28, 1),
(1708, '2014-09-16 08:22:51', '38', 'Prof. Amandeep Singh', 3, '', 28, 1),
(1709, '2014-09-17 04:44:00', '41', 'Dr. Hardeep Singh Rai', 1, '', 28, 1),
(1710, '2014-09-17 04:45:42', '42', 'Dr. J.N. Jha', 1, '', 28, 1),
(1711, '2014-09-17 04:47:57', '43', 'Dr. K.S. Gill', 1, '', 28, 1),
(1712, '2014-09-17 04:51:25', '44', 'Prof. Puneet Pal Singh', 1, '', 28, 1),
(1713, '2014-09-17 04:54:44', '45', 'Dr. Jagbir Singh', 1, '', 28, 1),
(1714, '2014-09-17 04:55:49', '46', 'Prof. Charanjeet Singh', 1, '', 28, 1),
(1715, '2014-09-17 04:59:12', '47', 'Mr. Yogesh Sharma', 1, '', 28, 1),
(1716, '2014-09-17 05:01:52', '48', 'Ms. Gaganjot Kaur', 1, '', 28, 1),
(1717, '2014-09-17 05:07:05', '49', 'Mr. Jasbir Singh', 1, '', 28, 1),
(1718, '2014-09-17 05:08:07', '50', 'Mr. Baljinder Singh', 1, '', 28, 1),
(1719, '2014-09-17 05:10:07', '238', 'Computation Lab', 1, '', 9, 1),
(1720, '2014-09-17 05:10:21', '51', 'Mr. Jasbir Singh', 1, '', 28, 1),
(1721, '2014-09-17 05:12:41', '124', 'Steel 32mm', 2, 'Changed distribution.', 38, 1),
(1722, '2014-09-17 05:14:26', '123', 'Steel 25mm', 2, 'No fields changed.', 38, 1),
(1723, '2014-09-17 05:14:41', '122', 'Steel 20mm', 2, 'Changed distribution.', 38, 1),
(1724, '2014-09-17 05:14:52', '121', 'Steel 16mm', 2, 'Changed distribution.', 38, 1),
(1725, '2014-09-17 05:15:03', '120', 'Steel 12mm', 2, 'Changed distribution.', 38, 1),
(1726, '2014-09-17 05:15:14', '119', 'Steel 10mm', 2, 'Changed distribution.', 38, 1),
(1727, '2014-09-17 05:15:25', '117', 'Cement (Physical Test)', 2, 'Changed distribution.', 38, 1),
(1728, '2014-09-17 05:15:36', '115', 'Admixture', 2, 'Changed distribution.', 38, 1),
(1729, '2014-09-17 05:16:07', '118', 'Steel 8mm', 2, 'Changed distribution.', 38, 1),
(1730, '2014-09-17 05:16:21', '123', 'Steel 25mm', 2, 'Changed distribution.', 38, 1),
(1731, '2014-09-17 05:16:34', '125', 'Steel 40mm', 2, 'Changed distribution.', 38, 1),
(1732, '2014-09-17 05:17:57', '99', 'Concrete Core Cutting/Testing', 2, 'Changed distribution.', 38, 1),
(1733, '2014-09-17 05:18:12', '98', 'Ultrasonic', 2, 'Changed distribution.', 38, 1),
(1734, '2014-09-17 05:18:22', '97', 'Concrete Pavers', 2, 'Changed distribution.', 38, 1),
(1735, '2014-09-17 05:18:35', '96', 'Flats', 2, 'Changed category and distribution.', 38, 1),
(1736, '2014-09-17 05:18:44', '95', 'Flats', 2, 'Changed distribution.', 38, 1),
(1737, '2014-09-17 05:18:54', '94', 'Angle', 2, 'Changed distribution.', 38, 1),
(1738, '2014-09-17 05:19:07', '93', 'Structural', 2, 'Changed distribution.', 38, 1),
(1739, '2014-09-17 05:19:22', '91', 'Hing Tension', 2, 'Changed distribution.', 38, 1),
(1740, '2014-09-17 05:19:33', '90', 'Barbed Wire', 2, 'Changed distribution.', 38, 1),
(1741, '2014-09-17 05:19:51', '89', 'Rebound Hammer', 2, 'Changed distribution.', 38, 1),
(1742, '2014-09-17 05:20:02', '88', 'Wood', 2, 'Changed distribution.', 38, 1),
(1743, '2014-09-17 05:20:12', '87', 'Brick', 2, 'Changed distribution.', 38, 1),
(1744, '2014-09-17 05:20:21', '86', 'Cubes', 2, 'Changed distribution.', 38, 1),
(1745, '2014-09-17 05:32:45', '52', 'Mr. Ram Tirath', 1, '', 28, 1),
(1746, '2014-09-17 05:33:28', '53', 'Mr. Sukhdeep Singh', 1, '', 28, 1),
(1747, '2014-09-17 05:34:28', '54', 'Mr. Rajpal Singh', 1, '', 28, 1),
(1748, '2014-09-17 05:34:57', '55', 'Mr. Navdeep Singh', 1, '', 28, 1),
(1749, '2014-09-17 07:36:18', '6', '6', 1, '', 14, 1),
(1750, '2014-09-17 12:12:58', '7', '7', 1, '', 14, 1),
(1751, '2014-09-17 12:26:30', '8', '8', 1, '', 14, 1),
(1752, '2014-09-17 12:27:27', '9', '9', 1, '', 14, 1),
(1753, '2014-09-17 12:28:50', '10', '10', 1, '', 14, 1),
(1754, '2014-09-18 05:48:26', '13', 'Prof. Khushdeep Singh', 2, 'Changed department.', 28, 1),
(1755, '2014-09-18 05:49:34', '96', 'Flats', 3, '', 38, 1),
(1756, '2014-09-18 05:50:20', '79', 'Structural Steel', 2, 'Changed name.', 9, 1),
(1757, '2014-09-18 05:50:27', '80', 'Structural Steel', 2, 'Changed name.', 9, 1),
(1758, '2014-09-18 06:22:05', '10', '10', 2, 'Changed buyer. Changed parent_category, sub_category and item for purchased item "Ratio - 10". Deleted purchased item "COD(Total) - 10". Deleted purchased item "Nitrites - 10". Deleted purchased item "Turbity - 10".', 14, 1),
(1759, '2014-09-19 04:09:32', '11', '11', 1, '', 14, 1),
(1760, '2014-09-19 04:09:33', '12', '12', 1, '', 14, 1),
(1761, '2014-09-19 04:11:17', '13', '13', 1, '', 14, 1),
(1762, '2014-09-19 04:11:17', '14', '14', 1, '', 14, 1),
(1763, '2014-09-19 04:13:04', '15', '15', 1, '', 14, 1),
(1764, '2014-09-19 13:11:04', '2', '2', 3, '', 14, 1),
(1765, '2014-09-19 13:11:04', '1', '1', 3, '', 14, 1),
(1766, '2014-09-19 13:12:18', '3', '3', 3, '', 14, 1),
(1767, '2014-09-19 13:22:37', '16', '16', 1, '', 14, 1),
(1768, '2014-09-19 13:22:59', '16', '16', 3, '', 14, 1),
(1769, '2014-09-19 13:24:40', '15', '15', 2, 'Changed buyer. Changed parent_category, sub_category and item for purchased item "Nickel - 15".', 14, 1),
(1770, '2014-09-20 02:41:03', '17', '17', 1, '', 14, 1),
(1771, '2014-09-20 02:41:37', '1', '1', 2, 'Changed session_end_date.', 35, 1),
(1772, '2014-09-20 02:42:09', '17', '17', 3, '', 14, 1),
(1773, '2014-09-20 02:56:35', '2', '2', 1, '', 22, 1),
(1776, '2014-09-20 02:57:00', '1775', 'Deleted "Added "Added "2".".."', 3, '', 7, 1),
(1777, '2014-09-20 02:57:47', '239', 'My lab', 1, '', 9, 1),
(1778, '2014-09-20 02:57:58', '239', 'My lab', 3, '', 9, 1),
(1779, '2014-09-20 02:58:38', '18', '18', 1, '', 14, 1),
(1780, '2014-09-20 02:58:59', '18', '18', 3, '', 14, 1),
(1781, '2014-09-21 05:48:55', '1', 'GNDEC, Gill Road,Ludhiana', 2, 'Changed street_address.', 22, 1),
(1782, '2014-09-21 05:49:06', '2', 'St. No 5-A, Nr Water Tank,Ludhiana', 2, 'Changed street_address.', 22, 1);
INSERT INTO `django_admin_log` (`id`, `action_time`, `object_id`, `object_repr`, `action_flag`, `change_message`, `content_type_id`, `user_id`) VALUES
(1783, '2014-09-21 10:24:22', '2', 'user1', 2, 'Changed is_superuser and user_permissions.', 3, 1),
(1784, '2014-09-21 13:50:52', '10', '10', 2, 'Changed buyer. Changed parent_category and sub_category for purchased item "Ratio - 10".', 14, 1),
(1785, '2014-09-21 13:53:29', '19', '19', 1, '', 14, 1),
(1789, '2014-09-21 14:44:26', '20', '20', 1, '', 14, 1),
(1790, '2014-09-22 04:45:48', '21', '21', 1, '', 14, 1),
(1791, '2014-09-22 04:58:18', '22', '22', 1, '', 14, 1),
(1792, '2014-09-22 05:03:43', '23', '23', 1, '', 14, 1),
(1793, '2014-09-22 05:04:42', '24', '24', 1, '', 14, 1),
(1794, '2014-09-22 06:01:57', '25', '25', 1, '', 14, 1),
(1795, '2014-09-22 06:44:26', '26', '26', 1, '', 14, 1),
(1796, '2014-09-22 06:45:37', '27', '27', 1, '', 14, 1),
(1797, '2014-09-30 06:12:39', '7', 'LH Register', 3, '', 41, 458),
(1798, '2014-09-30 06:12:39', '6', 'another proposal', 3, '', 41, 458),
(1799, '2014-09-30 06:12:39', '4', 'Testing & Consultancy Cell', 3, '', 41, 458),
(1800, '2014-09-30 06:12:40', '3', 'My Grister', 3, '', 41, 458),
(1801, '2014-09-30 06:12:40', '2', 'My Own Register', 3, '', 41, 458),
(1802, '2014-10-02 07:28:55', '1', '1', 1, '', 44, 458),
(1803, '2014-10-02 07:38:12', '26', '26', 2, 'Changed buyer. Added purchased item "Ultrasonic Testing - 26". Added purchased item "Turbity - 26". Added purchased item "Water Absorption, Comp. Strength, Efflorescence  - 26". Changed parent_category, sub_category and item for purchased item "Penetration Number Test - 26". Changed parent_category, sub_category and item for purchased item "Chemical Test - 26". Changed parent_category, sub_category and item for purchased item "Mix Design - 26". Changed parent_category, sub_category and item for purchased item "pH - 26".', 14, 458),
(1804, '2014-10-04 07:42:11', '26', 'Order Canceled', 2, '', 14, 458),
(1805, '2014-10-04 13:59:34', '2', 'Cheque', 1, '', 12, 458),
(1806, '2014-10-04 16:02:33', '1', '1', 1, '', 14, 458),
(1807, '2014-10-04 16:03:05', '2', '2014 - 2014', 1, '', 35, 458),
(1808, '2014-10-04 16:03:21', '1', '1', 3, '', 14, 458),
(1809, '2014-10-04 16:04:25', '2', '2', 1, '', 14, 458),
(1810, '2014-10-04 16:04:49', '3', '3', 1, '', 14, 458),
(1811, '2014-10-04 16:19:38', '2', '2014 - 2014', 2, 'Changed session_start_date.', 35, 458),
(1812, '2014-10-04 16:21:41', '1', '1', 1, '', 14, 458),
(1813, '2014-10-04 16:26:34', '2', '2', 1, '', 14, 458),
(1814, '2014-10-04 16:35:39', '3', '3', 1, '', 14, 458),
(1815, '2014-10-04 16:51:50', '4', '4', 1, '', 14, 458),
(1816, '2014-10-04 16:56:31', '5', '5', 1, '', 14, 458),
(1817, '2014-10-04 17:08:59', '1', '1', 1, '', 14, 458),
(1818, '2014-10-05 03:40:32', '2', '2', 1, '', 14, 458),
(1819, '2014-10-05 03:56:31', '3', '3', 1, '', 14, 458),
(1820, '2014-10-05 03:58:51', '4', '4', 1, '', 14, 458),
(1821, '2014-10-05 05:03:01', '5', '5', 1, '', 14, 458),
(1822, '2014-10-05 11:20:17', '6', '6', 1, '', 14, 458),
(1823, '2014-10-08 09:04:57', '1', 'add order', 1, '', 2, 458),
(1824, '2014-10-08 09:05:33', '462', 'kirandeep', 2, 'Changed groups.', 3, 458),
(1825, '2014-10-08 09:05:43', '461', 'palwinder', 2, 'Changed groups.', 3, 458),
(1826, '2014-10-08 09:06:38', '461', 'palwinder', 2, 'Changed is_superuser.', 3, 458),
(1827, '2014-10-08 09:07:09', '462', 'kirandeep', 2, 'Changed is_active.', 3, 458),
(1828, '2014-10-08 09:08:34', '462', 'kirandeep', 2, 'Changed password.', 3, 458),
(1829, '2014-10-08 09:09:31', '462', 'kirandeep', 2, 'Changed is_active and is_superuser.', 3, 458),
(1830, '2014-10-08 09:10:36', '1', 'add order', 2, 'Changed permissions.', 2, 458),
(1831, '2014-10-08 09:21:13', '1', '2014 - 2015', 2, 'Changed session_start_date and session_end_date.', 35, 460),
(1832, '2014-10-08 09:21:34', '2', '2015 - 2016', 2, 'Changed session_start_date and session_end_date.', 35, 460),
(1833, '2014-10-08 09:22:16', '1', '1', 2, 'Changed is_active.', 44, 460),
(1834, '2014-10-08 09:22:28', '1', '1', 2, 'Changed is_active.', 44, 460),
(1835, '2014-10-09 04:21:55', '1', 'Semi-Government', 2, 'Changed type_desc.', 21, 458),
(1836, '2014-10-09 04:30:14', '458', 'VPO, Bahrampur, ,Gurdaspur', 1, '', 22, 458),
(1837, '2014-10-09 04:37:09', '459', 'VPO, Bahrampur,,Gurdaspur', 1, '', 22, 458),
(1838, '2014-10-09 04:41:06', '464', 'vaishavi', 1, '', 3, 458),
(1839, '2014-10-09 04:42:31', '458', 'vaishavi', 2, 'Changed title and company.', 24, 458),
(1840, '2014-10-09 10:14:26', '1', '1', 1, '', 14, 462),
(1841, '2014-10-09 10:21:09', '1', '1', 2, 'Changed footer and is_active.', 44, 458),
(1842, '2014-10-09 10:21:17', '1', '1', 2, 'Changed footer and is_active.', 44, 458),
(1843, '2014-10-09 10:22:44', '1', '1', 2, 'Changed header and is_active.', 44, 458),
(1844, '2014-10-09 10:22:51', '1', '1', 2, 'Changed is_active.', 44, 458),
(1845, '2014-10-10 04:10:09', '239', 'Electronics Lab: Lab Work', 1, '', 9, 458),
(1846, '2014-10-10 04:10:14', '240', 'Electronics Lab: ', 1, '', 9, 458),
(1847, '2014-10-10 04:10:36', '240', 'Electronics Lab: Field Work', 2, 'Changed name and parent.', 9, 458),
(1848, '2014-10-10 04:11:17', '241', 'Antenna and Microwave devices', 1, '', 9, 458),
(1849, '2014-10-10 04:11:30', '242', 'Antenna and Microwave devices', 1, '', 9, 458),
(1850, '2014-10-10 04:13:56', '705', 'Plot S parameter of one Antenna / Mircrowave device upto 6GHz', 1, '', 10, 458),
(1851, '2014-10-10 04:14:23', '706', 'Plot S parameter of one Antenna / Mircrowave device upto 6GHz', 1, '', 10, 458),
(1852, '2014-10-10 04:14:49', '126', 'Antenna and Microwave devices', 1, '', 38, 458),
(1853, '2014-10-10 04:14:56', '127', 'Antenna and Microwave devices', 1, '', 38, 458),
(1854, '2014-10-24 17:41:11', '243', 'Mix Design with Fly Ash M 7.5', 1, '', 9, 465),
(1855, '2014-10-24 17:41:28', '244', 'Mix Design with Fly Ash M 7.5', 1, '', 9, 465),
(1856, '2014-10-24 17:42:36', '245', 'Mix Design without Fly Ash M 7.5', 1, '', 9, 465),
(1857, '2014-10-24 17:42:54', '246', 'Mix Design without Fly Ash M 7.5', 1, '', 9, 465),
(1858, '2014-10-24 17:45:31', '707', 'Mix Design', 1, '', 10, 465),
(1859, '2014-10-24 17:45:50', '708', 'Mix Design', 1, '', 10, 465),
(1860, '2014-10-26 12:40:39', '247', 'Tiles', 1, '', 9, 465),
(1861, '2014-10-26 12:41:00', '248', 'Tiles', 1, '', 9, 465),
(1862, '2014-10-26 12:57:24', '709', 'Tiles', 1, '', 10, 465),
(1863, '2014-10-26 12:57:47', '710', 'Tiles', 1, '', 10, 465),
(1864, '2014-10-30 07:00:17', '355', 'CoreTesting', 2, 'Changed price_per_unit.', 10, 465),
(1865, '2014-10-30 07:00:24', '354', 'Core Testing', 2, 'Changed price_per_unit.', 10, 465),
(1866, '2014-10-30 07:02:49', '335', 'Cement Mortar Test', 3, '', 10, 465),
(1867, '2014-10-31 05:43:38', '249', 'Uniformity Coefficient', 1, '', 9, 465),
(1868, '2014-10-31 05:44:08', '250', 'Uniformity Coefficient', 1, '', 9, 465),
(1869, '2014-10-31 05:47:13', '251', 'The Coefficient of Curvature', 1, '', 9, 465),
(1870, '2014-10-31 05:47:21', '252', 'The Coefficient of Curvature', 1, '', 9, 465),
(1871, '2014-10-31 05:50:53', '253', 'Blanketing Materials', 1, '', 9, 465),
(1872, '2014-10-31 05:51:08', '254', 'Blanketing Materials', 1, '', 9, 465),
(1873, '2014-10-31 05:51:34', '255', 'BM', 1, '', 9, 465),
(1874, '2014-10-31 05:51:43', '256', 'BM', 1, '', 9, 465),
(1875, '2014-10-31 05:53:56', '257', 'SDBC', 1, '', 9, 465),
(1876, '2014-10-31 05:54:09', '258', 'SDBC', 1, '', 9, 465),
(1877, '2014-10-31 05:54:35', '259', 'M.S.Plate', 1, '', 9, 465),
(1878, '2014-10-31 05:54:46', '260', 'M.S.Plate', 1, '', 9, 465),
(1879, '2014-10-31 05:55:03', '261', 'PC', 1, '', 9, 465),
(1880, '2014-10-31 05:55:15', '262', 'PC', 1, '', 9, 465),
(1881, '2014-10-31 05:55:27', '263', 'DBM', 1, '', 9, 465),
(1882, '2014-10-31 05:55:36', '264', 'DBM', 1, '', 9, 465),
(1883, '2014-10-31 05:55:46', '265', 'GSB Material', 1, '', 9, 465),
(1884, '2014-10-31 05:55:54', '266', 'GSB Material', 1, '', 9, 465),
(1885, '2014-10-31 06:05:55', '267', 'Checking of Revised Drawing', 1, '', 9, 465),
(1886, '2014-10-31 06:06:05', '268', 'Checking of Revised Drawing', 1, '', 9, 465),
(1887, '2014-10-31 06:13:16', '269', 'Design For Bridge', 1, '', 9, 465),
(1888, '2014-10-31 06:13:38', '270', 'Design For Bridge', 1, '', 9, 465),
(1889, '2014-10-31 06:16:08', '271', 'Estimate', 1, '', 9, 465),
(1890, '2014-10-31 06:16:21', '272', 'Estimate', 1, '', 9, 465),
(1891, '2014-10-31 06:17:25', '273', 'Soil Sample/s for Chemical tests', 1, '', 9, 465),
(1892, '2014-10-31 06:17:36', '274', 'Soil Sample/s for Chemical tests', 1, '', 9, 465),
(1893, '2014-10-31 06:17:57', '275', 'Preparation of status report of Batteries', 1, '', 9, 465),
(1894, '2014-10-31 06:18:05', '276', 'Preparation of status report of Batteries', 1, '', 9, 465),
(1895, '2014-10-31 06:18:27', '277', 'Kerb Stone', 1, '', 9, 465),
(1896, '2014-10-31 06:18:42', '278', 'Kerb Stone', 1, '', 9, 465),
(1897, '2014-10-31 06:19:33', '279', 'Stainless Steel', 1, '', 9, 465),
(1898, '2014-10-31 06:19:59', '280', 'Stainless Steel', 1, '', 9, 465),
(1899, '2014-10-31 06:21:14', '281', 'Bitumen content', 1, '', 9, 465),
(1900, '2014-10-31 06:21:30', '282', 'Bitumen content', 1, '', 9, 465),
(1901, '2014-10-31 06:21:44', '283', 'MS Rod', 1, '', 9, 465),
(1902, '2014-10-31 06:21:57', '284', 'MS Rod', 1, '', 9, 465),
(1903, '2014-10-31 06:22:38', '285', 'Hollow Block', 1, '', 9, 465),
(1904, '2014-10-31 06:22:47', '286', 'Hollow Block', 1, '', 9, 465),
(1905, '2014-10-31 06:23:04', '287', 'Field Visit', 1, '', 9, 465),
(1906, '2014-10-31 06:23:31', '288', 'Plate Load Test', 1, '', 9, 465),
(1907, '2014-10-31 06:23:42', '289', 'Plate Load Test', 1, '', 9, 465),
(1908, '2014-10-31 06:23:54', '290', 'Bentonite', 1, '', 9, 465),
(1909, '2014-10-31 06:24:03', '291', 'Bentonite', 1, '', 9, 465),
(1910, '2014-10-31 06:24:21', '292', 'Ceramic Glazed Tiles', 1, '', 9, 465),
(1911, '2014-10-31 06:24:33', '293', 'Ceramic Glazed Tiles', 1, '', 9, 465),
(1912, '2014-10-31 06:24:49', '294', 'Stone Aggregates', 1, '', 9, 465),
(1913, '2014-10-31 06:24:58', '295', 'Stone Aggregates', 1, '', 9, 465),
(1914, '2014-10-31 06:25:17', '296', 'WMM', 1, '', 9, 465),
(1915, '2014-10-31 06:25:30', '297', 'WMM', 1, '', 9, 465),
(1916, '2014-10-31 06:26:32', '298', 'Steel (Chemical)', 1, '', 9, 465),
(1917, '2014-10-31 06:26:44', '299', 'Steel (Chemical)', 1, '', 9, 465),
(1918, '2014-10-31 06:27:22', '300', 'Bajri', 1, '', 9, 465),
(1919, '2014-10-31 06:27:32', '301', 'Bajri', 1, '', 9, 465),
(1920, '2014-10-31 06:29:37', '302', '4 mm M.S. Wire', 1, '', 9, 465),
(1921, '2014-10-31 06:29:46', '303', '4 mm M.S. Wire', 1, '', 9, 465),
(1922, '2014-10-31 06:32:05', '304', 'Ballast Material', 1, '', 9, 465),
(1923, '2014-10-31 06:32:15', '305', 'Ballast Material', 1, '', 9, 465),
(1924, '2014-10-31 06:32:29', '306', 'Job Mix Formula', 1, '', 9, 465),
(1925, '2014-10-31 06:32:40', '307', 'Job Mix Formula', 1, '', 9, 465),
(1926, '2014-10-31 06:33:02', '308', 'Slope Stability Analysis', 1, '', 9, 465),
(1927, '2014-10-31 06:33:12', '309', 'Slope Stability Analysis', 1, '', 9, 465),
(1928, '2014-10-31 06:35:12', '310', 'Soil Samples from Sites', 1, '', 9, 465),
(1929, '2014-10-31 06:35:30', '311', 'WBM', 1, '', 9, 465),
(1930, '2014-10-31 06:35:39', '312', 'WBM', 1, '', 9, 465),
(1931, '2014-10-31 06:36:38', '313', 'Hydraulic Design', 1, '', 9, 465),
(1932, '2014-10-31 06:36:51', '314', 'Hydraulic Design', 1, '', 9, 465),
(1933, '2014-10-31 06:38:39', '315', 'Electircal Lab', 1, '', 9, 465),
(1934, '2014-10-31 06:39:08', '316', 'Electircal Lab : Field Work', 1, '', 9, 465),
(1935, '2014-10-31 06:39:24', '317', 'Electircal Lab : Lab Work', 1, '', 9, 465),
(1936, '2014-10-31 06:39:34', '318', 'Soil Resistivity Test', 1, '', 9, 465),
(1937, '2014-10-31 06:39:41', '319', 'Soil Resistivity Test', 1, '', 9, 465),
(1938, '2014-10-31 06:41:57', '320', 'Training to Local Govt. Officers', 1, '', 9, 465),
(1939, '2014-10-31 06:42:06', '321', 'Training to Local Govt. Officers', 1, '', 9, 465),
(1940, '2014-10-31 06:42:22', '322', 'Training to Local Govt. Officers', 1, '', 9, 465),
(1941, '2014-10-31 06:42:32', '323', 'Training to Local Govt. Officers', 1, '', 9, 465),
(1942, '2014-10-31 06:42:38', '324', 'Training to Local Govt. Officers', 1, '', 9, 465),
(1943, '2014-10-31 06:42:49', '325', 'Training to Local Govt. Officers', 1, '', 9, 465),
(1944, '2014-10-31 06:53:14', '326', 'Chemical Analysis of Soil (Total Soluble Sulphates)', 1, '', 9, 465),
(1945, '2014-10-31 06:54:15', '327', 'Chemical Analysis of Soil (Total Soluble Sulphates)', 1, '', 9, 465),
(1946, '2014-10-31 06:55:02', '328', 'Chemical Analysis, Water Soil Extract of the samples', 1, '', 9, 465),
(1947, '2014-10-31 06:55:12', '329', 'Chemical Analysis, Water Soil Extract of the samples', 1, '', 9, 465),
(1948, '2014-10-31 06:55:30', '330', 'PVC Wires', 1, '', 9, 465),
(1949, '2014-10-31 06:55:38', '331', 'PVC Wires', 1, '', 9, 465),
(1950, '2014-10-31 07:37:28', '711', 'Uniformity Coefficient', 1, '', 10, 465),
(1951, '2014-10-31 07:37:46', '712', 'Uniformity Coefficient', 1, '', 10, 465),
(1952, '2014-10-31 07:39:03', '713', 'The Coefficient of Curvature', 1, '', 10, 465),
(1953, '2014-10-31 07:39:30', '714', 'The Coefficient of Curvature', 1, '', 10, 465),
(1954, '2014-10-31 08:38:04', '715', 'Lab. MDD & OMC ', 1, '', 10, 465),
(1955, '2014-10-31 08:38:22', '716', 'Lab. MDD & OMC ', 1, '', 10, 465),
(1956, '2014-10-31 08:39:06', '717', 'Plastic Limit/Liquid Limit', 1, '', 10, 465),
(1957, '2014-10-31 08:39:21', '718', 'Plastic Limit/Liquid Limit', 1, '', 10, 465),
(1958, '2014-10-31 08:43:22', '719', 'Uniformity Coefficient (D60/D10) in Graph', 1, '', 10, 465),
(1959, '2014-10-31 08:43:37', '720', 'Uniformity Coefficient (D60/D10) in Graph', 1, '', 10, 465),
(1960, '2014-10-31 08:43:58', '721', 'The Coefficient of Curvature', 1, '', 10, 465),
(1961, '2014-10-31 08:44:18', '722', 'The Coefficient of Curvature', 1, '', 10, 465),
(1962, '2014-10-31 08:45:51', '723', 'BM', 1, '', 10, 465),
(1963, '2014-10-31 08:46:19', '724', 'BM', 1, '', 10, 465),
(1964, '2014-10-31 08:46:31', '725', 'Bitumen Contents', 1, '', 10, 465),
(1965, '2014-10-31 08:46:49', '726', 'Bitumen Contents', 1, '', 10, 465),
(1966, '2014-10-31 08:47:24', '727', 'Gradation', 1, '', 10, 465),
(1967, '2014-10-31 08:48:34', '728', 'SDBC', 1, '', 10, 465),
(1968, '2014-10-31 08:48:49', '729', 'SDBC', 1, '', 10, 465),
(1969, '2014-10-31 08:49:39', '730', 'M.S.Plate', 1, '', 10, 465),
(1970, '2014-10-31 08:50:10', '731', 'M.S.Plate', 1, '', 10, 465),
(1971, '2014-10-31 08:52:08', '732', 'PC', 1, '', 10, 465),
(1972, '2014-10-31 08:52:51', '733', 'PC', 1, '', 10, 465),
(1973, '2014-10-31 08:53:13', '734', 'Bitumen content, Gradation of Aggregates', 1, '', 10, 465),
(1974, '2014-10-31 08:53:29', '735', 'Bitumen content, Gradation of Aggregates', 1, '', 10, 465),
(1975, '2014-10-31 08:54:06', '736', 'DBM', 1, '', 10, 465),
(1976, '2014-10-31 08:56:06', '737', 'DBM', 1, '', 10, 465),
(1977, '2014-10-31 08:58:00', '738', 'CBR Value', 1, '', 10, 465),
(1978, '2014-10-31 08:59:20', '739', 'CBR Value', 1, '', 10, 465),
(1979, '2014-10-31 08:59:42', '740', 'PI Value', 1, '', 10, 465),
(1980, '2014-10-31 08:59:58', '741', 'PI Value', 1, '', 10, 465),
(1981, '2014-10-31 09:00:13', '742', 'MDD & OMC', 1, '', 10, 465),
(1982, '2014-10-31 09:00:29', '743', 'MDD & OMC', 1, '', 10, 465),
(1983, '2014-10-31 09:00:54', '744', 'Liquid Limit, Plastic Limit, Plasticity Index', 1, '', 10, 465),
(1984, '2014-10-31 09:01:07', '745', 'Liquid Limit, Plastic Limit, Plasticity Index', 1, '', 10, 465),
(1985, '2014-10-31 09:01:38', '746', 'CBR', 1, '', 10, 465),
(1986, '2014-10-31 09:01:56', '747', 'CBR', 1, '', 10, 465),
(1987, '2014-10-31 09:02:16', '748', 'Atterberg Limits', 1, '', 10, 465),
(1988, '2014-10-31 09:02:29', '749', 'Atterberg Limits', 1, '', 10, 465),
(1989, '2014-10-31 09:02:49', '750', 'Sieve analysis/Grading', 1, '', 10, 465),
(1990, '2014-10-31 09:03:04', '751', 'Sieve analysis/Grading', 1, '', 10, 465),
(1991, '2014-10-31 09:03:32', '752', 'Lab Density', 1, '', 10, 465),
(1992, '2014-10-31 09:03:45', '753', 'Lab Density', 1, '', 10, 465),
(1993, '2014-10-31 09:04:55', '754', 'Checking of Revised Drawing', 1, '', 10, 465),
(1994, '2014-10-31 09:13:59', '755', 'Checking of Revised Drawing', 1, '', 10, 465),
(1995, '2014-10-31 09:43:10', '756', 'Design For Bridge', 1, '', 10, 465),
(1996, '2014-10-31 09:43:30', '757', 'Design For Bridge', 1, '', 10, 465),
(1997, '2014-10-31 09:47:58', '758', 'Estimate', 1, '', 10, 465),
(1998, '2014-10-31 09:48:10', '759', 'Estimate', 1, '', 10, 465),
(1999, '2014-10-31 09:48:58', '760', 'Total Soluble Solids', 1, '', 10, 465),
(2000, '2014-10-31 09:49:16', '761', 'Total Soluble Solids', 1, '', 10, 465),
(2001, '2014-10-31 09:49:32', '762', 'Total Soluble Sulphates', 1, '', 10, 465),
(2002, '2014-10-31 09:49:48', '763', 'Total Soluble Sulphates', 1, '', 10, 465),
(2003, '2014-10-31 09:50:23', '764', 'Preparation of status report of Batteries', 1, '', 10, 465),
(2004, '2014-10-31 09:50:38', '765', 'Preparation of status report of Batteries', 1, '', 10, 465),
(2005, '2014-10-31 09:51:36', '766', 'Kerb Stone', 1, '', 10, 465),
(2006, '2014-10-31 09:51:51', '767', 'Kerb Stone', 1, '', 10, 465),
(2007, '2014-10-31 09:52:09', '768', 'Volume', 1, '', 10, 465),
(2008, '2014-10-31 09:52:29', '769', 'Volume', 1, '', 10, 465),
(2009, '2014-10-31 09:53:26', '770', 'Carbon, Sulphur, Phospohorus, Silicon, Manganese, Nickel, Chromium', 1, '', 10, 465),
(2010, '2014-10-31 09:53:44', '771', 'Carbon, Sulphur, Phospohorus, Silicon, Manganese, Nickel, Chromium', 1, '', 10, 465),
(2011, '2014-10-31 09:54:19', '772', 'Grade of Bitumen, Flash Point, Softing Point, Ductility Test', 1, '', 10, 465),
(2012, '2014-10-31 09:54:33', '773', 'Grade of Bitumen, Flash Point, Softing Point, Ductility Test', 1, '', 10, 465),
(2013, '2014-10-31 09:55:21', '774', 'MS Rod', 1, '', 10, 465),
(2014, '2014-10-31 09:55:50', '775', 'MS Rod', 1, '', 10, 465),
(2015, '2014-10-31 09:57:30', '776', 'Hollow Block', 1, '', 10, 465),
(2016, '2014-10-31 09:57:53', '777', 'Hollow Block', 1, '', 10, 465),
(2017, '2014-10-31 09:58:58', '778', 'Field Visit', 1, '', 10, 465),
(2018, '2014-10-31 10:01:07', '779', 'Plate Load Test', 1, '', 10, 465),
(2019, '2014-10-31 10:01:26', '780', 'Plate Load Test', 1, '', 10, 465),
(2020, '2014-10-31 10:01:59', '781', 'Bentonite', 1, '', 10, 465),
(2021, '2014-10-31 10:02:15', '782', 'Bentonite', 1, '', 10, 465),
(2022, '2014-10-31 10:03:19', '783', 'Water Absorption', 1, '', 10, 465),
(2023, '2014-10-31 10:03:31', '784', 'Water Absorption', 1, '', 10, 465),
(2024, '2014-10-31 10:03:53', '785', 'Impact Test', 1, '', 10, 465),
(2025, '2014-10-31 10:04:06', '786', 'Impact Test', 1, '', 10, 465),
(2026, '2014-10-31 10:05:18', '787', 'Chemical Resistance', 1, '', 10, 465),
(2027, '2014-10-31 10:05:33', '788', 'Chemical Resistance', 1, '', 10, 465),
(2028, '2014-10-31 10:06:08', '789', 'Sieve Analysis', 1, '', 10, 465),
(2029, '2014-10-31 10:06:26', '790', 'Sieve Analysis', 1, '', 10, 465),
(2030, '2014-10-31 10:06:48', '791', 'Flakiness Index', 1, '', 10, 465),
(2031, '2014-10-31 10:06:59', '792', 'Flakiness Index', 1, '', 10, 465),
(2032, '2014-10-31 10:07:15', '793', 'Crushing Value/Strength ', 1, '', 10, 465),
(2033, '2014-10-31 10:07:28', '794', 'Crushing Value/Strength ', 1, '', 10, 465),
(2034, '2014-10-31 10:07:57', '795', 'Sieve Analysis', 1, '', 10, 465),
(2035, '2014-10-31 10:08:09', '796', 'Sieve Analysis', 1, '', 10, 465),
(2036, '2014-10-31 10:08:27', '797', 'Gradation', 1, '', 10, 465),
(2037, '2014-10-31 10:08:44', '798', 'Gradation', 1, '', 10, 465),
(2038, '2014-10-31 10:09:06', '799', 'Bulk Density', 1, '', 10, 465),
(2039, '2014-10-31 10:09:20', '800', 'Bulk Density', 1, '', 10, 465),
(2040, '2014-10-31 10:09:54', '801', 'Chemical Test', 1, '', 10, 465),
(2041, '2014-10-31 10:10:12', '802', 'Chemical Test', 1, '', 10, 465),
(2042, '2014-10-31 10:10:47', '803', 'Bulk Density Test', 1, '', 10, 465),
(2043, '2014-10-31 10:11:04', '804', 'Bulk Density Test', 1, '', 10, 465),
(2044, '2014-10-31 10:11:22', '805', 'Flakiness/Elongation Test', 1, '', 10, 465),
(2045, '2014-10-31 10:11:33', '806', 'Flakiness/Elongation Test', 1, '', 10, 465),
(2046, '2014-10-31 10:11:50', '807', 'Crushing Value', 1, '', 10, 465),
(2047, '2014-10-31 10:12:03', '808', 'Crushing Value', 1, '', 10, 465),
(2048, '2014-10-31 10:13:22', '809', 'Physical Test', 1, '', 10, 465),
(2049, '2014-10-31 10:13:34', '810', 'Physical Test', 1, '', 10, 465),
(2050, '2014-10-31 10:13:53', '811', 'Chemical Test', 1, '', 10, 465),
(2051, '2014-10-31 10:14:06', '812', 'Chemical Test', 1, '', 10, 465),
(2052, '2014-10-31 10:17:01', '813', 'Impact Test', 1, '', 10, 465),
(2053, '2014-10-31 10:17:28', '814', 'Impact Test', 1, '', 10, 465),
(2054, '2014-10-31 10:17:42', '815', 'Abrassion Test', 1, '', 10, 465),
(2055, '2014-10-31 10:17:45', '815', 'Abrassion Test', 2, 'No fields changed.', 10, 465),
(2056, '2014-10-31 10:17:58', '816', 'Abrassion Test', 1, '', 10, 465),
(2057, '2014-10-31 10:18:30', '817', 'Abrassion Test', 1, '', 10, 465),
(2058, '2014-10-31 10:18:47', '818', 'Water Absorption Test', 1, '', 10, 465),
(2059, '2014-10-31 10:19:00', '819', 'Water Absorption Test', 1, '', 10, 465),
(2060, '2014-10-31 10:19:29', '820', 'Job Mix Formula', 1, '', 10, 465),
(2061, '2014-10-31 10:19:54', '821', 'Job Mix Formula', 1, '', 10, 465),
(2062, '2014-10-31 10:20:28', '822', 'Slope Stability Analysis', 1, '', 10, 465),
(2063, '2014-10-31 10:20:41', '823', 'Slope Stability Analysis', 1, '', 10, 465),
(2064, '2014-10-31 10:21:21', '824', '5 m depth', 1, '', 10, 465),
(2065, '2014-10-31 10:23:15', '825', 'Gradation', 1, '', 10, 465),
(2066, '2014-10-31 10:23:39', '826', 'Gradation', 1, '', 10, 465),
(2067, '2014-10-31 10:23:56', '827', 'MDD & OMC', 1, '', 10, 465),
(2068, '2014-10-31 10:24:08', '828', 'MDD & OMC', 1, '', 10, 465),
(2069, '2014-10-31 10:24:24', '829', 'Impact Value', 1, '', 10, 465),
(2070, '2014-10-31 10:24:45', '830', 'Impact Value', 1, '', 10, 465),
(2071, '2014-10-31 10:25:21', '831', 'Vetting of Hydraulic Design', 1, '', 10, 465),
(2072, '2014-10-31 10:25:37', '832', 'Vetting of Hydraulic Design', 1, '', 10, 465),
(2073, '2014-10-31 10:26:08', '833', 'Soil Resistivity Test', 1, '', 10, 465),
(2074, '2014-10-31 10:26:19', '834', 'Soil Resistivity Test', 1, '', 10, 465),
(2075, '2014-10-31 10:31:40', '835', 'Training to Local Govt. Officers (Material & Quality Testing of Civil Works)', 1, '', 10, 465),
(2076, '2014-10-31 10:31:54', '836', 'Training to Local Govt. Officers (Material & Quality Testing of Civil Works)', 1, '', 10, 465),
(2077, '2014-10-31 10:32:54', '837', 'Training to Local Govt. Officers (Material & Quality Testing of Civil Works)', 1, '', 10, 465),
(2078, '2014-10-31 10:33:13', '838', 'Training to Local Govt. Officers (Material & Quality Testing of Civil Works)', 1, '', 10, 465),
(2079, '2014-10-31 10:33:43', '839', 'Training to Local Govt. Officers (Material & Quality Testing of Civil Works)', 1, '', 10, 465),
(2080, '2014-10-31 10:33:56', '840', 'Training to Local Govt. Officers (Material & Quality Testing of Civil Works)', 1, '', 10, 465),
(2081, '2014-10-31 10:34:33', '841', 'Chemical Analysis of Soil (Total Soluble Sulphates)', 1, '', 10, 465),
(2082, '2014-10-31 10:34:49', '842', 'Chemical Analysis of Soil (Total Soluble Sulphates)', 1, '', 10, 465),
(2083, '2014-10-31 10:35:19', '843', 'Chemical Analysis, Water Soil Extract  of the samples', 1, '', 10, 465),
(2084, '2014-10-31 10:35:31', '844', 'Chemical Analysis, Water Soil Extract  of the samples', 1, '', 10, 465),
(2085, '2014-10-31 10:36:34', '845', 'PVC Wires', 1, '', 10, 465),
(2086, '2014-10-31 10:36:51', '846', 'PVC Wires', 1, '', 10, 465),
(2087, '2014-10-31 13:44:01', '847', 'MDD & OMC', 1, '', 10, 465),
(2088, '2014-10-31 13:44:13', '848', 'MDD & OMC', 1, '', 10, 465),
(2089, '2014-10-31 13:44:41', '849', 'Liquid Limit, Plastic Limit, Plasticity Index', 1, '', 10, 465),
(2090, '2014-10-31 13:44:56', '850', 'Liquid Limit, Plastic Limit, Plasticity Index', 1, '', 10, 465),
(2091, '2014-10-31 13:45:48', '851', 'Sand Content', 1, '', 10, 465),
(2092, '2014-10-31 13:45:59', '852', 'Sand Content', 1, '', 10, 465),
(2093, '2014-10-31 13:47:46', '853', 'Bulk Density', 1, '', 10, 465),
(2094, '2014-10-31 13:47:59', '854', 'Bulk Density', 1, '', 10, 465),
(2095, '2014-10-31 13:55:36', '855', 'Ammonia Nitrogen mg/l', 1, '', 10, 465),
(2096, '2014-10-31 13:55:49', '856', 'Ammonia Nitrogen mg/l', 1, '', 10, 465),
(2097, '2014-10-31 13:56:17', '857', 'Total phosphorus in mg/l', 1, '', 10, 465),
(2098, '2014-10-31 13:56:29', '858', 'Total phosphorus in mg/l', 1, '', 10, 465),
(2099, '2014-10-31 13:56:49', '859', 'TKN', 1, '', 10, 465),
(2100, '2014-10-31 13:57:02', '860', 'TKN', 1, '', 10, 465),
(2101, '2014-10-31 13:58:31', '861', 'Bulk Density', 1, '', 10, 465),
(2102, '2014-10-31 13:58:44', '862', 'Bulk Density', 1, '', 10, 465),
(2103, '2014-10-31 14:05:07', '863', 'CBR Test (Soaked)', 1, '', 10, 465),
(2104, '2014-10-31 14:05:25', '864', 'CBR Test (Soaked)', 1, '', 10, 465),
(2105, '2014-10-31 14:05:41', '865', 'CBR Test (Unsoaked)', 1, '', 10, 465),
(2106, '2014-10-31 14:06:18', '866', 'CBR Test (Unsoaked)', 1, '', 10, 465),
(2107, '2014-10-31 14:06:44', '867', 'Sieve Analysis with Graph', 1, '', 10, 465),
(2108, '2014-10-31 14:06:58', '868', 'Sieve Analysis with Graph', 1, '', 10, 465),
(2109, '2014-11-01 06:31:22', '332', 'IT/CSE', 1, '', 9, 465),
(2110, '2014-11-01 08:31:19', '466', 'Initial & Final Setting time, Comp. Strength at 7 & 28 days curing, Soundness, Fineness, Consistency', 2, 'Changed name.', 10, 530),
(2111, '2014-11-01 08:31:33', '465', 'Initial & Final Setting time, Comp. Strength at 7 & 28 days curing, Soundness, Fineness, Consistency', 2, 'Changed name.', 10, 530),
(2112, '2014-11-05 11:16:26', '205', 'Steel 20mm', 2, 'No fields changed.', 9, 530),
(2113, '2014-11-05 11:16:32', '213', 'Steel 20mm', 2, 'No fields changed.', 9, 530),
(2114, '2014-11-05 11:17:14', '591', 'Bend Test, 0.2 Proof Stress, Ultimate Tensile Strength, Percentage Elongation', 2, 'Changed name.', 10, 530),
(2115, '2014-11-05 11:21:46', '10', 'Environmental Lab : Lab Work', 2, 'Changed name.', 9, 530),
(2116, '2014-11-05 11:21:59', '11', 'Environmental Lab : Field Work', 2, 'Changed name.', 9, 530),
(2117, '2014-11-05 11:35:15', '751', 'Gradation/Sieve Analysis', 2, 'Changed name.', 10, 530),
(2118, '2014-11-05 11:36:22', '869', 'Sieve Analysis', 1, '', 10, 530),
(2119, '2014-11-05 11:36:39', '870', 'Sieve Analysis', 1, '', 10, 530),
(2120, '2014-11-06 04:14:54', '871', 'Flakiness Index', 1, '', 10, 530),
(2121, '2014-11-06 04:15:18', '872', 'Crushing Value', 1, '', 10, 530),
(2122, '2014-11-06 04:15:43', '873', 'Gradation/Determination of Particle size', 1, '', 10, 530),
(2123, '2014-11-06 06:18:14', '169', 'Coarse Aggregates 40mm', 2, 'No fields changed.', 9, 530),
(2124, '2014-11-06 06:18:25', '561', 'Deleterious Material', 2, 'Changed name.', 10, 530),
(2125, '2014-11-06 06:20:22', '69', 'Brick', 2, 'No fields changed.', 9, 530),
(2126, '2014-11-06 06:20:28', '70', 'Brick', 2, 'No fields changed.', 9, 530),
(2127, '2014-11-06 06:20:50', '191', 'Water Absorption, Comp. Strength, Efflorescence', 2, 'Changed name.', 10, 530),
(2128, '2014-11-06 06:20:58', '190', 'Water Absorption, Comp. Strength, Efflorescence', 2, 'Changed name.', 10, 530),
(2129, '2014-11-07 05:36:29', '333', 'Soil for BC', 1, '', 9, 530),
(2130, '2014-11-07 05:38:00', '874', 'depth 0 to 5m', 1, '', 10, 530),
(2131, '2014-11-07 05:38:15', '875', 'depth 0 to 10m', 1, '', 10, 530),
(2132, '2014-11-07 05:39:18', '876', 'depth 10 to 20m', 1, '', 10, 530),
(2133, '2014-11-07 05:39:42', '877', 'depth 20 to 30m', 1, '', 10, 530),
(2134, '2014-11-07 05:40:12', '878', 'depth more than 30m', 1, '', 10, 530),
(2135, '2014-11-07 05:41:54', '879', 'To Check the insitu density', 1, '', 10, 530),
(2136, '2014-11-07 05:42:14', '880', 'To Suggest Remetial measures', 1, '', 10, 530),
(2137, '2014-11-07 19:10:49', '531', 'Walter', 1, '', 3, 530),
(2138, '2014-11-12 04:48:30', '827', '827', 1, '', 14, 530),
(2139, '2014-11-14 13:29:38', '881', 'BC', 1, '', 10, 530),
(2140, '2014-11-14 13:29:50', '882', 'BC', 1, '', 10, 530),
(2141, '2014-11-14 13:30:33', '19', '19', 2, 'Changed buyer. Added Tests "BC - 19".', 14, 530),
(2142, '2014-11-14 13:33:23', '19', '19', 2, 'Changed buyer. Changed parent_category and sub_category for Tests "BC - 19".', 14, 530),
(2143, '2014-11-14 14:23:33', '334', 'Concrete Ratio', 1, '', 9, 530),
(2144, '2014-11-14 14:23:43', '335', 'Concrete Ratio', 1, '', 9, 530),
(2145, '2014-11-14 14:24:11', '883', 'Concrete Ratio', 1, '', 10, 530),
(2146, '2014-11-14 14:24:30', '884', 'Concrete Ratio', 1, '', 10, 530),
(2147, '2014-11-14 14:24:58', '21', '21', 2, 'Changed buyer. Added Tests "Concrete Ratio - 21".', 14, 530),
(2148, '2014-11-14 15:14:51', '21', '21', 2, 'Changed buyer. Changed parent_category and sub_category for Tests "Concrete Ratio - 21".', 14, 530),
(2149, '2014-11-14 15:15:54', '19', '19', 2, 'Changed buyer. Added Tests "BC - 19".', 14, 530),
(2150, '2014-11-14 15:20:29', '40', '40', 2, 'Changed buyer. Added Tests "BC - 40".', 14, 530),
(2151, '2014-11-14 15:22:03', '52', '52', 2, 'Changed buyer. Added Tests "BC - 52". Changed parent_category and sub_category for Tests "DBM - 52". Changed parent_category and sub_category for Tests "BM - 52".', 14, 530),
(2152, '2014-11-14 15:25:45', '336', 'Karb', 1, '', 9, 530),
(2153, '2014-11-14 15:25:54', '337', 'Karb', 1, '', 9, 530),
(2154, '2014-11-14 15:26:13', '885', 'Karb', 1, '', 10, 530),
(2155, '2014-11-14 15:26:27', '886', 'Karb', 1, '', 10, 530),
(2156, '2014-11-14 15:26:56', '66', '66', 2, 'Changed buyer. Added Tests "Karb - 66".', 14, 530),
(2157, '2014-11-14 15:36:39', '75', '75', 2, 'Changed buyer. Added Tests "Silt Content - 75". Added Tests "FIneness Modulus - 75". Changed parent_category and sub_category for Tests "Bend Test, 0.2 Proof Stress, Ultimate Tensile Strength, Percentage Elongation - 75". Changed parent_category and sub_category for Tests "Bend Test, 0.2 Proof Stress, Ultimate Tensile Strength, Percentage Elongation - 75". Changed parent_category and sub_category for Tests "Initial & Final Setting time, Comp. Strength at 7 & 28 days curing, Soundness, Fineness, Consistency - 75". Changed parent_category and sub_category for Tests "Water Absorption, Comp. Strength, Efflorescence - 75". Changed parent_category and sub_category for Tests "Gradation - 75". Changed parent_category, sub_category and item for Tests "Silt & Clay Content - 75". Changed parent_category, sub_category and item for Tests "Silt & Clay Content - 75".', 14, 530),
(2158, '2014-11-14 15:39:18', '80', '80', 2, 'Changed buyer. Added Tests "BC - 80".', 14, 530),
(2159, '2014-11-14 15:40:23', '83', '83', 2, 'Changed buyer. Added Tests "BC - 83". Changed parent_category and sub_category for Tests "DBM - 83".', 14, 530),
(2160, '2014-11-14 16:22:14', '125', '125', 2, 'Changed buyer. Added Tests "Water For Construction Purpose - 125". Added Tests "Water for Drinking Purpose - 125".', 14, 530),
(2161, '2014-11-14 16:27:36', '887', 'Soundness Tests', 1, '', 10, 530),
(2162, '2014-11-14 16:27:50', '888', 'Soundness Tests', 1, '', 10, 530),
(2163, '2014-11-14 17:04:56', '125', '125', 2, 'Changed buyer. Added Tests "Water For Construction Purpose - 125". Added Tests "Water for Drinking Purpose - 125".', 14, 530),
(2164, '2014-11-14 17:19:06', '889', 'Abrabation Resistances', 1, '', 10, 530),
(2165, '2014-11-14 17:19:22', '890', 'Abrabation Resistances', 1, '', 10, 530),
(2166, '2014-11-14 17:28:42', '891', 'PI Value', 1, '', 10, 530),
(2167, '2014-11-14 17:28:53', '892', 'PI Value', 1, '', 10, 530),
(2168, '2014-11-14 17:35:34', '338', 'Fine Aggregates/Coarse Aggregates', 1, '', 9, 530),
(2169, '2014-11-14 17:35:44', '339', 'Fine Aggregates/Coarse Aggregates', 1, '', 9, 530),
(2170, '2014-11-14 17:36:14', '893', 'Deleterious Material', 1, '', 10, 530),
(2171, '2014-11-14 17:36:26', '894', 'Fine Aggregates/Coarse Aggregates', 1, '', 10, 530),
(2172, '2014-11-14 17:37:18', '894', 'Deleterious Material', 2, 'Changed name.', 10, 530),
(2173, '2014-11-16 17:42:29', '895', 'BM', 1, '', 10, 530),
(2174, '2014-11-16 17:42:56', '896', 'BM', 1, '', 10, 530),
(2175, '2014-11-16 17:43:08', '897', 'PC', 1, '', 10, 530),
(2176, '2014-11-16 17:43:24', '898', 'PC', 1, '', 10, 530),
(2177, '2014-11-16 17:45:34', '802', 'Chemical test', 2, 'Changed name.', 10, 530),
(2178, '2014-11-16 17:45:45', '801', 'Chemical test', 2, 'Changed name.', 10, 530),
(2179, '2014-11-16 17:46:28', '802', 'Chemical Test', 2, 'Changed name.', 10, 530),
(2180, '2014-11-16 17:46:36', '801', 'Chemical Test', 2, 'Changed name.', 10, 530),
(2181, '2014-11-16 18:43:44', '848', 'Lab. MDD & OMC ', 2, 'Changed name.', 10, 530),
(2182, '2014-11-16 18:43:49', '847', 'Lab. MDD & OMC ', 2, 'Changed name.', 10, 530),
(2183, '2014-11-16 18:43:54', '828', 'Lab. MDD & OMC ', 2, 'Changed name.', 10, 530),
(2184, '2014-11-16 18:43:59', '827', 'Lab. MDD & OMC ', 2, 'Changed name.', 10, 530),
(2185, '2014-11-16 18:44:05', '743', 'Lab. MDD & OMC ', 2, 'Changed name.', 10, 530),
(2186, '2014-11-16 18:44:10', '742', 'Lab. MDD & OMC ', 2, 'Changed name.', 10, 530),
(2187, '2014-11-16 18:51:00', '847', 'MDD & OMC ', 2, 'Changed name.', 10, 530),
(2188, '2014-11-16 18:51:14', '827', 'MDD & OMC ', 2, 'Changed name.', 10, 530),
(2189, '2014-11-16 18:51:26', '742', 'MDD & OMC ', 2, 'Changed name.', 10, 530),
(2190, '2014-11-16 18:51:34', '715', 'MDD & OMC ', 2, 'Changed name.', 10, 530),
(2191, '2014-11-16 18:56:56', '848', 'MDD & OMC', 2, 'Changed name.', 10, 530),
(2192, '2014-11-16 18:57:01', '828', 'MDD & OMC', 2, 'Changed name.', 10, 530),
(2193, '2014-11-16 18:57:07', '743', 'MDD & OMC', 2, 'Changed name.', 10, 530),
(2194, '2014-11-16 18:57:17', '716', 'MDD & OMC', 2, 'Changed name.', 10, 530),
(2195, '2014-11-16 18:57:31', '847', 'MDD & OMC', 2, 'Changed name.', 10, 530),
(2196, '2014-11-16 18:57:37', '828', 'MDD & OMC', 2, 'No fields changed.', 10, 530),
(2197, '2014-11-16 18:57:44', '827', 'MDD & OMC', 2, 'Changed name.', 10, 530),
(2198, '2014-11-16 18:57:50', '743', 'MDD & OMC', 2, 'No fields changed.', 10, 530),
(2199, '2014-11-16 18:57:56', '742', 'MDD & OMC', 2, 'Changed name.', 10, 530),
(2200, '2014-11-16 18:58:01', '716', 'MDD & OMC', 2, 'No fields changed.', 10, 530),
(2201, '2014-11-16 18:58:06', '715', 'MDD & OMC', 2, 'Changed name.', 10, 530),
(2202, '2014-11-16 19:06:32', '726', 'Bitumen Content', 2, 'Changed name.', 10, 530),
(2203, '2014-11-16 19:06:36', '725', 'Bitumen Content', 2, 'Changed name.', 10, 530),
(2204, '2014-11-16 19:14:38', '899', 'Gradation of Aggregates', 1, '', 10, 530),
(2205, '2014-11-16 19:14:49', '900', 'Gradation of Aggregates', 1, '', 10, 530),
(2206, '2014-11-16 19:23:40', '901', 'Gradation', 1, '', 10, 530),
(2207, '2014-11-16 19:23:56', '902', 'Gradation', 1, '', 10, 530),
(2208, '2014-11-16 19:37:02', '750', 'Gradation/Sieve Analysis', 2, 'Changed name.', 10, 530),
(2209, '2014-11-16 19:48:26', '903', 'Abrasion Test', 1, '', 10, 530),
(2210, '2014-11-16 19:48:40', '904', 'Abrasion Test', 1, '', 10, 530),
(2211, '2014-11-19 06:16:13', '340', 'Training (Internal)', 1, '', 9, 530),
(2212, '2014-11-19 06:16:53', '341', 'Training (External)', 1, '', 9, 530),
(2213, '2014-11-19 06:38:47', '905', 'Six Weeks Training', 1, '', 10, 530),
(2214, '2014-11-19 06:39:01', '906', 'Six Weeks Training', 1, '', 10, 530),
(2215, '2014-11-19 06:39:30', '907', 'Six Months Training', 1, '', 10, 530),
(2216, '2014-11-19 06:39:45', '908', 'Six Months Training', 1, '', 10, 530),
(2217, '2014-11-19 06:49:58', '342', 'Training (External)', 1, '', 9, 530),
(2218, '2014-11-19 06:50:26', '343', 'Training (Internal)', 1, '', 9, 530),
(2219, '2014-11-19 06:51:48', '909', 'Six Week Training (Electronic Circuit Design using VHDL)', 1, '', 10, 530),
(2220, '2014-11-19 06:52:04', '910', 'Six Week Training (Electronic Circuit Design using VHDL)', 1, '', 10, 530),
(2221, '2014-11-19 06:53:02', '344', 'Training (Internal)', 1, '', 9, 530),
(2222, '2014-11-19 06:53:11', '345', 'Training (External)', 1, '', 9, 530),
(2223, '2014-11-19 06:53:56', '911', 'Six Week Training (CAD Modeling & Analysis using Solid Works)', 1, '', 10, 530),
(2224, '2014-11-19 06:54:05', '912', 'Six Week Training (CAD Modeling & Analysis using Solid Works)', 1, '', 10, 530),
(2225, '2014-11-19 06:58:29', '346', 'Testing And Consultancy Cell', 1, '', 9, 530),
(2226, '2014-11-19 06:58:46', '347', 'Training (Internal)', 1, '', 9, 530),
(2227, '2014-11-19 06:58:56', '348', 'Training (External)', 1, '', 9, 530),
(2228, '2014-11-19 06:59:58', '913', 'Six Weeks Training', 1, '', 10, 530),
(2229, '2014-11-19 07:00:24', '914', 'Six Weeks Training', 1, '', 10, 530),
(2230, '2014-11-19 07:00:47', '915', 'Six Months Training', 1, '', 10, 530),
(2231, '2014-11-19 07:00:59', '916', 'Six Months Training', 1, '', 10, 530),
(2232, '2014-11-19 11:07:09', '128', 'Preparation Of Contour Map', 1, '', 38, 530),
(2233, '2014-11-19 11:07:17', '129', 'Preparation Of Contour Map', 1, '', 38, 530),
(2234, '2014-11-19 11:14:36', '130', 'Mix Design with Fly Ash M 7.5', 1, '', 38, 530),
(2235, '2014-11-19 11:14:52', '131', 'Mix Design without Fly Ash M 7.5', 1, '', 38, 530),
(2236, '2014-11-19 11:15:04', '132', 'Mix Design with Fly Ash M 7.5', 1, '', 38, 530),
(2237, '2014-11-19 11:15:18', '133', 'Mix Design without Fly Ash M 7.5', 1, '', 38, 530),
(2238, '2014-11-19 11:18:07', '134', 'Tiles', 1, '', 38, 530),
(2239, '2014-11-19 11:18:18', '135', 'Tiles', 1, '', 38, 530),
(2240, '2014-11-19 11:19:57', '136', 'Uniformity Coefficient', 1, '', 38, 530),
(2241, '2014-11-19 11:20:07', '137', 'Uniformity Coefficient', 1, '', 38, 530),
(2242, '2014-11-19 11:20:52', '138', 'The Coefficient of Curvature', 1, '', 38, 530),
(2243, '2014-11-19 11:21:02', '139', 'The Coefficient of Curvature', 1, '', 38, 530),
(2244, '2014-11-19 11:21:44', '140', 'Blanketing Materials', 1, '', 38, 530),
(2245, '2014-11-19 11:21:52', '141', 'Blanketing Materials', 1, '', 38, 530),
(2246, '2014-11-19 11:22:39', '142', 'BM', 1, '', 38, 530),
(2247, '2014-11-19 11:22:55', '143', 'BM', 1, '', 38, 530),
(2248, '2014-11-19 11:24:16', '145', 'SDBC', 1, '', 38, 530),
(2249, '2014-11-19 11:24:25', '146', 'SDBC', 1, '', 38, 530),
(2250, '2014-11-19 11:25:06', '147', 'M.S.Plate', 1, '', 38, 530),
(2251, '2014-11-19 11:25:15', '148', 'M.S.Plate', 1, '', 38, 530),
(2252, '2014-11-19 11:25:56', '149', 'PC', 1, '', 38, 530),
(2253, '2014-11-19 11:26:08', '150', 'PC', 1, '', 38, 530),
(2254, '2014-11-19 11:26:16', '151', 'DBM', 1, '', 38, 530),
(2255, '2014-11-19 11:26:25', '152', 'DBM', 1, '', 38, 530),
(2256, '2014-11-19 11:26:53', '153', 'GSB Material', 1, '', 38, 530),
(2257, '2014-11-19 11:27:03', '154', 'GSB Material', 1, '', 38, 530),
(2258, '2014-11-19 11:28:05', '155', 'Checking of Revised Drawing', 1, '', 38, 530),
(2259, '2014-11-19 11:28:13', '156', 'Checking of Revised Drawing', 1, '', 38, 530),
(2260, '2014-11-19 11:29:02', '157', 'Design For Bridge', 1, '', 38, 530),
(2261, '2014-11-19 11:29:10', '158', 'Design For Bridge', 1, '', 38, 530),
(2262, '2014-11-19 11:29:34', '159', 'Estimate', 1, '', 38, 530),
(2263, '2014-11-19 11:29:40', '160', 'Estimate', 1, '', 38, 530),
(2264, '2014-11-19 11:30:21', '161', 'Soil Sample/s for Chemical tests', 1, '', 38, 530),
(2265, '2014-11-19 11:30:46', '162', 'Soil Sample/s for Chemical tests', 1, '', 38, 530),
(2266, '2014-11-19 11:31:21', '163', 'Preparation of status report of Batteries', 1, '', 38, 530),
(2267, '2014-11-19 11:31:33', '164', 'Preparation of status report of Batteries', 1, '', 38, 530),
(2268, '2014-11-19 11:31:58', '165', 'Kerb Stone', 1, '', 38, 530),
(2269, '2014-11-19 11:32:15', '166', 'Kerb Stone', 1, '', 38, 530),
(2270, '2014-11-19 11:33:11', '167', 'Stainless Steel', 1, '', 38, 530),
(2271, '2014-11-19 11:33:24', '168', 'Stainless Steel', 1, '', 38, 530),
(2272, '2014-11-19 11:34:32', '169', 'Bitumen content', 1, '', 38, 530),
(2273, '2014-11-19 11:34:46', '170', 'Bitumen content', 1, '', 38, 530),
(2274, '2014-11-19 11:37:28', '171', 'MS Rod', 1, '', 38, 530),
(2275, '2014-11-19 11:37:38', '172', 'MS Rod', 1, '', 38, 530),
(2276, '2014-11-19 11:38:12', '173', 'Hollow Block', 1, '', 38, 530),
(2277, '2014-11-19 11:38:24', '174', 'Hollow Block', 1, '', 38, 530),
(2278, '2014-11-19 11:39:23', '175', 'Field Visit', 1, '', 38, 530),
(2279, '2014-11-19 11:40:16', '176', 'Plate Load Test', 1, '', 38, 530),
(2280, '2014-11-19 11:40:30', '177', 'Plate Load Test', 1, '', 38, 530),
(2281, '2014-11-19 11:41:03', '178', 'Bentonite', 1, '', 38, 530),
(2282, '2014-11-19 11:41:15', '179', 'Bentonite', 1, '', 38, 530),
(2283, '2014-11-19 11:41:44', '180', 'Ceramic Glazed Tiles', 1, '', 38, 530),
(2284, '2014-11-19 11:41:53', '181', 'Ceramic Glazed Tiles', 1, '', 38, 530),
(2285, '2014-11-19 11:49:14', '182', 'Stone Aggregates', 1, '', 38, 530),
(2286, '2014-11-19 11:49:52', '183', 'Stone Aggregates', 1, '', 38, 530),
(2287, '2014-11-19 11:50:50', '184', 'WMM', 1, '', 38, 530),
(2288, '2014-11-19 11:51:06', '185', 'WMM', 1, '', 38, 530),
(2289, '2014-11-19 11:52:42', '186', 'Steel (Chemical)', 1, '', 38, 530),
(2290, '2014-11-19 11:52:52', '187', 'Steel (Chemical)', 1, '', 38, 530),
(2291, '2014-11-19 11:53:28', '188', 'Bajri', 1, '', 38, 530),
(2292, '2014-11-19 11:53:40', '189', 'Bajri', 1, '', 38, 530),
(2293, '2014-11-19 11:54:09', '190', '4 mm M.S. Wire', 1, '', 38, 530),
(2294, '2014-11-19 11:54:17', '191', '4 mm M.S. Wire', 1, '', 38, 530),
(2295, '2014-11-19 11:55:01', '192', 'Ballast Material', 1, '', 38, 530),
(2296, '2014-11-19 11:55:11', '193', 'Ballast Material', 1, '', 38, 530),
(2297, '2014-11-19 11:55:44', '194', 'Job Mix Formula', 1, '', 38, 530),
(2298, '2014-11-19 11:55:56', '195', 'Job Mix Formula', 1, '', 38, 530),
(2299, '2014-11-19 11:56:27', '196', 'Slope Stability Analysis', 1, '', 38, 530),
(2300, '2014-11-19 11:56:38', '197', 'Slope Stability Analysis', 1, '', 38, 530),
(2301, '2014-11-19 11:58:06', '198', 'Soil Samples from Sites', 1, '', 38, 530),
(2302, '2014-11-19 11:58:58', '199', 'WBM', 1, '', 38, 530),
(2303, '2014-11-19 11:59:09', '200', 'WBM', 1, '', 38, 530),
(2304, '2014-11-19 12:00:05', '201', 'Hydraulic Design', 1, '', 38, 530),
(2305, '2014-11-19 12:00:23', '202', 'Hydraulic Design', 1, '', 38, 530),
(2306, '2014-11-19 12:02:17', '203', 'Soil Resistivity Test', 1, '', 38, 530),
(2307, '2014-11-19 12:02:26', '204', 'Soil Resistivity Test', 1, '', 38, 530),
(2308, '2014-11-19 12:02:59', '205', 'Training to Local Govt. Officers', 1, '', 38, 530),
(2309, '2014-11-19 12:03:35', '207', 'Training to Local Govt. Officers', 1, '', 38, 530),
(2310, '2014-11-19 12:03:48', '208', 'Training to Local Govt. Officers', 1, '', 38, 530),
(2311, '2014-11-19 12:03:57', '209', 'Training to Local Govt. Officers', 1, '', 38, 530),
(2312, '2014-11-19 12:04:06', '210', 'Training to Local Govt. Officers', 1, '', 38, 530),
(2313, '2014-11-19 12:04:19', '211', 'Training to Local Govt. Officers', 1, '', 38, 530),
(2314, '2014-11-19 12:05:07', '212', 'Chemical Analysis of Soil (Total Soluble Sulphates)', 1, '', 38, 530),
(2315, '2014-11-19 12:05:17', '213', 'Chemical Analysis of Soil (Total Soluble Sulphates)', 1, '', 38, 530),
(2316, '2014-11-19 12:05:42', '214', 'Chemical Analysis, Water Soil Extract of the samples', 1, '', 38, 530),
(2317, '2014-11-19 12:05:51', '215', 'Chemical Analysis, Water Soil Extract of the samples', 1, '', 38, 530),
(2318, '2014-11-19 12:06:20', '216', 'PVC Wires', 1, '', 38, 530),
(2319, '2014-11-19 12:06:27', '217', 'PVC Wires', 1, '', 38, 530),
(2320, '2014-11-19 12:07:00', '218', 'Soil for BC', 1, '', 38, 530),
(2321, '2014-11-19 12:07:34', '219', 'Concrete Ratio', 1, '', 38, 530),
(2322, '2014-11-19 12:07:47', '220', 'Concrete Ratio', 1, '', 38, 530),
(2323, '2014-11-19 12:08:13', '221', 'Karb', 1, '', 38, 530),
(2324, '2014-11-19 12:08:25', '222', 'Karb', 1, '', 38, 530),
(2325, '2014-11-19 12:09:05', '223', 'Fine Aggregates/Coarse Aggregates', 1, '', 38, 530),
(2326, '2014-11-19 12:09:19', '224', 'Fine Aggregates/Coarse Aggregates', 1, '', 38, 530),
(2327, '2014-11-19 12:12:17', '225', 'Training (Internal)', 1, '', 38, 530),
(2328, '2014-11-19 12:12:28', '226', 'Training (External)', 1, '', 38, 530),
(2329, '2014-11-19 12:15:20', '349', 'Training', 1, '', 9, 530),
(2330, '2014-11-19 12:15:43', '332', 'IT/CSE', 2, 'Changed parent.', 9, 530),
(2331, '2014-11-19 12:15:56', '235', 'Mechanical Lab', 2, 'Changed parent.', 9, 530),
(2332, '2014-11-19 12:16:26', '346', 'Testing And Consultancy Cell', 2, 'Changed parent.', 9, 530),
(2333, '2014-11-19 12:17:02', '227', 'Training (Internal)', 1, '', 38, 530),
(2334, '2014-11-19 12:17:08', '228', 'Training (External)', 1, '', 38, 530),
(2335, '2014-11-19 12:17:15', '229', 'Training (Internal)', 1, '', 38, 530),
(2336, '2014-11-19 12:17:21', '230', 'Training (External)', 1, '', 38, 530),
(2337, '2014-11-19 12:17:29', '231', 'Training (Internal)', 1, '', 38, 530),
(2338, '2014-11-19 12:17:37', '232', 'Training (External)', 1, '', 38, 530),
(2339, '2014-11-27 06:16:31', '599', 'dhian', 2, 'Changed is_superuser.', 3, 595),
(2340, '2014-11-27 06:16:56', '596', 'kirandeep', 2, 'Changed is_superuser and groups.', 3, 595),
(2341, '2014-11-27 06:17:05', '598', 'palwinder', 2, 'Changed is_superuser and groups.', 3, 595),
(2342, '2014-11-27 06:19:58', '1', 'Payment may be made vide D.D./Cash/Online in favour of Director, Guru Nanak Dev Engg. College, Ludhiana.', 1, '', 51, 595),
(2343, '2014-11-27 06:20:42', '2', 'The Testing/Work shall be done on Receipt of this payment.', 1, '', 51, 595),
(2344, '2014-11-27 06:21:32', '3', 'Three Labourers for soil testing work to be provided by the Department/Client at each site.', 1, '', 51, 595),
(2345, '2014-11-27 06:27:20', '1', '1', 1, '', 31, 596),
(2346, '2014-11-27 06:29:41', '1', 'Order Canceled', 2, '', 31, 595),
(2347, '2014-11-27 06:31:35', '1', 'add order', 2, 'Changed permissions.', 2, 595),
(2348, '2014-11-27 06:32:12', '1', 'add order', 2, 'Changed permissions.', 2, 595),
(2349, '2014-11-27 06:32:45', '2', '2', 1, '', 31, 596),
(2350, '2014-11-27 06:35:14', '1', '1', 1, '', 31, 596),
(2351, '2014-11-27 06:55:32', '1', '1', 1, '', 44, 595),
(2352, '2014-11-27 06:55:52', '1', '1', 3, '', 31, 595),
(2353, '2014-11-27 06:56:30', '2', '2', 1, '', 31, 595),
(2354, '2014-11-27 06:56:50', '1', '1', 2, 'Changed footer and is_active.', 44, 595),
(2355, '2014-11-27 06:58:22', '1', '1', 2, 'Changed footer and is_active.', 44, 595),
(2356, '2014-11-27 06:58:32', '1', '1', 2, 'Changed footer and is_active.', 44, 595),
(2357, '2014-11-27 07:04:32', '3', '3', 1, '', 31, 596),
(2358, '2014-11-27 09:48:20', '1', '1', 1, '', 31, 598),
(2359, '2014-11-27 09:53:18', '876', 'depth 10 to 20m', 2, 'Changed price_per_unit.', 10, 595),
(2360, '2014-11-27 09:59:23', '2', '2', 1, '', 31, 598),
(2361, '2014-11-28 06:37:20', '1', 'Service Tax', 2, 'Changed tax_name and value.', 13, 595),
(2362, '2014-11-28 06:37:28', '3', 'Higher Education Cess', 2, 'Changed value.', 13, 595),
(2363, '2014-11-28 06:37:39', '4', 'Education Cess', 2, 'Changed value.', 13, 595),
(2364, '2014-11-28 06:37:51', '3', 'Higher Education Cess', 2, 'Changed value.', 13, 595),
(2365, '2014-11-28 06:37:56', '4', 'Education Cess', 2, 'Changed value.', 13, 595),
(2366, '2014-11-28 06:38:05', '2', 'Transportation', 2, 'No fields changed.', 13, 595),
(2367, '2014-11-28 06:53:21', '876', 'depth 10 to 20m', 2, 'Changed price_per_unit.', 10, 595),
(2368, '2014-11-28 08:26:00', '1', 'Testing & Consultancy Cell', 2, 'Changed pan_no and stc_no.', 23, 595),
(2369, '2014-11-28 08:28:17', '1', '1', 2, 'Changed header and is_active.', 44, 595),
(2370, '2014-11-28 08:28:22', '1', '1', 2, 'Changed is_active.', 44, 595),
(2371, '2014-11-28 08:30:44', '1', '1', 2, 'Changed footer.', 44, 595),
(2372, '2014-12-02 06:53:55', '1', 'Payment may be made vide D.D./Cash/Online in favour of Director, Guru Nanak Dev Engg. College, Ludhiana.', 1, '', 51, 595),
(2373, '2014-12-02 06:54:02', '2', 'The Testing/Work shall be done on Receipt of this payment.', 1, '', 51, 595),
(2374, '2014-12-02 06:54:10', '3', 'Three Labourers for soil testing work to be provided by the Department/Client at each site.', 1, '', 51, 595),
(2375, '2014-12-04 09:05:54', '350', 'Soil for BC', 1, '', 9, 595),
(2376, '2014-12-08 05:01:28', '595', '10192, Street No.8, Janta Nagar, ,Ludhiana', 1, '', 22, 598),
(2377, '2014-12-08 05:02:35', '600', 'palwindersinghmaholi', 1, '', 3, 598),
(2378, '2014-12-10 05:18:56', '596', '.,Phagwara', 1, '', 22, 598),
(2379, '2014-12-10 05:19:37', '601', 'jctlimitedgenralmangerphagwara', 1, '', 3, 598),
(2380, '2014-12-10 11:07:57', '1', '1', 1, '', 14, 597),
(2381, '2014-12-10 11:15:04', '1', '1', 2, 'Changed footer.', 44, 597),
(2382, '2014-12-11 06:54:09', '597', 'VPO Ghuman,Ludhiana', 1, '', 22, 596),
(2383, '2014-12-11 07:20:29', '2', '2', 1, '', 14, 596),
(2384, '2014-12-11 09:29:16', '2', 'DD', 2, 'Changed method.', 12, 597),
(2385, '2014-12-11 09:36:18', '3', '3', 1, '', 14, 597),
(2386, '2014-12-11 09:53:05', '4', '4', 1, '', 14, 597),
(2387, '2014-12-11 10:16:41', '1', 'PB 10  DA 4574', 2, 'Changed vehicle_no and vehicle_name.', 45, 597),
(2388, '2014-12-12 05:53:24', '1', '1', 1, '', 14, 595),
(2389, '2014-12-12 06:20:55', '939', 'depth 0 to 10m', 2, 'Changed name.', 10, 597),
(2390, '2014-12-12 06:22:13', '875', 'depth 0 to 10m', 2, 'Changed name.', 10, 597),
(2391, '2014-12-12 06:23:01', '333', 'Soil for Bearing Capacity', 2, 'Changed name.', 9, 597),
(2392, '2014-12-12 06:23:18', '350', 'Soil for Bearing Capacity', 2, 'Changed name.', 9, 597),
(2393, '2014-12-12 06:28:04', '2', '2', 1, '', 14, 597),
(2394, '2014-12-12 06:31:26', '333', 'Soil Testing for Bearing Capacity', 2, 'Changed name.', 9, 597),
(2395, '2014-12-12 06:31:39', '350', 'Soil Testing for Bearing Capacity', 2, 'Changed name.', 9, 597),
(2396, '2014-12-12 09:41:08', '3', '3', 1, '', 14, 597),
(2397, '2014-12-12 09:45:48', '33', 'Soil Testing for Bearing Capacity for the Const. of OHSR', 2, 'Changed name.', 9, 597),
(2398, '2014-12-12 09:45:57', '20', 'Soil Testing for Bearing Capacity for the Const. of OHSR', 2, 'Changed name.', 9, 597),
(2399, '2014-12-12 09:46:39', '33', 'Soil for Bearing Capacity for the Const. of OHSR', 2, 'Changed name.', 9, 597),
(2400, '2014-12-12 09:46:51', '20', 'Soil for Bearing Capacity for the Const. of OHSR', 2, 'Changed name.', 9, 597),
(2401, '2014-12-12 10:31:03', '1', '1', 1, '', 31, 597),
(2402, '2014-12-15 05:35:36', '1', '1', 1, '', 14, 597),
(2403, '2014-12-16 09:35:26', '1', '1', 1, '', 14, 597),
(2404, '2014-12-16 09:54:39', '1', '1', 1, '', 14, 597),
(2405, '2014-12-16 10:36:11', '1', '1', 1, '', 31, 597),
(2406, '2014-12-16 10:48:03', '1', 'Payment may be made vide D.D./Cash/Online in favour of Director/Principal, Guru Nanak Dev Engg. College, Ludhiana.', 2, 'Changed note.', 51, 597),
(2407, '2014-12-16 10:48:30', '3', 'Cheque', 1, '', 12, 597),
(2408, '2014-12-16 10:48:37', '4', 'RTGS', 1, '', 12, 597),
(2409, '2014-12-17 08:22:56', '237', 'Six Weeks Training(TCC)', 3, '', 9, 595);
INSERT INTO `django_admin_log` (`id`, `action_time`, `object_id`, `object_repr`, `action_flag`, `change_message`, `content_type_id`, `user_id`) VALUES
(2410, '2014-12-17 09:15:47', '1', 'No/s', 1, '', 56, 595),
(2411, '2014-12-17 09:15:59', '131', 'Design For OHSR', 2, 'Changed unit.', 9, 595),
(2412, '2014-12-17 09:16:05', '132', 'Design For OHSR', 2, 'Changed unit.', 9, 595),
(2413, '2014-12-18 04:02:25', '63', 'Penetration Number', 2, 'Changed unit.', 9, 595),
(2414, '2014-12-18 04:02:31', '64', 'Penetration Number', 2, 'Changed unit.', 9, 595),
(2415, '2014-12-18 04:03:23', '330', 'PVC Wires', 2, 'Changed unit.', 9, 595),
(2416, '2014-12-18 04:03:28', '331', 'PVC Wires', 2, 'Changed unit.', 9, 595),
(2417, '2014-12-18 04:03:56', '318', 'Soil Resistivity Test', 2, 'Changed unit.', 9, 595),
(2418, '2014-12-18 04:04:01', '319', 'Soil Resistivity Test', 2, 'Changed unit.', 9, 595),
(2419, '2014-12-18 04:04:40', '241', 'Antenna and Microwave devices', 2, 'Changed unit.', 9, 595),
(2420, '2014-12-18 04:04:44', '242', 'Antenna and Microwave devices', 2, 'Changed unit.', 9, 595),
(2421, '2014-12-18 04:06:13', '342', 'Training (External)', 2, 'Changed unit.', 9, 595),
(2422, '2014-12-18 04:06:18', '343', 'Training (Internal)', 2, 'Changed unit.', 9, 595),
(2423, '2014-12-18 04:06:22', '320', 'Training to Local Govt. Officers', 2, 'Changed unit.', 9, 595),
(2424, '2014-12-18 04:06:27', '321', 'Training to Local Govt. Officers', 2, 'Changed unit.', 9, 595),
(2425, '2014-12-18 04:06:32', '324', 'Training to Local Govt. Officers', 2, 'Changed unit.', 9, 595),
(2426, '2014-12-18 04:06:37', '325', 'Training to Local Govt. Officers', 2, 'Changed unit.', 9, 595),
(2427, '2014-12-18 04:07:37', '323', 'Training to Local Govt. Officers', 2, 'Changed unit.', 9, 595),
(2428, '2014-12-18 04:07:50', '322', 'Training to Local Govt. Officers', 2, 'Changed unit.', 9, 595),
(2429, '2014-12-18 04:08:20', '341', 'Training (External)', 2, 'Changed unit.', 9, 595),
(2430, '2014-12-18 04:08:24', '340', 'Training (Internal)', 2, 'Changed unit.', 9, 595),
(2431, '2014-12-18 04:08:29', '345', 'Training (External)', 2, 'Changed unit.', 9, 595),
(2432, '2014-12-18 04:08:35', '344', 'Training (Internal)', 2, 'Changed unit.', 9, 595),
(2433, '2014-12-18 04:08:41', '348', 'Training (External)', 2, 'Changed unit.', 9, 595),
(2434, '2014-12-18 04:08:46', '347', 'Training (Internal)', 2, 'Changed unit.', 9, 595),
(2435, '2014-12-18 04:09:48', '313', 'Hydraulic Design', 2, 'Changed unit.', 9, 595),
(2436, '2014-12-18 04:09:53', '314', 'Hydraulic Design', 2, 'Changed unit.', 9, 595),
(2437, '2014-12-18 04:10:30', '314', 'Hydraulic Design', 2, 'No fields changed.', 9, 595),
(2438, '2014-12-18 04:11:19', '314', 'Hydraulic Design', 2, 'No fields changed.', 9, 595),
(2439, '2014-12-18 04:12:25', '275', 'Preparation of status report of Batteries', 2, 'Changed unit.', 9, 595),
(2440, '2014-12-18 04:12:29', '276', 'Preparation of status report of Batteries', 2, 'Changed unit.', 9, 595),
(2441, '2014-12-18 04:13:30', '223', 'Bankelman Beam', 2, 'Changed unit.', 9, 595),
(2442, '2014-12-18 04:13:35', '225', 'Bankelman Beam', 2, 'Changed unit.', 9, 595),
(2443, '2014-12-18 04:14:01', '224', 'Pile Load Test', 2, 'Changed unit.', 9, 595),
(2444, '2014-12-18 04:14:06', '226', 'Pile Load Test', 2, 'Changed unit.', 9, 595),
(2445, '2014-12-18 04:14:34', '287', 'Field Visit', 2, 'Changed unit.', 9, 595),
(2446, '2014-12-18 04:15:08', '306', 'Job Mix Formula', 2, 'Changed unit.', 9, 595),
(2447, '2014-12-18 04:15:13', '307', 'Job Mix Formula', 2, 'Changed unit.', 9, 595),
(2448, '2014-12-18 04:16:02', '33', 'Soil for construction of OHSR', 2, 'Changed name and unit.', 9, 595),
(2449, '2014-12-18 04:16:09', '20', 'Soil for construction of OHSR', 2, 'Changed name and unit.', 9, 595),
(2450, '2014-12-18 04:18:01', '308', 'Slope Stability Analysis', 2, 'Changed unit.', 9, 595),
(2451, '2014-12-18 04:18:05', '309', 'Slope Stability Analysis', 2, 'Changed unit.', 9, 595),
(2452, '2014-12-18 04:18:30', '333', 'Soil for BC', 2, 'No fields changed.', 9, 595),
(2453, '2014-12-18 04:18:41', '333', 'Soil for BC', 2, 'Changed unit.', 9, 595),
(2454, '2014-12-18 04:19:08', '249', 'Uniformity Coefficient', 2, 'Changed unit.', 9, 595),
(2455, '2014-12-18 04:19:12', '250', 'Uniformity Coefficient', 2, 'Changed unit.', 9, 595),
(2456, '2014-12-18 04:19:51', '288', 'Plate Load Test', 2, 'Changed unit.', 9, 595),
(2457, '2014-12-18 04:19:55', '289', 'Plate Load Test', 2, 'Changed unit.', 9, 595),
(2458, '2014-12-18 04:20:54', '260', 'M.S.Plate', 2, 'Changed unit.', 9, 595),
(2459, '2014-12-18 04:20:59', '259', 'M.S.Plate', 2, 'Changed unit.', 9, 595),
(2460, '2014-12-18 04:21:48', '94', 'Mix Design with Fly Ash M 10', 2, 'Changed unit.', 9, 595),
(2461, '2014-12-18 04:21:53', '93', 'Mix Design with Fly Ash M 15', 2, 'Changed unit.', 9, 595),
(2462, '2014-12-18 04:21:57', '95', 'Mix Design with Fly Ash M 20', 2, 'Changed unit.', 9, 595),
(2463, '2014-12-18 04:22:01', '96', 'Mix Design with Fly Ash M 25', 2, 'Changed unit.', 9, 595),
(2464, '2014-12-18 04:22:05', '98', 'Mix Design with Fly Ash M 30', 2, 'Changed unit.', 9, 595),
(2465, '2014-12-18 04:22:11', '99', 'Mix Design with Fly Ash M 35', 2, 'Changed unit.', 9, 595),
(2466, '2014-12-18 04:22:14', '100', 'Mix Design with Fly Ash M 40', 2, 'Changed unit.', 9, 595),
(2467, '2014-12-18 04:22:18', '243', 'Mix Design with Fly Ash M 7.5', 2, 'Changed unit.', 9, 595),
(2468, '2014-12-18 04:22:23', '102', 'Mix Design without Fly Ash M 10', 2, 'Changed unit.', 9, 595),
(2469, '2014-12-18 04:22:27', '103', 'Mix Design without Fly Ash M 15', 2, 'Changed unit.', 9, 595),
(2470, '2014-12-18 04:22:31', '105', 'Mix Design without Fly Ash M 20', 2, 'Changed unit.', 9, 595),
(2471, '2014-12-18 04:22:36', '106', 'Mix Design without Fly Ash M 25', 2, 'Changed unit.', 9, 595),
(2472, '2014-12-18 04:22:55', '107', 'Mix Design without Fly Ash M 30', 2, 'Changed unit.', 9, 595),
(2473, '2014-12-18 04:22:59', '108', 'Mix Design without Fly Ash M 35', 2, 'Changed unit.', 9, 595),
(2474, '2014-12-18 04:23:03', '109', 'Mix Design without Fly Ash M 40', 2, 'Changed unit.', 9, 595),
(2475, '2014-12-18 04:23:07', '245', 'Mix Design without Fly Ash M 7.5', 2, 'Changed unit.', 9, 595),
(2476, '2014-12-18 04:23:11', '111', 'Mix Design with Fly Ash M 10', 2, 'Changed unit.', 9, 595),
(2477, '2014-12-18 04:23:15', '112', 'Mix Design with Fly Ash M 15', 2, 'Changed unit.', 9, 595),
(2478, '2014-12-18 04:23:19', '113', 'Mix Design with Fly Ash M 20', 2, 'Changed unit.', 9, 595),
(2479, '2014-12-18 04:23:24', '114', 'Mix Design with Fly Ash M 25', 2, 'Changed unit.', 9, 595),
(2480, '2014-12-18 04:24:06', '115', 'Mix Design with Fly Ash M 30', 2, 'Changed unit.', 9, 595),
(2481, '2014-12-18 04:24:12', '116', 'Mix Design with Fly Ash M 35', 2, 'Changed unit.', 9, 595),
(2482, '2014-12-18 04:24:16', '117', 'Mix Design with Fly Ash M 40', 2, 'Changed unit.', 9, 595),
(2483, '2014-12-18 04:24:20', '244', 'Mix Design with Fly Ash M 7.5', 2, 'Changed unit.', 9, 595),
(2484, '2014-12-18 04:24:25', '119', 'Mix Design without Fly Ash M 10', 2, 'Changed unit.', 9, 595),
(2485, '2014-12-18 04:24:28', '120', 'Mix Design without Fly Ash M 15', 2, 'Changed unit.', 9, 595),
(2486, '2014-12-18 04:24:33', '121', 'Mix Design without Fly Ash M 20', 2, 'Changed unit.', 9, 595),
(2487, '2014-12-18 04:24:37', '122', 'Mix Design without Fly Ash M 25', 2, 'Changed unit.', 9, 595),
(2488, '2014-12-18 04:24:42', '123', 'Mix Design without Fly Ash M 30', 2, 'Changed unit.', 9, 595),
(2489, '2014-12-18 04:24:47', '124', 'Mix Design without Fly Ash M 35', 2, 'Changed unit.', 9, 595),
(2490, '2014-12-18 04:24:51', '125', 'Mix Design without Fly Ash M 40', 2, 'Changed unit.', 9, 595),
(2491, '2014-12-18 04:24:56', '246', 'Mix Design without Fly Ash M 7.5', 2, 'Changed unit.', 9, 595),
(2492, '2014-12-18 04:26:22', '73', 'Rebound Hammer', 2, 'Changed unit.', 9, 595),
(2493, '2014-12-18 04:26:27', '74', 'Rebound Hammer', 2, 'Changed unit.', 9, 595),
(2494, '2014-12-18 04:27:11', '89', 'Ultrasonic', 2, 'Changed unit.', 9, 595),
(2495, '2014-12-18 04:27:18', '90', 'Ultrasonic', 2, 'Changed unit.', 9, 595),
(2496, '2014-12-18 04:31:50', '267', 'Checking of Revised Drawing', 2, 'Changed unit.', 9, 595),
(2497, '2014-12-18 04:31:55', '268', 'Checking of Revised Drawing', 2, 'Changed unit.', 9, 595),
(2498, '2014-12-18 04:32:33', '269', 'Design For Bridge', 2, 'Changed unit.', 9, 595),
(2499, '2014-12-18 04:32:37', '270', 'Design For Bridge', 2, 'Changed unit.', 9, 595),
(2500, '2014-12-18 04:34:53', '271', 'Estimate', 2, 'Changed unit.', 9, 595),
(2501, '2014-12-18 04:34:57', '272', 'Estimate', 2, 'Changed unit.', 9, 595),
(2502, '2014-12-18 04:35:23', '46', 'Preparation Of Contour Map', 2, 'Changed unit.', 9, 595),
(2503, '2014-12-18 04:35:27', '128', 'Preparation Of Contour Map', 2, 'Changed unit.', 9, 595),
(2504, '2014-12-18 04:38:03', '346', 'Testing And Consultancy Cell', 2, 'Changed unit.', 9, 595),
(2505, '2014-12-18 04:41:07', '961', 'Design for OHSR', 1, '', 10, 595),
(2506, '2014-12-18 04:41:22', '962', 'Design for OHSR', 1, '', 10, 595),
(2507, '2014-12-18 04:42:10', '754', 'Checking of Revised Drawing', 2, 'Changed price_per_unit.', 10, 595),
(2508, '2014-12-18 04:43:33', '757', 'Design For Bridge', 2, 'Changed price_per_unit.', 10, 595),
(2509, '2014-12-18 04:43:38', '756', 'Design For Bridge', 2, 'Changed price_per_unit.', 10, 595),
(2510, '2014-12-18 04:44:03', '759', 'Estimate', 2, 'Changed price_per_unit.', 10, 595),
(2511, '2014-12-18 04:44:08', '758', 'Estimate', 2, 'Changed price_per_unit.', 10, 595),
(2512, '2014-12-18 04:44:25', '954', 'Evaluation of Rough Cost Estimate prepared by B & R', 2, 'Changed price_per_unit.', 10, 595),
(2513, '2014-12-18 04:44:29', '953', 'Evaluation of Rough Cost Estimate prepared by B & R', 2, 'Changed price_per_unit.', 10, 595),
(2514, '2014-12-18 04:45:03', '755', 'Checking of Revised Drawing', 2, 'Changed price_per_unit.', 10, 595),
(2515, '2014-12-18 04:46:45', '1', '1', 1, '', 14, 595),
(2516, '2014-12-19 04:14:52', '2', '2', 1, '', 14, 595),
(2517, '2014-12-19 04:15:52', '3', '3', 1, '', 14, 595),
(2518, '2014-12-19 04:17:03', '353', 'Applied Science: Lab Work', 2, 'Changed name.', 9, 595),
(2519, '2014-12-19 04:17:43', '4', '4', 1, '', 14, 595),
(2520, '2014-12-19 04:19:17', '5', '5', 1, '', 14, 595),
(2521, '2014-12-19 04:20:18', '6', '6', 1, '', 14, 595),
(2522, '2014-12-19 04:21:27', '7', '7', 1, '', 14, 595),
(2523, '2014-12-19 04:22:45', '8', '8', 1, '', 14, 595),
(2524, '2014-12-19 04:41:19', '47', 'Testing of Cement Concrete', 2, 'Changed name.', 9, 595),
(2525, '2014-12-19 04:41:32', '42', 'Testing of Cement Mortar', 2, 'Changed name.', 9, 595),
(2526, '2014-12-19 04:41:41', '48', 'Testing of Cement Concrete', 2, 'Changed name.', 9, 595),
(2527, '2014-12-19 04:41:51', '45', 'Testing of Cement Mortar', 2, 'Changed name.', 9, 595),
(2528, '2014-12-19 04:42:55', '164', 'Testing of Coarse Aggregates 10mm', 2, 'Changed name.', 9, 595),
(2529, '2014-12-19 04:43:01', '166', 'Testing of Coarse Aggregates 20mm', 2, 'Changed name.', 9, 595),
(2530, '2014-12-19 04:43:09', '168', 'Testing of Coarse Aggregates 40mm', 2, 'Changed name.', 9, 595),
(2531, '2014-12-19 04:43:14', '165', 'Testing of Coarse Aggregates 10mm', 2, 'Changed name.', 9, 595),
(2532, '2014-12-19 04:43:24', '167', 'Testing of Coarse Aggregates 20mm', 2, 'Changed name.', 9, 595),
(2533, '2014-12-19 04:43:30', '169', 'Testing of Coarse Aggregates 40mm', 2, 'Changed name.', 9, 595),
(2534, '2014-12-19 04:43:53', '217', 'Testing of Coarse Aggregates 10mm', 2, 'Changed name.', 9, 595),
(2535, '2014-12-19 04:43:59', '218', 'Testing of Coarse Aggregates 20mm', 2, 'Changed name.', 9, 595),
(2536, '2014-12-19 04:44:05', '219', 'Testing of Coarse Aggregates 40mm', 2, 'Changed name.', 9, 595),
(2537, '2014-12-19 04:44:10', '220', 'Testing of Coarse Aggregates 10mm', 2, 'Changed name.', 9, 595),
(2538, '2014-12-19 04:44:16', '221', 'Testing of Coarse Aggregates 20mm', 2, 'Changed name.', 9, 595),
(2539, '2014-12-19 04:44:21', '222', 'Testing of Coarse Aggregates 40mm', 2, 'Changed name.', 9, 595),
(2540, '2014-12-19 04:45:05', '174', 'Testing of Fine Aggregates', 2, 'Changed name.', 9, 595),
(2541, '2014-12-19 04:45:09', '173', 'Testing of Fine Aggregates', 2, 'Changed name.', 9, 595),
(2542, '2014-12-19 04:45:45', '63', 'Testing of Penetration Number', 2, 'Changed name.', 9, 595),
(2543, '2014-12-19 04:45:50', '64', 'Testing of Penetration Number', 2, 'Changed name.', 9, 595),
(2544, '2014-12-19 04:47:06', '330', 'Testing of PVC Wires', 2, 'Changed name.', 9, 595),
(2545, '2014-12-19 04:47:12', '331', 'Testing of PVC Wires', 2, 'Changed name.', 9, 595),
(2546, '2014-12-19 04:48:07', '318', 'Testing of Soil Resistivity', 2, 'Changed name.', 9, 595),
(2547, '2014-12-19 04:48:15', '319', 'Testing of Soil Resistivity', 2, 'Changed name.', 9, 595),
(2548, '2014-12-19 04:50:07', '241', 'Preparation of Antenna and Microwave devices', 2, 'Changed name.', 9, 595),
(2549, '2014-12-19 04:50:15', '242', 'Preparation of Antenna and Microwave devices', 2, 'Changed name.', 9, 595),
(2550, '2014-12-19 04:53:51', '334', 'Checking of Concrete Ratio', 2, 'Changed name.', 9, 595),
(2551, '2014-12-19 04:54:00', '335', 'Checking of Concrete Ratio', 2, 'Changed name.', 9, 595),
(2552, '2014-12-19 04:55:49', '314', 'Preparation/Checking of Hydraulic Design', 2, 'Changed name.', 9, 595),
(2553, '2014-12-19 04:55:55', '313', 'Preparation/Checking of Hydraulic Design', 2, 'Changed name.', 9, 595),
(2554, '2014-12-19 04:57:23', '23', 'Testing of Raw Water', 2, 'Changed name.', 9, 595),
(2555, '2014-12-19 04:57:28', '22', 'Testing of Sewage Water', 2, 'Changed name.', 9, 595),
(2556, '2014-12-19 04:57:32', '21', 'Testing of Water', 2, 'Changed name.', 9, 595),
(2557, '2014-12-19 04:57:37', '24', 'Testing of Water (C.P)', 2, 'Changed name.', 9, 595),
(2558, '2014-12-19 04:57:41', '350', 'Testing of Water (Construction and Drinking)', 2, 'Changed name.', 9, 595),
(2559, '2014-12-19 04:57:45', '26', 'Testing of Water (D.P)', 2, 'Changed name.', 9, 595),
(2560, '2014-12-19 04:57:50', '16', 'Testing of Raw Water', 2, 'Changed name.', 9, 595),
(2561, '2014-12-19 04:57:55', '14', 'Testing of Sewage Water', 2, 'Changed name.', 9, 595),
(2562, '2014-12-19 04:57:59', '13', 'Testing of Water', 2, 'Changed name.', 9, 595),
(2563, '2014-12-19 04:58:04', '17', 'Testing of Water (C.P)', 2, 'Changed name.', 9, 595),
(2564, '2014-12-19 04:58:08', '351', 'Testing of Water (Construction and Drinking)', 2, 'Changed name.', 9, 595),
(2565, '2014-12-19 04:58:13', '19', 'Testing of Water (D.P)', 2, 'Changed name.', 9, 595),
(2566, '2014-12-19 04:59:29', '273', 'Testing of Soil Sample/s for Chemical tests', 2, 'Changed name.', 9, 595),
(2567, '2014-12-19 04:59:35', '274', 'Testing of Soil Sample/s for Chemical tests', 2, 'Changed name.', 9, 595),
(2568, '2014-12-19 05:00:23', '338', 'Testing of Fine Aggregates/Coarse Aggregates', 2, 'Changed name.', 9, 595),
(2569, '2014-12-19 05:00:27', '339', 'Testing of Fine Aggregates/Coarse Aggregates', 2, 'Changed name.', 9, 595),
(2570, '2014-12-19 05:00:31', '232', 'Testing of Fine Aggregates/Coarse Sand', 2, 'Changed name.', 9, 595),
(2571, '2014-12-19 05:00:36', '156', 'Testing of Fine Aggregates/Coarse Sand', 2, 'Changed name.', 9, 595),
(2572, '2014-12-19 05:03:18', '300', 'Testing of Bajri', 2, 'Changed name.', 9, 595),
(2573, '2014-12-19 05:03:24', '304', 'Testing of Ballast Material', 2, 'Changed name.', 9, 595),
(2574, '2014-12-19 05:03:28', '223', 'Testing of Bankelman Beam', 2, 'Changed name.', 9, 595),
(2575, '2014-12-19 05:03:34', '290', 'Testing of Bentonite', 2, 'Changed name.', 9, 595),
(2576, '2014-12-19 05:03:39', '281', 'Testing of Bitumen content', 2, 'Changed name.', 9, 595),
(2577, '2014-12-19 05:03:44', '253', 'Testing of Blanketing Materials', 2, 'Changed name.', 9, 595),
(2578, '2014-12-19 05:03:48', '255', 'Testing of BM', 2, 'Changed name.', 9, 595),
(2579, '2014-12-19 05:03:53', '137', 'Testing of BM/PC', 2, 'Changed name.', 9, 595),
(2580, '2014-12-19 05:04:07', '261', 'Testing of PC', 2, 'Changed name.', 9, 595),
(2581, '2014-12-19 05:04:20', '224', 'Testing of Pile Load Test', 2, 'Changed name.', 9, 595),
(2582, '2014-12-19 05:04:25', '263', 'Testing of DBM', 2, 'Changed name.', 9, 595),
(2583, '2014-12-19 05:05:41', '224', 'Testing of Pile Load', 2, 'Changed name.', 9, 595),
(2584, '2014-12-19 05:06:22', '265', 'Testing of GSB Material', 2, 'Changed name.', 9, 595),
(2585, '2014-12-19 05:06:54', '266', 'Testing of GSB Material', 2, 'Changed name.', 9, 595),
(2586, '2014-12-19 05:07:35', '306', 'Preparation of Job Mix Formula', 2, 'Changed name.', 9, 595),
(2587, '2014-12-19 05:07:39', '307', 'Preparation of Job Mix Formula', 2, 'Changed name.', 9, 595),
(2588, '2014-12-19 05:08:11', '33', 'Testing of Soil for construction of OHSR', 2, 'Changed name.', 9, 595),
(2589, '2014-12-19 05:08:16', '20', 'Testing of Soil for construction of OHSR', 2, 'Changed name.', 9, 595),
(2590, '2014-12-19 05:11:57', '231', 'Testing of Sand Sample/s', 2, 'Changed name.', 9, 595),
(2591, '2014-12-19 05:12:02', '154', 'Testing of Sand Sample/s', 2, 'Changed name.', 9, 595),
(2592, '2014-12-19 05:19:23', '257', 'Testing of SDBC', 2, 'Changed name.', 9, 595),
(2593, '2014-12-19 05:19:27', '258', 'Testing of SDBC', 2, 'Changed name.', 9, 595),
(2594, '2014-12-19 05:20:44', '333', 'Testing of Soil for Bitument Content', 2, 'Changed name.', 9, 595),
(2595, '2014-12-19 05:21:25', '364', 'Testing of Soil for Bitument Content', 1, '', 9, 595),
(2596, '2014-12-19 05:22:04', '310', 'Testing of Soil Samples from Sites', 2, 'Changed name.', 9, 595),
(2597, '2014-12-19 05:22:36', '294', 'Testing of Stone Aggregates', 2, 'Changed name.', 9, 595),
(2598, '2014-12-19 05:22:42', '295', 'Testing of Stone Aggregates', 2, 'Changed name.', 9, 595),
(2599, '2014-12-19 05:23:38', '251', 'Testing of The Coefficient of Curvature', 2, 'Changed name.', 9, 595),
(2600, '2014-12-19 05:23:43', '252', 'Testing of The Coefficient of Curvature', 2, 'Changed name.', 9, 595),
(2601, '2014-12-19 05:24:03', '249', 'Testing of Uniformity Coefficient', 2, 'Changed name.', 9, 595),
(2602, '2014-12-19 05:24:07', '250', 'Testing of Uniformity Coefficient', 2, 'Changed name.', 9, 595),
(2603, '2014-12-19 05:24:29', '311', 'Testing of WBM', 2, 'Changed name.', 9, 595),
(2604, '2014-12-19 05:24:33', '312', 'Testing of WBM', 2, 'Changed name.', 9, 595),
(2605, '2014-12-19 05:24:49', '296', 'Testing of WMM', 2, 'Changed name.', 9, 595),
(2606, '2014-12-19 05:24:53', '297', 'Testing of WMM', 2, 'Changed name.', 9, 595),
(2607, '2014-12-19 05:25:26', '301', 'Testing of Bajri', 2, 'Changed name.', 9, 595),
(2608, '2014-12-19 05:26:46', '305', 'Testing of Ballast Material', 2, 'Changed name.', 9, 595),
(2609, '2014-12-19 05:26:52', '225', 'Testing of Bankelman Beam', 2, 'Changed name.', 9, 595),
(2610, '2014-12-19 05:26:57', '291', 'Testing of Bentonite', 2, 'Changed name.', 9, 595),
(2611, '2014-12-19 05:27:02', '282', 'Testing of Bitumen content', 2, 'Changed name.', 9, 595),
(2612, '2014-12-19 05:27:07', '254', 'Testing of Blanketing Materials', 2, 'Changed name.', 9, 595),
(2613, '2014-12-19 05:27:12', '256', 'Testing of BM', 2, 'Changed name.', 9, 595),
(2614, '2014-12-19 05:27:17', '138', 'Testing of BM/PC', 2, 'Changed name.', 9, 595),
(2615, '2014-12-19 05:27:21', '262', 'Testing of PC', 2, 'Changed name.', 9, 595),
(2616, '2014-12-19 05:27:26', '264', 'Testing of DBM', 2, 'Changed name.', 9, 595),
(2617, '2014-12-19 05:27:53', '15', 'Testing of Soil Sample/s', 2, 'Changed name.', 9, 595),
(2618, '2014-12-19 05:30:11', '302', 'Testing of 4 mm M.S. Wire', 2, 'Changed name.', 9, 595),
(2619, '2014-12-19 05:30:17', '139', 'Testing of Admixture', 2, 'Changed name.', 9, 595),
(2620, '2014-12-19 05:30:22', '71', 'Testing of Wood', 2, 'Changed name.', 9, 595),
(2621, '2014-12-19 05:30:26', '81', 'Testing of Angle', 2, 'Changed name.', 9, 595),
(2622, '2014-12-19 05:30:30', '75', 'Testing of Barbed Wire', 2, 'Changed name.', 9, 595),
(2623, '2014-12-19 05:30:34', '69', 'Testing of Brick', 2, 'Changed name.', 9, 595),
(2624, '2014-12-19 05:30:39', '147', 'Testing of Cement (Physical Test)', 2, 'Changed name.', 9, 595),
(2625, '2014-12-19 05:30:44', '292', 'Testing of Ceramic Glazed Tiles', 2, 'Changed name.', 9, 595),
(2626, '2014-12-19 05:30:49', '126', 'Testing of Concrete Core Cutting/Testing', 2, 'Changed name.', 9, 595),
(2627, '2014-12-19 05:30:54', '87', 'Testing of Concrete Pavers', 2, 'Changed name.', 9, 595),
(2628, '2014-12-19 05:30:59', '32', 'Testing of Cubes', 2, 'Changed name.', 9, 595),
(2629, '2014-12-19 05:31:07', '83', 'Testing of Flats', 2, 'Changed name.', 9, 595),
(2630, '2014-12-19 05:31:13', '77', 'Testing of Hing Tension', 2, 'Changed name.', 9, 595),
(2631, '2014-12-19 05:31:18', '285', 'Testing of Hollow Block', 2, 'Changed name.', 9, 595),
(2632, '2014-12-19 05:31:24', '336', 'Testing of Karb', 2, 'Changed name.', 9, 595),
(2633, '2014-12-19 05:31:30', '277', 'Testing of Kerb Stone', 2, 'Changed name.', 9, 595),
(2634, '2014-12-19 05:31:36', '259', 'Testing of M.S.Plate', 2, 'Changed name.', 9, 595),
(2635, '2014-12-19 05:33:07', '94', 'Preparation of Mix Design with Fly Ash M 10', 2, 'Changed name.', 9, 595),
(2636, '2014-12-19 05:33:39', '93', 'Preparation of Mix Design with Fly Ash M 15', 2, 'Changed name.', 9, 595),
(2637, '2014-12-19 05:33:44', '95', 'Preparation of Mix Design with Fly Ash M 20', 2, 'Changed name.', 9, 595),
(2638, '2014-12-19 05:33:50', '96', 'Preparation of Mix Design with Fly Ash M 25', 2, 'Changed name.', 9, 595),
(2639, '2014-12-19 05:33:55', '98', 'Preparation of Mix Design with Fly Ash M 30', 2, 'Changed name.', 9, 595),
(2640, '2014-12-19 05:34:00', '99', 'Preparation of Mix Design with Fly Ash M 35', 2, 'Changed name.', 9, 595),
(2641, '2014-12-19 05:34:04', '100', 'Preparation of Mix Design with Fly Ash M 40', 2, 'Changed name.', 9, 595),
(2642, '2014-12-19 05:34:08', '243', 'Preparation of Mix Design with Fly Ash M 7.5', 2, 'Changed name.', 9, 595),
(2643, '2014-12-19 05:34:12', '102', 'Preparation of Mix Design without Fly Ash M 10', 2, 'Changed name.', 9, 595),
(2644, '2014-12-19 05:34:17', '103', 'Preparation of Mix Design without Fly Ash M 15', 2, 'Changed name.', 9, 595),
(2645, '2014-12-19 05:34:21', '105', 'Preparation of Mix Design without Fly Ash M 20', 2, 'Changed name.', 9, 595),
(2646, '2014-12-19 05:34:25', '106', 'Preparation of Mix Design without Fly Ash M 25', 2, 'Changed name.', 9, 595),
(2647, '2014-12-19 05:34:30', '107', 'Preparation of Mix Design without Fly Ash M 30', 2, 'Changed name.', 9, 595),
(2648, '2014-12-19 05:34:35', '108', 'Preparation of Mix Design without Fly Ash M 35', 2, 'Changed name.', 9, 595),
(2649, '2014-12-19 05:34:40', '109', 'Preparation of Mix Design without Fly Ash M 40', 2, 'Changed name.', 9, 595),
(2650, '2014-12-19 05:35:23', '283', 'Testing of MS Rod', 2, 'Changed name.', 9, 595),
(2651, '2014-12-19 05:35:28', '284', 'Testing of MS Rod', 2, 'Changed name.', 9, 595),
(2652, '2014-12-19 05:35:51', '73', 'Testing of Rebound Hammer', 2, 'Changed name.', 9, 595),
(2653, '2014-12-19 05:36:05', '73', 'Rebound Hammer Test', 2, 'Changed name.', 9, 595),
(2654, '2014-12-19 05:36:11', '74', 'Rebound Hammer Test', 2, 'Changed name.', 9, 595),
(2655, '2014-12-19 05:37:13', '279', 'Testing of Stainless Steel', 2, 'Changed name.', 9, 595),
(2656, '2014-12-19 05:37:18', '298', 'Testing of Steel (Chemical)', 2, 'Changed name.', 9, 595),
(2657, '2014-12-19 05:37:22', '202', 'Testing of Steel 10mm', 2, 'Changed name.', 9, 595),
(2658, '2014-12-19 05:37:26', '203', 'Testing of Steel 12mm', 2, 'Changed name.', 9, 595),
(2659, '2014-12-19 05:37:30', '204', 'Testing of Steel 16mm', 2, 'Changed name.', 9, 595),
(2660, '2014-12-19 05:37:35', '205', 'Testing of Steel 20mm', 2, 'Changed name.', 9, 595),
(2661, '2014-12-19 05:37:40', '206', 'Testing of Steel 25mm', 2, 'Changed name.', 9, 595),
(2662, '2014-12-19 05:37:44', '207', 'Testing of Steel 32mm', 2, 'Changed name.', 9, 595),
(2663, '2014-12-19 05:37:48', '208', 'Testing of Steel 40mm', 2, 'Changed name.', 9, 595),
(2664, '2014-12-19 05:37:52', '201', 'Testing of Steel 8mm', 2, 'Changed name.', 9, 595),
(2665, '2014-12-19 05:37:57', '79', 'Testing of Structural Steel', 2, 'Changed name.', 9, 595),
(2666, '2014-12-19 05:38:03', '280', 'Testing of Stainless Steel', 2, 'Changed name.', 9, 595),
(2667, '2014-12-19 05:38:07', '299', 'Testing of Steel (Chemical)', 2, 'Changed name.', 9, 595),
(2668, '2014-12-19 05:38:11', '210', 'Testing of Steel 10mm', 2, 'Changed name.', 9, 595),
(2669, '2014-12-19 05:38:15', '211', 'Testing of Steel 12mm', 2, 'Changed name.', 9, 595),
(2670, '2014-12-19 05:38:20', '212', 'Testing of Steel 16mm', 2, 'Changed name.', 9, 595),
(2671, '2014-12-19 05:38:58', '213', 'Testing of Steel 20mm', 2, 'Changed name.', 9, 595),
(2672, '2014-12-19 05:39:02', '214', 'Testing of Steel 25mm', 2, 'Changed name.', 9, 595),
(2673, '2014-12-19 05:39:07', '215', 'Testing of Steel 32mm', 2, 'Changed name.', 9, 595),
(2674, '2014-12-19 05:39:11', '216', 'Testing of Steel 40mm', 2, 'Changed name.', 9, 595),
(2675, '2014-12-19 05:39:15', '209', 'Testing of Steel 8mm', 2, 'Changed name.', 9, 595),
(2676, '2014-12-19 05:39:21', '80', 'Testing of Structural Steel', 2, 'Changed name.', 9, 595),
(2677, '2014-12-19 05:40:44', '245', 'Preparation of Mix Design without Fly Ash M 7.5', 2, 'Changed name.', 9, 595),
(2678, '2014-12-19 05:40:49', '111', 'Preparation of Mix Design with Fly Ash M 10', 2, 'Changed name.', 9, 595),
(2679, '2014-12-19 05:40:55', '112', 'Preparation of Mix Design with Fly Ash M 15', 2, 'Changed name.', 9, 595),
(2680, '2014-12-19 05:41:00', '113', 'Preparation of Mix Design with Fly Ash M 20', 2, 'Changed name.', 9, 595),
(2681, '2014-12-19 05:41:05', '114', 'Preparation of Mix Design with Fly Ash M 25', 2, 'Changed name.', 9, 595),
(2682, '2014-12-19 05:41:10', '115', 'Preparation of Mix Design with Fly Ash M 30', 2, 'Changed name.', 9, 595),
(2683, '2014-12-19 05:41:14', '116', 'Preparation of Mix Design with Fly Ash M 35', 2, 'Changed name.', 9, 595),
(2684, '2014-12-19 05:41:19', '117', 'Preparation of Mix Design with Fly Ash M 40', 2, 'Changed name.', 9, 595),
(2685, '2014-12-19 05:41:24', '244', 'Preparation of Mix Design with Fly Ash M 7.5', 2, 'Changed name.', 9, 595),
(2686, '2014-12-19 05:41:29', '119', 'Preparation of Mix Design without Fly Ash M 10', 2, 'Changed name.', 9, 595),
(2687, '2014-12-19 05:41:33', '120', 'Preparation of Mix Design without Fly Ash M 15', 2, 'Changed name.', 9, 595),
(2688, '2014-12-19 05:41:39', '121', 'Preparation of Mix Design without Fly Ash M 20', 2, 'Changed name.', 9, 595),
(2689, '2014-12-19 05:41:43', '122', 'Preparation of Mix Design without Fly Ash M 25', 2, 'Changed name.', 9, 595),
(2690, '2014-12-19 05:41:48', '123', 'Preparation of Mix Design without Fly Ash M 30', 2, 'Changed name.', 9, 595),
(2691, '2014-12-19 05:41:52', '124', 'Preparation of Mix Design without Fly Ash M 35', 2, 'Changed name.', 9, 595),
(2692, '2014-12-19 05:41:56', '125', 'Preparation of Mix Design without Fly Ash M 40', 2, 'Changed name.', 9, 595),
(2693, '2014-12-19 05:42:01', '246', 'Preparation of Mix Design without Fly Ash M 7.5', 2, 'Changed name.', 9, 595),
(2694, '2014-12-19 05:43:04', '85', 'Testing of Tees Channel', 2, 'Changed name.', 9, 595),
(2695, '2014-12-19 05:43:08', '86', 'Testing of Tees Channel', 2, 'Changed name.', 9, 595),
(2696, '2014-12-19 05:43:40', '247', 'Testing of Tiles', 2, 'Changed name.', 9, 595),
(2697, '2014-12-19 05:43:45', '293', 'Testing of Ceramic Glazed Tiles', 2, 'Changed name.', 9, 595),
(2698, '2014-12-19 05:43:49', '248', 'Testing of Tiles', 2, 'Changed name.', 9, 595),
(2699, '2014-12-19 05:44:25', '89', 'Ultrasonic Test', 2, 'Changed name.', 9, 595),
(2700, '2014-12-19 05:44:33', '90', 'Ultrasonic Test', 2, 'Changed name.', 9, 595),
(2701, '2014-12-19 05:46:16', '303', 'Testing of 4 mm M.S. Wire', 2, 'Changed name.', 9, 595),
(2702, '2014-12-19 05:46:21', '140', 'Testing of Admixture', 2, 'Changed name.', 9, 595),
(2703, '2014-12-19 05:46:25', '72', 'Testing of Wood', 2, 'Changed name.', 9, 595),
(2704, '2014-12-19 05:46:30', '82', 'Testing of Angle', 2, 'Changed name.', 9, 595),
(2705, '2014-12-19 05:46:34', '76', 'Testing of Barbed Wire', 2, 'Changed name.', 9, 595),
(2706, '2014-12-19 05:46:39', '70', 'Testing of Brick', 2, 'Changed name.', 9, 595),
(2707, '2014-12-19 05:46:44', '148', 'Testing of Cement (Physical Test)', 2, 'Changed name.', 9, 595),
(2708, '2014-12-19 05:46:51', '88', 'Testing of Concrete Pavers', 2, 'Changed name.', 9, 595),
(2709, '2014-12-19 05:46:56', '34', 'Testing of Cubes', 2, 'Changed name.', 9, 595),
(2710, '2014-12-19 05:47:00', '84', 'Testing of Flats', 2, 'Changed name.', 9, 595),
(2711, '2014-12-19 05:47:05', '78', 'Testing of Hing Tension', 2, 'Changed name.', 9, 595),
(2712, '2014-12-19 05:47:09', '286', 'Testing of Hollow Block', 2, 'Changed name.', 9, 595),
(2713, '2014-12-19 05:47:13', '337', 'Testing of Karb', 2, 'Changed name.', 9, 595),
(2714, '2014-12-19 05:47:19', '278', 'Testing of Kerb Stone', 2, 'Changed name.', 9, 595),
(2715, '2014-12-19 05:47:26', '260', 'Testing of M.S.Plate', 2, 'Changed name.', 9, 595),
(2716, '2014-12-19 05:48:23', '126', 'Concrete Core Cutting/Testing', 2, 'Changed name.', 9, 595),
(2717, '2014-12-19 05:51:50', '269', 'Preparation/Checking of Design For Bridge', 2, 'Changed name.', 9, 595),
(2718, '2014-12-19 05:51:56', '270', 'Preparation/Checking of Design For Bridge', 2, 'Changed name.', 9, 595),
(2719, '2014-12-19 05:52:20', '132', 'Preparation/Checking of Design For OHSR', 2, 'Changed name.', 9, 595),
(2720, '2014-12-19 05:52:25', '131', 'Preparation/Checking of Design For OHSR', 2, 'Changed name.', 9, 595),
(2721, '2014-12-19 05:52:59', '271', 'Preparation/Checking of Estimate', 2, 'Changed name.', 9, 595),
(2722, '2014-12-19 05:53:05', '272', 'Preparation/Checking of Estimate', 2, 'Changed name.', 9, 595),
(2723, '2014-12-19 06:45:29', '1', '1', 1, '', 14, 595),
(2724, '2014-12-20 06:29:11', '598', 'PunjabTiles ,Harnampura Road, Kahnpur, Distt. Ludhiana', 1, '', 22, 597),
(2725, '2014-12-20 06:35:56', '602', 'punjabtiles', 1, '', 3, 597),
(2726, '2014-12-20 06:39:14', '1', '1', 1, '', 14, 597),
(2727, '2014-12-20 06:41:31', '598', 'Harnampura Road,Kahnpur,   Distt. Ludhiana', 2, 'Changed street_address and city.', 22, 597),
(2728, '2014-12-20 06:42:31', '598', 'Harnampura Road,Khanpur,   Distt. Ludhiana', 2, 'Changed city.', 22, 597),
(2729, '2014-12-20 06:48:11', '1', '1', 1, '', 31, 597),
(2730, '2014-12-20 06:50:10', '1', '1', 1, '', 55, 597),
(2731, '2014-12-22 04:49:05', '1', '1', 1, '', 14, 597),
(2732, '2014-12-22 05:09:50', '1', '1', 2, 'Changed header and footer.', 44, 595),
(2733, '2014-12-22 07:04:42', '365', 'Preparation of Design for Water Supply & Sewerage Services', 1, '', 9, 597),
(2734, '2014-12-22 07:05:05', '963', 'Design of Water Supply and Sewerage Servcies', 1, '', 10, 597),
(2735, '2014-12-22 07:09:09', '1', '1', 1, '', 31, 597),
(2736, '2014-12-22 07:11:00', '365', 'Preparation of Design', 2, 'Changed name.', 9, 597),
(2737, '2014-12-22 07:13:29', '365', 'Preparation of Design', 2, 'No fields changed.', 9, 597),
(2738, '2014-12-22 07:17:22', '3', 'Three Labourers for soil testing work to be provided by the Department/Client at each site.', 2, 'Changed is_permanent.', 51, 597),
(2739, '2014-12-22 07:26:53', '2', 'The work will be completed within 15 days after the receipt of payment.', 2, 'Changed note.', 51, 597),
(2740, '2014-12-22 09:02:50', '1', 'Payment may be made vide D.D./Cash/RTGS in favour of Director/Principal, Guru Nanak Dev Engg. College, Ludhiana.', 2, 'Changed note.', 51, 595),
(2741, '2014-12-22 09:20:20', '599', 'G.T. Road, Sherpur Chowk,Ludhiana', 1, '', 22, 598),
(2742, '2014-12-22 09:21:15', '603', 'montecarlo', 1, '', 3, 598),
(2743, '2014-12-22 09:23:44', '2', '2', 1, '', 14, 598),
(2744, '2014-12-22 09:38:46', '333', 'Testing of Soil for Bearing Capacity', 2, 'Changed name.', 9, 595),
(2745, '2014-12-22 09:39:01', '364', 'Testing of Soil for Bearing Capacity', 2, 'Changed name.', 9, 595),
(2746, '2014-12-22 09:53:34', '1', 'add order', 2, 'Changed permissions.', 2, 595),
(2747, '2014-12-22 09:57:25', '964', 'Design of Rigid Pavement', 1, '', 10, 598),
(2748, '2014-12-22 10:00:51', '600', 'MC office,Pathankot', 1, '', 22, 598),
(2749, '2014-12-22 10:02:00', '601', 'Municipal Corporation,Pathankot', 1, '', 22, 598),
(2750, '2014-12-22 10:02:22', '604', 'harjinderpal', 1, '', 3, 598),
(2751, '2014-12-22 10:05:40', '2', '2', 1, '', 31, 598),
(2752, '2014-12-22 10:08:26', '2', 'The work shall be done on Receipt of this payment.', 2, 'Changed note.', 51, 598),
(2753, '2014-12-22 10:23:42', '102', 'Preparation of Mix Design', 2, 'Changed name.', 9, 595),
(2754, '2014-12-22 10:23:51', '103', 'Preparation of Mix Design', 2, 'Changed name.', 9, 595),
(2755, '2014-12-22 10:24:00', '105', 'Preparation of Mix Design', 2, 'Changed name.', 9, 595),
(2756, '2014-12-22 10:24:37', '102', 'Preparation of Mix Design M 10', 2, 'Changed name.', 9, 595),
(2757, '2014-12-22 10:24:59', '103', 'Preparation of Mix Design M 15', 2, 'Changed name.', 9, 595),
(2758, '2014-12-22 10:25:17', '105', 'Preparation of Mix Design M 20', 2, 'Changed name.', 9, 595),
(2759, '2014-12-22 10:25:34', '106', 'Preparation of Mix Design M 25', 2, 'Changed name.', 9, 595),
(2760, '2014-12-22 10:25:45', '107', 'Preparation of Mix Design M 30', 2, 'Changed name.', 9, 595),
(2761, '2014-12-22 10:25:59', '108', 'Preparation of Mix Design M 35', 2, 'Changed name.', 9, 595),
(2762, '2014-12-22 10:26:11', '109', 'Preparation of Mix Design M 40', 2, 'Changed name.', 9, 595),
(2763, '2014-12-22 10:26:21', '245', 'Preparation of Mix Design M 7.5', 2, 'Changed name.', 9, 595),
(2764, '2014-12-22 10:26:34', '119', 'Preparation of Mix Design M 10', 2, 'Changed name.', 9, 595),
(2765, '2014-12-22 10:26:43', '120', 'Preparation of Mix Design M 15', 2, 'Changed name.', 9, 595),
(2766, '2014-12-22 10:26:55', '121', 'Preparation of Mix Design M 20', 2, 'Changed name.', 9, 595),
(2767, '2014-12-22 10:27:04', '122', 'Preparation of Mix Design M 25', 2, 'Changed name.', 9, 595),
(2768, '2014-12-22 10:27:15', '123', 'Preparation of Mix Design M 30', 2, 'Changed name.', 9, 595),
(2769, '2014-12-22 10:27:28', '124', 'Preparation of Mix Design M 35', 2, 'Changed name.', 9, 595),
(2770, '2014-12-22 10:27:37', '125', 'Preparation of Mix Desig M 40', 2, 'Changed name.', 9, 595),
(2771, '2014-12-22 10:27:46', '125', 'Preparation of Mix Design M 40', 2, 'Changed name.', 9, 595),
(2772, '2014-12-22 10:27:56', '246', 'Preparation of Mix Design M 7.5', 2, 'Changed name.', 9, 595),
(2773, '2014-12-22 10:34:20', '2', 'The work shall be done on the Receipt of this payment.', 2, 'Changed note.', 51, 595),
(2774, '2014-12-22 10:44:46', '1', 'No./s', 2, 'Changed unit.', 56, 597),
(2775, '2014-12-22 10:44:57', '1', 'No./s', 2, 'No fields changed.', 56, 597),
(2776, '2014-12-23 04:59:16', '3', '3', 1, '', 14, 598),
(2777, '2014-12-23 05:26:10', '602', 'Govt. Contructor,Gurdaspur', 1, '', 22, 598),
(2778, '2014-12-23 05:31:19', '603', 'Govt. Contructor,Gurdaspur', 1, '', 22, 598),
(2779, '2014-12-23 05:36:22', '604', 'Village Jassar, Canal Road,Ludhiana', 1, '', 22, 598),
(2780, '2014-12-23 05:37:12', '605', 'Gupinderjitsingh', 1, '', 3, 598),
(2781, '2014-12-23 05:42:22', '965', 'Construction Slurry Water', 1, '', 10, 598),
(2782, '2014-12-23 05:43:59', '4', '4', 1, '', 14, 598),
(2783, '2014-12-23 05:56:52', '605', 'Govt. Contructor,Gurdaspur', 1, '', 22, 598),
(2784, '2014-12-23 05:57:21', '606', 'sunilkumar', 1, '', 3, 598),
(2785, '2014-12-23 06:02:21', '41', 'Mr. Jasbir Singh', 3, '', 28, 597),
(2786, '2014-12-23 06:02:48', '49', 'Sh. Yogesh Sharma', 2, 'Changed name.', 28, 597),
(2787, '2014-12-23 06:03:18', '48', 'Sh. Navdeep Singh', 2, 'Changed name.', 28, 597),
(2788, '2014-12-23 06:03:53', '5', '5', 1, '', 14, 598),
(2789, '2014-12-23 06:05:26', '47', 'Sh. Sukhdeep Singh', 2, 'Changed name.', 28, 597),
(2790, '2014-12-23 06:05:49', '46', 'Sh. Rajpal Singh', 2, 'Changed name.', 28, 597),
(2791, '2014-12-23 06:06:14', '45', 'Sh. Ram Tirath', 2, 'Changed name.', 28, 597),
(2792, '2014-12-23 06:06:31', '43', 'Sh. Sukhchain Singh', 2, 'Changed name.', 28, 597),
(2793, '2014-12-23 06:06:52', '40', 'Sh. Baljinder Singh', 2, 'Changed name.', 28, 597),
(2794, '2014-12-23 06:07:15', '39', 'Sh. Jasbir Singh', 2, 'Changed name.', 28, 597),
(2795, '2014-12-23 06:07:53', '38', 'Sh. Kuldip singh', 2, 'Changed name.', 28, 597),
(2796, '2014-12-23 06:08:31', '37', 'Sh..Jaspal Singh', 2, 'Changed name.', 28, 597),
(2797, '2014-12-23 06:08:57', '38', 'Sh. Kuldeep singh', 2, 'Changed name.', 28, 597),
(2798, '2014-12-23 06:09:39', '36', 'Sh. jaswant Singh', 2, 'Changed name.', 28, 597),
(2799, '2014-12-23 06:10:06', '35', 'Sh. Amarjit Singh', 2, 'Changed name.', 28, 597),
(2800, '2014-12-23 06:10:41', '33', 'Sh.  Jasvir Singh', 2, 'Changed name.', 28, 597),
(2801, '2014-12-23 06:11:54', '876', 'depth 15 m', 2, 'Changed name and price_per_unit.', 10, 595),
(2802, '2014-12-23 06:12:11', '874', 'depth 0 to 5 m', 2, 'Changed name.', 10, 595),
(2803, '2014-12-23 06:12:21', '875', 'depth 0 to 10 m', 2, 'Changed name.', 10, 595),
(2804, '2014-12-23 06:12:33', '878', 'depth more than 30 m', 2, 'Changed name.', 10, 595),
(2805, '2014-12-23 06:20:23', '6', '6', 1, '', 14, 598),
(2806, '2014-12-23 06:23:41', '877', 'depth 20 to 30m', 3, '', 10, 595),
(2807, '2014-12-23 06:27:22', '878', 'depth more than 30 m', 3, '', 10, 595),
(2808, '2014-12-23 06:34:36', '7', '7', 1, '', 14, 598),
(2809, '2014-12-23 06:42:56', '8', '8', 1, '', 14, 598),
(2810, '2014-12-23 07:05:48', '9', '9', 1, '', 14, 598),
(2811, '2014-12-23 07:31:30', '606', '14-First Floor, Lawrence Plaza, Lawrence Road,Amritsar', 1, '', 22, 597),
(2812, '2014-12-23 07:32:31', '3', '3', 1, '', 31, 598),
(2813, '2014-12-23 07:32:55', '607', 'Harjas', 1, '', 3, 597),
(2814, '2014-12-23 07:42:44', '10', '10', 1, '', 14, 596),
(2815, '2014-12-23 09:04:32', '607', '461G, B.R.S. Nagar,Ludhiana', 1, '', 22, 596),
(2816, '2014-12-23 09:07:07', '608', 'Paramjit', 1, '', 3, 596),
(2817, '2014-12-23 09:20:31', '366', 'Vetting of Structural Design', 1, '', 9, 596),
(2818, '2014-12-23 09:21:24', '1007', 'Vetting of Structural Design', 1, '', 10, 596),
(2819, '2014-12-23 09:22:18', '366', 'Vetting', 2, 'Changed name.', 9, 596),
(2820, '2014-12-23 09:24:18', '11', '11', 1, '', 14, 596),
(2821, '2014-12-23 09:25:49', '245', 'Vetting', 1, '', 38, 595),
(2822, '2014-12-23 09:29:26', '608', '435, Jagriti Enclave, Vikas Marg Extn., ,Dehli', 1, '', 22, 598),
(2823, '2014-12-23 09:31:21', '609', 'samindiabuilt', 1, '', 3, 598),
(2824, '2014-12-23 09:33:28', '4', '4', 1, '', 31, 598),
(2825, '2014-12-23 09:38:00', '609', 'Punjab Heailth Systems Corporation,Ludhiana', 1, '', 22, 598),
(2826, '2014-12-23 09:39:05', '1', 'add order', 2, 'Changed permissions.', 2, 595),
(2827, '2014-12-23 09:39:16', '610', 'tarsemkumar', 1, '', 3, 598),
(2828, '2014-12-23 09:41:25', '12', '12', 1, '', 14, 598),
(2829, '2014-12-23 09:45:30', '13', '13', 1, '', 14, 598),
(2830, '2014-12-23 10:07:45', '939', 'Project Guidance', 2, 'Changed price_per_unit.', 10, 598),
(2831, '2014-12-23 10:08:25', '14', '14', 1, '', 14, 598),
(2832, '2014-12-23 10:12:59', '15', '15', 1, '', 14, 598),
(2833, '2014-12-23 10:37:17', '2', '2', 1, '', 55, 598),
(2834, '2014-12-24 04:03:48', '3', '3', 1, '', 55, 598),
(2835, '2014-12-24 04:18:40', '4', '4', 1, '', 55, 598),
(2836, '2014-12-24 04:21:08', '5', '5', 1, '', 55, 598),
(2837, '2014-12-24 04:23:02', '6', '6', 1, '', 55, 598),
(2838, '2014-12-24 04:33:08', '16', '16', 1, '', 14, 596),
(2839, '2014-12-24 04:39:06', '17', '17', 1, '', 14, 598),
(2840, '2014-12-24 04:47:37', '5', '5', 1, '', 31, 598),
(2841, '2014-12-24 05:38:07', '41', 'Mr. Jasbir Singh', 3, '', 28, 595),
(2842, '2014-12-24 05:40:50', '9', 'Dr. Jagbir Singh', 3, '', 28, 595),
(2843, '2014-12-24 10:54:10', '18', '18', 1, '', 14, 598),
(2844, '2014-12-24 10:58:00', '19', '19', 1, '', 14, 598),
(2845, '2014-12-26 07:29:42', '610', 'Model Town,Ludhiana', 1, '', 22, 598),
(2846, '2014-12-26 07:30:35', '611', 'sagarsinghthakur', 1, '', 3, 598),
(2847, '2014-12-26 09:28:11', '20', '20', 1, '', 14, 598),
(2848, '2014-12-27 04:23:47', '1', '1', 2, 'Changed header.', 44, 595),
(2849, '2014-12-27 04:25:01', '1', '1', 2, 'Changed header.', 44, 595),
(2850, '2014-12-27 04:39:17', '1', '1', 2, 'Changed header.', 44, 595),
(2851, '2014-12-27 04:59:28', '1', '1', 2, 'Changed header.', 44, 595),
(2852, '2014-12-29 06:23:27', '21', '21', 1, '', 14, 598),
(2853, '2014-12-30 04:42:50', '7', '7', 1, '', 55, 598),
(2854, '2014-12-30 05:05:25', '22', '22', 1, '', 14, 598),
(2855, '2014-12-30 05:50:35', '23', '23', 1, '', 14, 598),
(2856, '2014-12-30 06:07:36', '246', 'Preparation of Design', 1, '', 38, 598),
(2857, '2014-12-30 09:17:27', '24', '24', 1, '', 14, 598),
(2858, '2015-01-01 06:26:15', '611', 'Village Sundra, P.O. Mubarikpur, Tehsil Derabassi, ,Distt. Mohali', 1, '', 22, 598),
(2859, '2015-01-01 06:27:37', '613', 'chetandhiman', 1, '', 3, 598),
(2860, '2015-01-01 06:53:06', '25', '25', 1, '', 14, 598),
(2861, '2015-01-01 07:10:13', '612', 'V.P.O. Noorpur, Dhogi Road, Near Reliance Tower,Jalandhar', 1, '', 22, 598),
(2862, '2015-01-01 07:11:06', '614', 'sunilgargkumar', 1, '', 3, 598),
(2863, '2015-01-01 07:12:56', '26', '26', 1, '', 14, 598),
(2864, '2015-01-01 07:31:25', '247', 'Preparation/Checking of Design For OHSR', 1, '', 38, 598),
(2865, '2015-01-01 10:02:02', '613', 'SCO-1, Delta Office, Main Road, Flower Enclave, Near 200 Feet Bye Pass,,Ludhiana', 1, '', 22, 597),
(2866, '2015-01-01 10:03:25', '615', 'SekhonConstructions', 1, '', 3, 597),
(2867, '2015-01-01 10:03:49', '615', 'SekhonConstructions', 2, 'No fields changed.', 3, 597),
(2868, '2015-01-01 10:08:23', '6', '6', 1, '', 31, 597),
(2869, '2015-01-02 04:37:35', '614', 'Guru Nanak Dev Engg.College,Ludhiana', 1, '', 22, 596),
(2870, '2015-01-02 04:38:10', '616', 'akshay', 1, '', 3, 596),
(2871, '2015-01-02 04:38:15', '616', 'akshay', 2, 'No fields changed.', 3, 596),
(2872, '2015-01-02 04:48:29', '14', 'Prof. Khushdeep Singh', 2, 'Changed lab.', 28, 595),
(2873, '2015-01-02 06:30:31', '27', '27', 1, '', 14, 598),
(2874, '2015-01-02 06:57:15', '28', '28', 1, '', 14, 598),
(2875, '2015-01-02 07:28:32', '615', 'Municipal Council, Amloh,,Fathegarh Sahib', 1, '', 22, 596),
(2876, '2015-01-02 07:30:06', '617', 'municipalcouncil', 1, '', 3, 596),
(2877, '2015-01-02 07:30:09', '617', 'municipalcouncil', 2, 'No fields changed.', 3, 596),
(2878, '2015-01-02 07:33:20', '29', '29', 1, '', 14, 596),
(2879, '2015-01-02 08:36:02', '30', '30', 1, '', 14, 598),
(2880, '2015-01-02 09:04:49', '1', 'Soil Investigation Team', 1, '', 59, 597),
(2881, '2015-01-02 09:13:00', '616', 'Sugar Mill Banga Road, ,Nawanshahr', 1, '', 22, 598),
(2882, '2015-01-02 09:14:23', '618', 'nawanshahrpowerpvtltd', 1, '', 3, 598),
(2883, '2015-01-02 09:15:57', '31', '31', 1, '', 14, 598),
(2884, '2015-01-02 09:22:26', '617', '39, Ajit Nagar, ,Patiala', 1, '', 22, 598),
(2885, '2015-01-02 09:23:29', '619', 'capitalpower', 1, '', 3, 598),
(2886, '2015-01-02 09:26:18', '8', '8', 1, '', 55, 598),
(2887, '2015-01-02 09:39:23', '1008', 'Preparation of Civil Foundation Drawing of Secondary Air Fan', 1, '', 10, 598),
(2888, '2015-01-02 09:44:55', '7', '7', 1, '', 31, 598),
(2889, '2015-01-02 10:59:14', '618', 'Punjab Mandi Board, ,Banga', 1, '', 22, 598),
(2890, '2015-01-02 10:59:58', '620', 'Punjabmandiboard', 1, '', 3, 598),
(2891, '2015-01-02 11:14:21', '32', '32', 1, '', 14, 598),
(2892, '2015-01-05 04:21:06', '9', '9', 1, '', 55, 598),
(2893, '2015-01-05 04:46:52', '10', '10', 1, '', 55, 595),
(2894, '2015-01-05 05:13:41', '6', 'Electrical', 1, '', 27, 597),
(2895, '2015-01-05 05:13:57', '14', 'Prof. Khushdeep Singh', 2, 'Changed department.', 28, 597),
(2896, '2015-01-05 05:36:12', '33', '33', 1, '', 14, 596),
(2897, '2015-01-05 05:39:04', '36', 'Mr. Nandan Singh', 2, 'Changed name, seniority_credits and always_included.', 28, 595),
(2898, '2015-01-05 05:39:17', '1', 'Dr. J.N. Jha', 2, 'Changed seniority_credits and always_included.', 28, 595),
(2899, '2015-01-05 05:39:25', '11', 'Dr. Kulbir Singh Gill', 2, 'Changed seniority_credits and always_included.', 28, 595),
(2900, '2015-01-05 05:43:29', '10', 'Prof. K.S. Bedi', 2, 'Changed seniority_credits and always_included.', 28, 595),
(2901, '2015-01-05 05:43:41', '17', 'Dr. Jagbir Singh', 2, 'Changed seniority_credits and always_included.', 28, 595),
(2902, '2015-01-05 05:43:55', '31', 'Prof. Charanjeet Singh', 2, 'Changed seniority_credits and always_included.', 28, 595),
(2903, '2015-01-05 05:44:07', '34', 'Sh. Amarjit Singh', 2, 'Changed seniority_credits and always_included.', 28, 595),
(2904, '2015-01-05 05:44:19', '35', 'S. Jasvir Singh', 2, 'Changed seniority_credits and always_included.', 28, 595),
(2905, '2015-01-05 05:44:47', '45', 'S. Sukhchain Singh', 2, 'Changed seniority_credits and always_included.', 28, 595),
(2906, '2015-01-05 05:45:00', '46', 'Sh. Surjeet Kumar', 2, 'Changed seniority_credits and always_included.', 28, 595),
(2907, '2015-01-05 05:45:11', '45', 'S. Sukhchain Singh', 2, 'Changed seniority_credits.', 28, 595),
(2908, '2015-01-05 05:46:41', '52', 'Mr. Balour Singh', 1, '', 28, 595),
(2909, '2015-01-05 05:47:28', '46', 'Mr. Surjeet Kumar', 2, 'Changed name.', 28, 595),
(2910, '2015-01-05 05:47:39', '45', 'Mr. Sukhchain Singh', 2, 'Changed name.', 28, 595),
(2911, '2015-01-05 05:47:51', '44', 'Mr. Balraj Singh', 2, 'Changed name.', 28, 595),
(2912, '2015-01-05 05:48:19', '35', 'Mr. Jasvir Singh', 2, 'Changed name.', 28, 595),
(2913, '2015-01-05 05:48:27', '34', 'Mr. Amarjit Singh', 2, 'Changed name.', 28, 595),
(2914, '2015-01-05 06:00:07', '1006', 'depth 0-30 m', 2, 'Changed name.', 10, 595),
(2915, '2015-01-05 06:00:20', '1005', 'depth 0-29 m', 2, 'Changed name.', 10, 595),
(2916, '2015-01-05 06:00:30', '1004', 'depth 0-28 m', 2, 'Changed name.', 10, 595),
(2917, '2015-01-05 06:00:40', '1003', 'depth 0-27 m', 2, 'Changed name.', 10, 595),
(2918, '2015-01-05 06:00:50', '1002', 'depth 0-26 m', 2, 'Changed name.', 10, 595),
(2919, '2015-01-05 06:01:01', '1001', 'depth 0-25 m', 2, 'Changed name.', 10, 595),
(2920, '2015-01-05 06:01:12', '1000', 'depth 0-24 m', 2, 'Changed name.', 10, 595),
(2921, '2015-01-05 06:01:22', '999', 'depth 0-23 m', 2, 'Changed name.', 10, 595),
(2922, '2015-01-05 06:01:38', '998', 'depth 0-22 m', 2, 'Changed name.', 10, 595),
(2923, '2015-01-05 06:01:54', '997', 'depth 0-21 m', 2, 'Changed name.', 10, 595),
(2924, '2015-01-05 06:02:01', '997', 'depth 0-21 m', 2, 'No fields changed.', 10, 595),
(2925, '2015-01-05 06:02:32', '996', 'depth 0-20 m', 2, 'Changed name.', 10, 595),
(2926, '2015-01-05 06:02:42', '995', 'depth 0-19 m', 2, 'Changed name.', 10, 595),
(2927, '2015-01-05 06:02:48', '994', 'depth 0-18 m', 2, 'Changed name.', 10, 595),
(2928, '2015-01-05 06:02:53', '993', 'depth 0-17 m', 2, 'Changed name.', 10, 595),
(2929, '2015-01-05 06:02:58', '992', 'depth 0-16 m', 2, 'Changed name.', 10, 595),
(2930, '2015-01-05 06:03:04', '991', 'depth 0-15 m', 2, 'Changed name.', 10, 595),
(2931, '2015-01-05 06:03:10', '990', 'depth 0-14 m', 2, 'Changed name.', 10, 595),
(2932, '2015-01-05 06:03:15', '989', 'depth 0-13 m', 2, 'Changed name.', 10, 595),
(2933, '2015-01-05 06:03:20', '988', 'depth 0-12 m', 2, 'Changed name.', 10, 595),
(2934, '2015-01-05 06:03:26', '987', 'depth 0-11 m', 2, 'Changed name.', 10, 595),
(2935, '2015-01-05 06:03:58', '986', 'depth 0-10 m', 2, 'Changed name.', 10, 595),
(2936, '2015-01-05 06:04:08', '985', 'depth 0-5 m', 2, 'Changed name.', 10, 595),
(2937, '2015-01-05 06:04:16', '984', 'depth 0-30 m', 2, 'Changed name.', 10, 595),
(2938, '2015-01-05 06:04:22', '983', 'depth 0-29 m', 2, 'Changed name.', 10, 595),
(2939, '2015-01-05 06:04:27', '982', 'depth 0-28 m', 2, 'Changed name.', 10, 595),
(2940, '2015-01-05 06:04:36', '981', 'depth 0-27 m', 2, 'Changed name.', 10, 595),
(2941, '2015-01-05 06:04:48', '980', 'depth 0-26 m', 2, 'Changed name.', 10, 595),
(2942, '2015-01-05 06:04:56', '979', 'depth 0-25 m', 2, 'Changed name.', 10, 595),
(2943, '2015-01-05 06:05:03', '978', 'depth 0-24 m', 2, 'Changed name.', 10, 595),
(2944, '2015-01-05 06:05:12', '977', 'depth 0-23 m', 2, 'Changed name.', 10, 595),
(2945, '2015-01-05 06:05:20', '976', 'depth 0-22 m', 2, 'Changed name.', 10, 595),
(2946, '2015-01-05 06:05:41', '975', 'depth 0-21 m', 2, 'Changed name.', 10, 595),
(2947, '2015-01-05 06:05:47', '974', 'depth 0-20 m', 2, 'Changed name.', 10, 595),
(2948, '2015-01-05 06:05:53', '973', 'depth 0-19 m', 2, 'Changed name.', 10, 595),
(2949, '2015-01-05 06:05:59', '972', 'depth 0-18 m', 2, 'Changed name.', 10, 595),
(2950, '2015-01-05 06:06:07', '971', 'depth 0-17 m', 2, 'Changed name.', 10, 595),
(2951, '2015-01-05 06:06:15', '970', 'depth 0-16 m', 2, 'Changed name.', 10, 595),
(2952, '2015-01-05 06:06:23', '969', 'depth 0-14 m', 2, 'Changed name.', 10, 595),
(2953, '2015-01-05 06:06:29', '968', 'depth 0-13 m', 2, 'Changed name.', 10, 595),
(2954, '2015-01-05 06:06:36', '967', 'depth 0-12 m', 2, 'Changed name.', 10, 595),
(2955, '2015-01-05 06:06:59', '966', 'depth 0-11 m', 2, 'Changed name.', 10, 595),
(2956, '2015-01-05 06:07:05', '876', 'depth 0-15 m', 2, 'Changed name.', 10, 595),
(2957, '2015-01-05 06:07:13', '875', 'depth 0-10 m', 2, 'Changed name.', 10, 595),
(2958, '2015-01-05 06:07:19', '874', 'depth 0-5 m', 2, 'Changed name.', 10, 595),
(2959, '2015-01-05 06:07:32', '824', '5 m depth', 2, 'No fields changed.', 10, 595),
(2960, '2015-01-05 06:07:58', '619', 'V.P.O. Hambran, ,Distt. Ludhiana', 1, '', 22, 598),
(2961, '2015-01-05 06:08:39', '621', 'batthinterlocktiles', 1, '', 3, 598),
(2962, '2015-01-05 06:10:24', '34', '34', 1, '', 14, 598),
(2963, '2015-01-05 08:38:24', '367', 'Other Services', 1, '', 9, 595),
(2964, '2015-01-05 08:38:57', '332', 'IT/CSE Training', 2, 'Changed name and parent.', 9, 595),
(2965, '2015-01-05 08:39:10', '235', 'Mechanical Lab Training', 2, 'Changed name and parent.', 9, 595),
(2966, '2015-01-05 08:39:22', '346', 'Testing And Consultancy Cell Training', 2, 'Changed name and parent.', 9, 595),
(2967, '2015-01-05 08:47:06', '368', 'CDF', 1, '', 9, 595),
(2968, '2015-01-05 08:47:24', '369', 'CDF (Internal)', 1, '', 9, 595),
(2969, '2015-01-05 08:47:36', '370', 'CDF (External)', 1, '', 9, 595),
(2970, '2015-01-05 08:48:07', '371', 'Advance', 1, '', 9, 595),
(2971, '2015-01-05 08:49:03', '372', 'Advance', 1, '', 9, 595),
(2972, '2015-01-05 08:50:29', '1009', 'CDF Amount', 1, '', 10, 595),
(2973, '2015-01-05 08:50:40', '1010', 'CDF Amount', 1, '', 10, 595),
(2974, '2015-01-05 08:51:02', '1011', 'Advance Amount', 1, '', 10, 595),
(2975, '2015-01-05 08:51:52', '248', 'CDF (Internal)', 1, '', 38, 595),
(2976, '2015-01-05 08:52:05', '249', 'CDF (External)', 1, '', 38, 595),
(2977, '2015-01-05 08:52:13', '250', 'Advance', 1, '', 38, 595);
INSERT INTO `django_admin_log` (`id`, `action_time`, `object_id`, `object_repr`, `action_flag`, `change_message`, `content_type_id`, `user_id`) VALUES
(2978, '2015-01-05 10:19:20', '11', '11', 1, '', 55, 598),
(2979, '2015-01-05 10:36:15', '373', 'Security Refund', 1, '', 9, 596),
(2980, '2015-01-05 10:36:47', '374', 'Security Refund', 1, '', 9, 596),
(2981, '2015-01-05 10:37:30', '1012', 'Amount', 1, '', 10, 596),
(2982, '2015-01-05 10:39:16', '251', 'Security Refund', 1, '', 38, 596),
(2983, '2015-01-05 10:50:43', '1010', 'CDF Amount', 2, 'Changed price_per_unit.', 10, 595),
(2984, '2015-01-05 10:50:52', '1009', 'CDF Amount', 2, 'Changed price_per_unit.', 10, 595),
(2985, '2015-01-05 10:51:23', '1', 'SpecialCategories object', 1, '', 63, 595),
(2986, '2015-01-05 10:51:49', '2', 'SpecialCategories object', 1, '', 63, 595),
(2987, '2015-01-05 10:52:12', '3', 'SpecialCategories object', 1, '', 63, 595),
(2988, '2015-01-05 10:52:23', '4', 'SpecialCategories object', 1, '', 63, 595),
(2989, '2015-01-05 11:06:56', '1012', 'Amount', 3, '', 10, 595),
(2990, '2015-01-05 11:07:32', '373', 'Security Refund', 3, '', 9, 595),
(2991, '2015-01-05 11:07:32', '374', 'Security Refund', 3, '', 9, 595),
(2992, '2015-01-05 11:10:08', '341', 'Training', 2, 'Changed name.', 9, 595),
(2993, '2015-01-05 11:10:22', '340', 'Security Refund', 2, 'Changed name.', 9, 595),
(2994, '2015-01-05 11:10:40', '345', 'Training', 2, 'Changed name.', 9, 595),
(2995, '2015-01-05 11:10:48', '344', 'Security Refund', 2, 'Changed name.', 9, 595),
(2996, '2015-01-05 11:11:08', '348', 'Training', 2, 'Changed name.', 9, 595),
(2997, '2015-01-05 11:11:17', '347', 'Security Refund', 2, 'Changed name.', 9, 595),
(2998, '2015-01-05 11:14:19', '908', 'Six Months Training', 2, 'Changed price_per_unit.', 10, 595),
(2999, '2015-01-05 11:14:26', '906', 'Six Weeks Training', 2, 'Changed price_per_unit.', 10, 595),
(3000, '2015-01-05 11:14:41', '912', 'Six Week Training (CAD Modeling & Analysis using Solid Works)', 2, 'Changed price_per_unit.', 10, 595),
(3001, '2015-01-05 11:14:54', '916', 'Six Months Training', 2, 'Changed price_per_unit.', 10, 595),
(3002, '2015-01-05 11:14:59', '914', 'Six Weeks Training', 2, 'Changed price_per_unit.', 10, 595),
(3003, '2015-01-06 04:53:20', '5', 'SpecialCategories object', 1, '', 63, 595),
(3004, '2015-01-06 04:53:26', '6', 'SpecialCategories object', 1, '', 63, 595),
(3005, '2015-01-06 04:53:35', '7', 'SpecialCategories object', 1, '', 63, 595),
(3006, '2015-01-06 05:33:38', '620', 'Church Complex,Barnala', 1, '', 22, 598),
(3007, '2015-01-06 05:34:29', '622', 'stjohnpaulbarnala', 1, '', 3, 598),
(3008, '2015-01-06 05:36:14', '8', '8', 1, '', 31, 598),
(3009, '2015-01-06 09:19:47', '87', 'Testing of Interlock Tile/Concrete Pavers', 2, 'Changed name.', 9, 595),
(3010, '2015-01-06 09:19:52', '88', 'Testing of Interlock Tile/Concrete Pavers', 2, 'Changed name.', 9, 595),
(3011, '2015-01-06 09:20:10', '87', 'Testing of Interlock Tile/Concrete Paver', 2, 'Changed name.', 9, 595),
(3012, '2015-01-06 09:20:17', '88', 'Testing of Interlock Tile/Concrete Paver', 2, 'Changed name.', 9, 595),
(3013, '2015-01-06 09:21:37', '710', 'Tiles', 2, 'Changed price_per_unit.', 10, 595),
(3014, '2015-01-06 09:21:50', '710', 'Brick Tile', 2, 'Changed name.', 10, 595),
(3015, '2015-01-06 09:21:59', '709', 'Brick Tile', 2, 'Changed name and price_per_unit.', 10, 595),
(3016, '2015-01-06 09:23:16', '247', 'Testing of Brick Tile', 2, 'Changed name and unit.', 9, 595),
(3017, '2015-01-06 09:23:24', '248', 'Testing of Brick Tile', 2, 'Changed name and unit.', 9, 595),
(3018, '2015-01-06 09:24:36', '710', 'Water Absorption, Comp. Strength, Efflorescence', 2, 'Changed name.', 10, 595),
(3019, '2015-01-06 09:24:45', '709', 'Water Absorption, Comp. Strength, Efflorescence ', 2, 'Changed name.', 10, 595),
(3020, '2015-01-06 09:28:39', '33', 'Testing of Soil for Bearing Capacity for construction of OHSR', 2, 'Changed name.', 9, 598),
(3021, '2015-01-06 09:28:56', '20', 'Testing of Soil for Bearing Capacity for construction of OHSR', 2, 'Changed name.', 9, 598),
(3022, '2015-01-06 09:30:01', '69', 'Testing of Bricks', 2, 'Changed name.', 9, 598),
(3023, '2015-01-06 09:30:09', '70', 'Testing of Bricks', 2, 'Changed name.', 9, 598),
(3024, '2015-01-06 09:32:28', '609', 'Punjab Health Systems Corporation,Ludhiana', 2, 'Changed street_address.', 22, 598),
(3025, '2015-01-06 11:15:43', '35', '35', 1, '', 14, 598),
(3026, '2015-01-06 11:17:46', '36', '36', 1, '', 14, 598),
(3027, '2015-01-06 11:20:23', '37', '37', 1, '', 14, 598),
(3028, '2015-01-07 04:00:19', '621', '264, Okhla Phase-III,New Delhi', 1, '', 22, 598),
(3029, '2015-01-07 04:00:54', '623', 'herorealtylimited', 1, '', 3, 598),
(3030, '2015-01-07 04:01:58', '12', '12', 1, '', 55, 598),
(3031, '2015-01-07 04:03:00', '13', '13', 1, '', 55, 598),
(3032, '2015-01-07 04:06:46', '38', '38', 1, '', 14, 598),
(3033, '2015-01-07 04:09:20', '39', '39', 1, '', 14, 598),
(3034, '2015-01-07 04:11:33', '40', '40', 1, '', 14, 598),
(3035, '2015-01-07 04:13:39', '41', '41', 1, '', 14, 598),
(3036, '2015-01-07 04:15:29', '42', '42', 1, '', 14, 598),
(3037, '2015-01-07 04:17:37', '43', '43', 1, '', 14, 598),
(3038, '2015-01-07 06:36:57', '375', 'Preparation of Mix Design with Fly Ash and Fiber M20', 1, '', 9, 598),
(3039, '2015-01-07 06:38:06', '376', 'Preparation of Mix Design with Fly Ash and Fiber M25', 1, '', 9, 598),
(3040, '2015-01-07 06:39:00', '1013', 'Mix Design', 1, '', 10, 598),
(3041, '2015-01-07 06:39:20', '1014', 'Mix Design', 1, '', 10, 598),
(3042, '2015-01-07 06:40:08', '252', 'Preparation of Mix Design with Fly Ash and Fiber M20', 1, '', 38, 598),
(3043, '2015-01-07 06:40:19', '253', 'Preparation of Mix Design with Fly Ash and Fiber M25', 1, '', 38, 598),
(3044, '2015-01-07 06:44:22', '9', '9', 1, '', 31, 598),
(3045, '2015-01-07 06:47:26', '622', 'C-67, Phase-III, Focal Point,Ludhiana', 1, '', 22, 598),
(3046, '2015-01-07 06:48:07', '624', 'pyetoolspvtltd', 1, '', 3, 598),
(3047, '2015-01-07 06:50:28', '44', '44', 1, '', 14, 598);

-- --------------------------------------------------------

--
-- Table structure for table `django_content_type`
--

CREATE TABLE IF NOT EXISTS `django_content_type` (
  `id` int(11) NOT NULL AUTO_INCREMENT,
  `name` varchar(100) NOT NULL,
  `app_label` varchar(100) NOT NULL,
  `model` varchar(100) NOT NULL,
  PRIMARY KEY (`id`),
  UNIQUE KEY `django_content_type_app_label_45f3b1d93ec8c61c_uniq` (`app_label`,`model`)
) ENGINE=InnoDB  DEFAULT CHARSET=latin1 AUTO_INCREMENT=64 ;

--
-- Dumping data for table `django_content_type`
--

INSERT INTO `django_content_type` (`id`, `name`, `app_label`, `model`) VALUES
(1, 'permission', 'auth', 'permission'),
(2, 'group', 'auth', 'group'),
(3, 'user', 'auth', 'user'),
(4, 'content type', 'contenttypes', 'contenttype'),
(5, 'session', 'sessions', 'session'),
(6, 'site', 'sites', 'site'),
(7, 'log entry', 'admin', 'logentry'),
(8, 'm category', 'catalog', 'mcategory'),
(9, 'category', 'catalog', 'category'),
(10, 'product', 'catalog', 'product'),
(11, 'attributes', 'catalog', 'attributes'),
(12, 'mode of payment', 'catalog', 'modeofpayment'),
(13, 'surcharge', 'catalog', 'surcharge'),
(14, 'purchase order', 'catalog', 'purchaseorder'),
(15, 'purchased item', 'catalog', 'purchaseditem'),
(16, 'catalog', 'catalog', 'catalog'),
(17, 'taxes applied', 'catalog', 'taxesapplied'),
(20, 'bill', 'catalog', 'bill'),
(21, 'organisation type', 'useraccounts', 'organisationtype'),
(22, 'address', 'useraccounts', 'address'),
(23, 'admin organisations', 'useraccounts', 'adminorganisations'),
(24, 'customer', 'useraccounts', 'customer'),
(25, 'suspense order', 'suspense', 'suspenseorder'),
(26, 'suspense clearance', 'suspense', 'suspenseclearance'),
(27, 'department', 'suspense', 'department'),
(28, 'staff', 'suspense', 'staff'),
(29, 'ta da', 'suspense', 'tada'),
(30, 'quoted suspense order', 'suspense', 'quotedsuspenseorder'),
(31, 'quoted order', 'bills', 'quotedorder'),
(32, 'quoted item', 'bills', 'quoteditem'),
(34, 'quoted bill', 'bills', 'quotedbill'),
(35, 'financial session', 'voucher', 'financialsession'),
(36, 'distribution', 'voucher', 'distribution'),
(37, 'voucher id', 'voucher', 'voucherid'),
(38, 'category distribution type', 'voucher', 'categorydistributiontype'),
(39, 'calculate distribution', 'voucher', 'calculatedistribution'),
(41, 'saved registers', 'reports', 'savedregisters'),
(42, 'revision', 'reversion', 'revision'),
(43, 'version', 'reversion', 'version'),
(44, 'header footer', 'catalog', 'headerfooter'),
(45, 'vehicle', 'suspense', 'vehicle'),
(46, 'transport', 'suspense', 'transport'),
(47, 'surcharge paid', 'catalog', 'surchargepaid'),
(48, 'change request', 'catalog', 'changerequest'),
(49, 'request surcharge change', 'catalog', 'requestsurchargechange'),
(50, 'request status', 'catalog', 'requeststatus'),
(51, 'note line', 'bills', 'noteline'),
(52, 'quoted taxes applied', 'bills', 'quotedtaxesapplied'),
(53, 'quoted order note', 'bills', 'quotedordernote'),
(54, 'quoted orderof session', 'bills', 'quotedorderofsession'),
(55, 'non payment order', 'catalog', 'nonpaymentorder'),
(56, 'unit', 'catalog', 'unit'),
(57, 'voucher total', 'voucher', 'vouchertotal'),
(58, 'staff position', 'suspense', 'staffposition'),
(59, 'team name', 'programmeletter', 'teamname'),
(60, 'staff in team', 'programmeletter', 'staffinteam'),
(61, 'letter data', 'programmeletter', 'letterdata'),
(62, 'non payment order of session', 'catalog', 'nonpaymentorderofsession'),
(63, 'special categories', 'catalog', 'specialcategories');

-- --------------------------------------------------------

--
-- Table structure for table `django_migrations`
--

CREATE TABLE IF NOT EXISTS `django_migrations` (
  `id` int(11) NOT NULL AUTO_INCREMENT,
  `app` varchar(255) NOT NULL,
  `name` varchar(255) NOT NULL,
  `applied` datetime NOT NULL,
  PRIMARY KEY (`id`)
) ENGINE=InnoDB  DEFAULT CHARSET=latin1 AUTO_INCREMENT=7 ;

--
-- Dumping data for table `django_migrations`
--

INSERT INTO `django_migrations` (`id`, `app`, `name`, `applied`) VALUES
(1, 'contenttypes', '0001_initial', '2014-09-10 05:04:23'),
(2, 'auth', '0001_initial', '2014-09-10 05:04:28'),
(3, 'admin', '0001_initial', '2014-09-10 05:04:29'),
(4, 'sessions', '0001_initial', '2014-09-10 05:04:30'),
(5, 'sites', '0001_initial', '2014-09-10 05:04:31'),
(6, 'catalog', '0001_initial', '2014-09-17 04:15:33');

-- --------------------------------------------------------

--
-- Table structure for table `django_session`
--

CREATE TABLE IF NOT EXISTS `django_session` (
  `session_key` varchar(40) NOT NULL,
  `session_data` longtext NOT NULL,
  `expire_date` datetime NOT NULL,
  PRIMARY KEY (`session_key`),
  KEY `django_session_de54fa62` (`expire_date`)
) ENGINE=InnoDB DEFAULT CHARSET=latin1;

--
-- Dumping data for table `django_session`
--

INSERT INTO `django_session` (`session_key`, `session_data`, `expire_date`) VALUES
('0mlgudx1eoywjo399b6aefjwnnm0rrbk', 'MDc5NzA4ODA2NzIzYzA2NWUyNjYxNzVlYjg2MzEyYmNlYTc2MGE1YTp7InF1b3RlZF9vcmRlcl9pZCI6MSwiX2F1dGhfdXNlcl9pZCI6NTk3LCJvbGRfcG9zdCI6eyJxdW90ZWRpdGVtX3NldC02LXByaWNlX3Blcl91bml0IjoiIiwicmVmZXJlbmNlIjoiNDU1IiwicXVvdGVkaXRlbV9zZXQtOC1wcmljZV9wZXJfdW5pdCI6IiIsInF1b3RlZGl0ZW1fc2V0LTAtaXRlbSI6IjEyIiwicXVvdGVkaXRlbV9zZXQtMi1pZCI6IiIsIm1vZGVfb2ZfcGF5bWVudCI6IjEiLCJxdW90ZWRpdGVtX3NldC0xLXF0eSI6IjIiLCJxdW90ZWRpdGVtX3NldC02LWlkIjoiIiwicXVvdGVkaXRlbV9zZXQtNy1wYXJlbnRfY2F0ZWdvcnkiOiIiLCJkYXRlIjoiMjAxNC0xMi0xMiIsInF1b3RlZGl0ZW1fc2V0LTYtcXR5IjoiIiwicXVvdGVkaXRlbV9zZXQtOS1xdHkiOiIiLCJxdW90ZWRpdGVtX3NldC0zLWlkIjoiIiwicXVvdGVkaXRlbV9zZXQtOS1pZCI6IiIsInF1b3RlZGl0ZW1fc2V0LV9fcHJlZml4X18tcHJpY2VfcGVyX3VuaXQiOiIiLCJxdW90ZWRpdGVtX3NldC05LXByaWNlX3Blcl91bml0IjoiIiwicXVvdGVkaXRlbV9zZXQtMC1wcmljZV9wZXJfdW5pdCI6IjgyMDAiLCJxdW90ZWRpdGVtX3NldC05LXF1b3RlZF9vcmRlciI6IiIsInF1b3RlZGl0ZW1fc2V0LTAtaWQiOiIiLCJxdW90ZWRpdGVtX3NldC0xLXN1Yl9jYXRlZ29yeSI6IjI2OCIsInF1b3RlZGl0ZW1fc2V0LTQtaWQiOiIiLCJxdW90ZWRpdGVtX3NldC0wLXBhcmVudF9jYXRlZ29yeSI6IjI3Iiwib3JnYW5pc2F0aW9uIjoiMSIsInF1b3RlZGl0ZW1fc2V0LTMtcGFyZW50X2NhdGVnb3J5IjoiIiwicXVvdGVkaXRlbV9zZXQtNy1pZCI6IiIsImJ1eWVyX3RleHQiOiIiLCJxdW90ZWRpdGVtX3NldC01LXF0eSI6IiIsInF1b3RlZGl0ZW1fc2V0LTEtaWQiOiIiLCJxdW90ZWRpdGVtX3NldC04LXBhcmVudF9jYXRlZ29yeSI6IiIsInF1b3RlZGl0ZW1fc2V0LTEtcHJpY2VfcGVyX3VuaXQiOiIxNTAwMCIsInF1b3RlZGl0ZW1fc2V0LTctcXVvdGVkX29yZGVyIjoiIiwicXVvdGVkaXRlbV9zZXQtNS1wYXJlbnRfY2F0ZWdvcnkiOiIiLCJxdW90ZWRpdGVtX3NldC1JTklUSUFMX0ZPUk1TIjoiMCIsImJ1eWVyIjoiNDIiLCJxdW90ZWRpdGVtX3NldC0zLXF1b3RlZF9vcmRlciI6IiIsImNzcmZtaWRkbGV3YXJldG9rZW4iOiJ4dGxURkV0OFQ3cnM0RXRiQWVnYmlpOHMwRUpCV2x4ayIsInF1b3RlZGl0ZW1fc2V0LTEtaXRlbSI6Ijc1NSIsInF1b3RlZGl0ZW1fc2V0LTQtcXVvdGVkX29yZGVyIjoiIiwicXVvdGVkaXRlbV9zZXQtOS1wYXJlbnRfY2F0ZWdvcnkiOiIiLCJxdW90ZWRpdGVtX3NldC03LXByaWNlX3Blcl91bml0IjoiIiwicXVvdGVkaXRlbV9zZXQtNS1pZCI6IiIsInF1b3RlZGl0ZW1fc2V0LTAtcXVvdGVkX29yZGVyIjoiIiwicXVvdGVkaXRlbV9zZXQtNi1xdW90ZWRfb3JkZXIiOiIiLCJfc2F2ZSI6IiIsInF1b3RlZGl0ZW1fc2V0LTItcXVvdGVkX29yZGVyIjoiIiwicXVvdGVkaXRlbV9zZXQtNS1xdW90ZWRfb3JkZXIiOiIiLCJxdW90ZWRpdGVtX3NldC04LXF1b3RlZF9vcmRlciI6IiIsInF1b3RlZGl0ZW1fc2V0LTQtcHJpY2VfcGVyX3VuaXQiOiIiLCJxdW90ZWRpdGVtX3NldC1fX3ByZWZpeF9fLXF0eSI6IiIsInF1b3RlZGl0ZW1fc2V0LTgtaWQiOiIiLCJxdW90ZWRpdGVtX3NldC0xLXBhcmVudF9jYXRlZ29yeSI6IjEyOSIsInF1b3RlZGl0ZW1fc2V0LTQtcXR5IjoiIiwicXVvdGVkaXRlbV9zZXQtMi1wYXJlbnRfY2F0ZWdvcnkiOiIiLCJxdW90ZWRpdGVtX3NldC02LXBhcmVudF9jYXRlZ29yeSI6IiIsInRkcyI6IjAiLCJxdW90ZWRpdGVtX3NldC1fX3ByZWZpeF9fLXBhcmVudF9jYXRlZ29yeSI6IiIsInF1b3RlZGl0ZW1fc2V0LTMtcXR5IjoiIiwicXVvdGVkaXRlbV9zZXQtNy1xdHkiOiIiLCJxdW90ZWRpdGVtX3NldC01LXByaWNlX3Blcl91bml0IjoiIiwiZGVsaXZlcnlfYWRkcmVzcyI6IkphbGFuZGhhciIsInF1b3RlZGl0ZW1fc2V0LTMtcHJpY2VfcGVyX3VuaXQiOiIiLCJxdW90ZWRpdGVtX3NldC0xLXF1b3RlZF9vcmRlciI6IiIsInF1b3RlZGl0ZW1fc2V0LTItcHJpY2VfcGVyX3VuaXQiOiIiLCJxdW90ZWRpdGVtX3NldC0wLXN1Yl9jYXRlZ29yeSI6IjMzIiwidG90YWxfZGlzY291bnQiOiIwIiwiY2hlcXVlX2RkX251bWJlciI6IiIsInF1b3RlZGl0ZW1fc2V0LV9fcHJlZml4X18taWQiOiIiLCJxdW90ZWRpdGVtX3NldC0yLXF0eSI6IiIsInF1b3RlZGl0ZW1fc2V0LU1BWF9OVU1fRk9STVMiOiIxMDAwIiwicXVvdGVkaXRlbV9zZXQtTUlOX05VTV9GT1JNUyI6IjAiLCJxdW90ZWRpdGVtX3NldC1UT1RBTF9GT1JNUyI6IjEwIiwiY2hlcXVlX2RkX2RhdGUiOiIiLCJxdW90ZWRpdGVtX3NldC04LXF0eSI6IiIsInF1b3RlZGl0ZW1fc2V0LTQtcGFyZW50X2NhdGVnb3J5IjoiIiwicXVvdGVkaXRlbV9zZXQtMC1xdHkiOiIyIiwicXVvdGVkaXRlbV9zZXQtX19wcmVmaXhfXy1xdW90ZWRfb3JkZXIiOiIifSwicHVyY2hhc2Vfb3JkZXJfaWQiOjMsIl9hdXRoX3VzZXJfYmFja2VuZCI6ImRqYW5nby5jb250cmliLmF1dGguYmFja2VuZHMuTW9kZWxCYWNrZW5kIiwiX2F1dGhfdXNlcl9oYXNoIjoiNzcxZDRiMTkwZGY1YTQ4ZmZjODk5ZWRlOGMxNTZiNTU5NTI4NWI5NSJ9', '2014-12-26 10:31:43'),
('0qzp90ulet4tf7jf1d2cypfde5ltnqgn', 'NGQ4YjU2MzJkN2FiMzJjZjcwZThlMWM3MWUyYmMyYWU5ZTk3M2M3Njp7Il9hdXRoX3VzZXJfaGFzaCI6IjlmZDU2MDdlZGI2NTYzYzJiZTEzNTA2ZGE5NWUzMjhkYmVhNThiMWIiLCJfYXV0aF91c2VyX2JhY2tlbmQiOiJkamFuZ28uY29udHJpYi5hdXRoLmJhY2tlbmRzLk1vZGVsQmFja2VuZCIsIl9hdXRoX3VzZXJfaWQiOjU5OH0=', '2015-01-19 04:38:37'),
('0ti9m49bz1qbae9hdohnpmg4n9hno9tk', 'NzM3OTk4ZjMwZTIyY2EzOGExYTVlYzJjNzgyZWMzZDYzYzQ3YmVjNTp7fQ==', '2014-12-24 10:36:14'),
('19a3upldsroh2eq1rzl5pd256pf3nsir', 'ZjlhNGI3M2YyMzYwYzE5YWEwYzc1ZjRmOTViYjI1MDBmZjA4ZjJlZDp7Il9hdXRoX3VzZXJfaGFzaCI6ImM2YzA5M2EyMjNhNjFjYzA4YWViZGYyN2Y2M2FhYmNiOTBhYzExZjIiLCJfYXV0aF91c2VyX2JhY2tlbmQiOiJkamFuZ28uY29udHJpYi5hdXRoLmJhY2tlbmRzLk1vZGVsQmFja2VuZCIsIl9hdXRoX3VzZXJfaWQiOjUzMH0=', '2014-11-15 07:47:03'),
('1rr26uukjnyisnrnbg2kvrmbgk8bz4hm', 'MzQ1ZDNjMDdkMjFmMTI4MTNjMWY2YTFkYmEwZjkyNDk3YTNhZGViOTp7InF1b3RlZF9vcmRlcl9pZCI6MiwiX2F1dGhfdXNlcl9pZCI6NTk4LCJvbGRfcG9zdCI6eyJxdW90ZWRpdGVtX3NldC02LXByaWNlX3Blcl91bml0IjoiIiwicXVvdGVkaXRlbV9zZXQtMS10eXBlIjoiMSIsInF1b3RlZGl0ZW1fc2V0LVRPVEFMX0ZPUk1TIjoiMTAiLCJyZWZlcmVuY2UiOiIyNjE0IiwicXVvdGVkaXRlbV9zZXQtOC1wcmljZV9wZXJfdW5pdCI6IiIsInF1b3RlZGl0ZW1fc2V0LTAtaXRlbSI6Ijk2NCIsInF1b3RlZGl0ZW1fc2V0LTItaWQiOiIiLCJxdW90ZWRpdGVtX3NldC0xLXF0eSI6IjEiLCJxdW90ZWRpdGVtX3NldC02LWlkIjoiIiwicXVvdGVkaXRlbV9zZXQtNi1xdHkiOiIiLCJxdW90ZWRpdGVtX3NldC05LXF0eSI6IiIsInJlZmVyZW5jZV9kYXRlIjoiMjAxNC0xMC0zMSIsInF1b3RlZGl0ZW1fc2V0LTktdHlwZSI6IiIsInF1b3RlZGl0ZW1fc2V0LTktcHJpY2VfcGVyX3VuaXQiOiIiLCJxdW90ZWRpdGVtX3NldC1fX3ByZWZpeF9fLXByaWNlX3Blcl91bml0IjoiIiwicXVvdGVkaXRlbV9zZXQtMC1wcmljZV9wZXJfdW5pdCI6IjE1MDAwIiwicXVvdGVkaXRlbV9zZXQtMi1wcmljZV9wZXJfdW5pdCI6IiIsInF1b3RlZGl0ZW1fc2V0LTktcXVvdGVkX29yZGVyIjoiIiwicXVvdGVkaXRlbV9zZXQtMC1pZCI6IiIsInF1b3RlZGl0ZW1fc2V0LTUtdHlwZSI6IiIsInF1b3RlZGl0ZW1fc2V0LTEtc3ViX2NhdGVnb3J5IjoiMTI0IiwicXVvdGVkaXRlbV9zZXQtNC1pZCI6IiIsInF1b3RlZGl0ZW1fc2V0LTQtdHlwZSI6IiIsIm9yZ2FuaXNhdGlvbiI6IjEiLCJxdW90ZWRpdGVtX3NldC03LWlkIjoiIiwicXVvdGVkaXRlbV9zZXQtMC1wYXJlbnRfY2F0ZWdvcnkiOiIxMjkiLCJidXllcl90ZXh0IjoiIiwicXVvdGVkaXRlbV9zZXQtNS1xdHkiOiIiLCJxdW90ZWRpdGVtX3NldC05LWlkIjoiIiwicXVvdGVkaXRlbV9zZXQtMS1wcmljZV9wZXJfdW5pdCI6IjEwMDAwIiwicXVvdGVkaXRlbV9zZXQtNy1xdW90ZWRfb3JkZXIiOiIiLCJ0b3RhbF9kaXNjb3VudCI6IjAiLCJxdW90ZWRpdGVtX3NldC1JTklUSUFMX0ZPUk1TIjoiMCIsInF1b3RlZGl0ZW1fc2V0LTMtcXVvdGVkX29yZGVyIjoiIiwiY3NyZm1pZGRsZXdhcmV0b2tlbiI6Im9KUUhob0hpSkpocHJNakpXa0czMU9qU2haUmxJaWNFIiwicXVvdGVkaXRlbV9zZXQtMS1pdGVtIjoiMzQ0IiwicXVvdGVkaXRlbV9zZXQtNC1xdW90ZWRfb3JkZXIiOiIiLCJxdW90ZWRpdGVtX3NldC03LXByaWNlX3Blcl91bml0IjoiIiwicXVvdGVkaXRlbV9zZXQtNS1pZCI6IiIsInF1b3RlZGl0ZW1fc2V0LTAtcXR5IjoiMSIsInF1b3RlZGl0ZW1fc2V0LTYtcXVvdGVkX29yZGVyIjoiIiwicXVvdGVkaXRlbV9zZXQtX19wcmVmaXhfXy10eXBlIjoiIiwiX3NhdmUiOiIiLCJxdW90ZWRpdGVtX3NldC0yLXF1b3RlZF9vcmRlciI6IiIsInF1b3RlZGl0ZW1fc2V0LTUtcXVvdGVkX29yZGVyIjoiIiwicXVvdGVkaXRlbV9zZXQtOC1xdW90ZWRfb3JkZXIiOiIiLCJxdW90ZWRpdGVtX3NldC00LXByaWNlX3Blcl91bml0IjoiIiwicXVvdGVkaXRlbV9zZXQtMy10eXBlIjoiIiwicXVvdGVkaXRlbV9zZXQtX19wcmVmaXhfXy1xdHkiOiIiLCJxdW90ZWRpdGVtX3NldC03LXR5cGUiOiIiLCJxdW90ZWRpdGVtX3NldC0xLXBhcmVudF9jYXRlZ29yeSI6IjkiLCJxdW90ZWRpdGVtX3NldC00LXF0eSI6IiIsImJ1eWVyIjoiNjA0IiwicXVvdGVkaXRlbV9zZXQtMy1pZCI6IiIsInF1b3RlZGl0ZW1fc2V0LTMtcXR5IjoiIiwicXVvdGVkaXRlbV9zZXQtNy1xdHkiOiIiLCJxdW90ZWRpdGVtX3NldC01LXByaWNlX3Blcl91bml0IjoiIiwiZGVsaXZlcnlfYWRkcmVzcyI6IkRoYW5ndSBSb2FkLCBQYXRoYW5rb3QiLCJxdW90ZWRpdGVtX3NldC0zLXByaWNlX3Blcl91bml0IjoiIiwicXVvdGVkaXRlbV9zZXQtMS1pZCI6IiIsInF1b3RlZGl0ZW1fc2V0LTAtdHlwZSI6IjEiLCJxdW90ZWRpdGVtX3NldC0wLXF1b3RlZF9vcmRlciI6IiIsImNoZXF1ZV9kZF9kYXRlIjoiIiwicXVvdGVkaXRlbV9zZXQtNi10eXBlIjoiIiwiY2hlcXVlX2RkX251bWJlciI6IiIsInF1b3RlZGl0ZW1fc2V0LV9fcHJlZml4X18taWQiOiIiLCJxdW90ZWRpdGVtX3NldC0yLXF0eSI6IiIsInF1b3RlZGl0ZW1fc2V0LU1BWF9OVU1fRk9STVMiOiIxMDAwIiwicXVvdGVkaXRlbV9zZXQtTUlOX05VTV9GT1JNUyI6IjAiLCJxdW90ZWRpdGVtX3NldC0wLXN1Yl9jYXRlZ29yeSI6IjM2NSIsInF1b3RlZGl0ZW1fc2V0LTItdHlwZSI6IiIsInF1b3RlZGl0ZW1fc2V0LTgtcXR5IjoiIiwicXVvdGVkaXRlbV9zZXQtMS1xdW90ZWRfb3JkZXIiOiIiLCJxdW90ZWRpdGVtX3NldC04LWlkIjoiIiwicXVvdGVkaXRlbV9zZXQtOC10eXBlIjoiIiwicXVvdGVkaXRlbV9zZXQtX19wcmVmaXhfXy1xdW90ZWRfb3JkZXIiOiIifSwicHVyY2hhc2Vfb3JkZXJfaWQiOjIsIl9hdXRoX3VzZXJfYmFja2VuZCI6ImRqYW5nby5jb250cmliLmF1dGguYmFja2VuZHMuTW9kZWxCYWNrZW5kIiwiX2F1dGhfdXNlcl9oYXNoIjoiOWZkNTYwN2VkYjY1NjNjMmJlMTM1MDZkYTk1ZTMyOGRiZWE1OGIxYiJ9', '2015-01-05 10:05:41'),
('1wnn1mn8rhinzys8737wyyeujuwrlfqb', 'NzM3OTk4ZjMwZTIyY2EzOGExYTVlYzJjNzgyZWMzZDYzYzQ3YmVjNTp7fQ==', '2014-10-23 10:23:30'),
('2255vsvef4l6o3ukpizrygzqcg02up26', 'MDUxZmUxMTk3Nzk1NjJhNDVlMmVjODMzNTIzZjAwYTVmYWY4NDUwOTp7Il9hdXRoX3VzZXJfaGFzaCI6IjgyN2RkMmFlNjkxOGM2MjE2NmMxYWMxM2IxMDQxNDc0MGIzMjQ4ODUiLCJfYXV0aF91c2VyX2JhY2tlbmQiOiJkamFuZ28uY29udHJpYi5hdXRoLmJhY2tlbmRzLk1vZGVsQmFja2VuZCIsIl9hdXRoX3VzZXJfaWQiOjU5NX0=', '2015-01-03 08:20:46'),
('22pbkff6o9mmo0jxslntkhjj049v0aus', 'NzQ0MjMxYzE1Y2RmNjc4MjhhMjc1Mzc3ZWE2MTZkMzZlY2Y5MDBjMDp7Il9hdXRoX3VzZXJfaGFzaCI6Ijc3MWQ0YjE5MGRmNWE0OGZmYzg5OWVkZThjMTU2YjU1OTUyODViOTUiLCJfYXV0aF91c2VyX2JhY2tlbmQiOiJkamFuZ28uY29udHJpYi5hdXRoLmJhY2tlbmRzLk1vZGVsQmFja2VuZCIsIl9hdXRoX3VzZXJfaWQiOjU5N30=', '2014-12-24 10:36:29'),
('264ferzpr9r6nhwrfi66frrkblcy0mhe', 'NzM3OTk4ZjMwZTIyY2EzOGExYTVlYzJjNzgyZWMzZDYzYzQ3YmVjNTp7fQ==', '2015-01-09 09:49:44'),
('2kzsg7xdz7ithtwrascy1p61grvv883d', 'NGJjOTE2YTllMmUzNmRmNjc2MmVlNDk3NTQwZDFmYTUxZmFkMThiMDp7Im9sZF9wb3N0Ijp7InB1cmNoYXNlZGl0ZW1fc2V0LTAtaXRlbSI6IjI4MyIsInB1cmNoYXNlZGl0ZW1fc2V0LTYtcHVyY2hhc2Vfb3JkZXIiOiIiLCJyZWZlcmVuY2UiOiJsZXR0ZXIgbm8uIDIzMTIiLCJwdXJjaGFzZWRpdGVtX3NldC1UT1RBTF9GT1JNUyI6IjEwIiwicHVyY2hhc2VkaXRlbV9zZXQtMC1xdHkiOiIyIiwicHVyY2hhc2VkaXRlbV9zZXQtSU5JVElBTF9GT1JNUyI6IjAiLCJwdXJjaGFzZWRpdGVtX3NldC00LXF0eSI6IiIsInB1cmNoYXNlZGl0ZW1fc2V0LTQtcHVyY2hhc2Vfb3JkZXIiOiIiLCJwdXJjaGFzZWRpdGVtX3NldC04LXF0eSI6IiIsInRkcyI6IjAiLCJwdXJjaGFzZWRpdGVtX3NldC00LWlkIjoiIiwicHVyY2hhc2VkaXRlbV9zZXQtOC1pZCI6IiIsInB1cmNoYXNlZGl0ZW1fc2V0LTctaWQiOiIiLCJwdXJjaGFzZWRpdGVtX3NldC0xLWl0ZW0iOiIzMDEiLCJwdXJjaGFzZWRpdGVtX3NldC0yLXBhcmVudF9jYXRlZ29yeSI6IiIsInB1cmNoYXNlZGl0ZW1fc2V0LTQtcGFyZW50X2NhdGVnb3J5IjoiIiwicHVyY2hhc2VkaXRlbV9zZXQtOS1xdHkiOiIiLCJwdXJjaGFzZWRpdGVtX3NldC0xLXBhcmVudF9jYXRlZ29yeSI6IjEwIiwib3JnYW5pc2F0aW9uIjoiMSIsInB1cmNoYXNlZGl0ZW1fc2V0LTctcGFyZW50X2NhdGVnb3J5IjoiIiwiYnV5ZXJfdGV4dCI6IiIsInB1cmNoYXNlZGl0ZW1fc2V0LTAtcHVyY2hhc2Vfb3JkZXIiOiIiLCJwdXJjaGFzZWRpdGVtX3NldC01LXB1cmNoYXNlX29yZGVyIjoiIiwidG90YWxfZGlzY291bnQiOiIwIiwicHVyY2hhc2VkaXRlbV9zZXQtOS1pZCI6IiIsInB1cmNoYXNlZGl0ZW1fc2V0LTEtcHVyY2hhc2Vfb3JkZXIiOiIiLCJwdXJjaGFzZWRpdGVtX3NldC0yLXB1cmNoYXNlX29yZGVyIjoiIiwiY3NyZm1pZGRsZXdhcmV0b2tlbiI6Ijg3QmhHNFlRMnlUek9ralBjRkJxY0RBcEx3R3FjU1FzIiwicHVyY2hhc2VkaXRlbV9zZXQtX19wcmVmaXhfXy1pZCI6IiIsInB1cmNoYXNlZGl0ZW1fc2V0LTItcXR5IjoiIiwicHVyY2hhc2VkaXRlbV9zZXQtMC1wYXJlbnRfY2F0ZWdvcnkiOiIxMCIsInB1cmNoYXNlZGl0ZW1fc2V0LTUtcXR5IjoiIiwicHVyY2hhc2VkaXRlbV9zZXQtNy1wdXJjaGFzZV9vcmRlciI6IiIsIm1vZGVfb2ZfcGF5bWVudCI6IjEiLCJwdXJjaGFzZWRpdGVtX3NldC1NQVhfTlVNX0ZPUk1TIjoiMTAwMCIsInB1cmNoYXNlZGl0ZW1fc2V0LTYtcGFyZW50X2NhdGVnb3J5IjoiIiwicHVyY2hhc2VkaXRlbV9zZXQtMy1wYXJlbnRfY2F0ZWdvcnkiOiIiLCJwdXJjaGFzZWRpdGVtX3NldC01LXBhcmVudF9jYXRlZ29yeSI6IiIsInB1cmNoYXNlZGl0ZW1fc2V0LTgtcHVyY2hhc2Vfb3JkZXIiOiIiLCJwdXJjaGFzZWRpdGVtX3NldC0wLWlkIjoiIiwicHVyY2hhc2VkaXRlbV9zZXQtMy1pZCI6IiIsInB1cmNoYXNlZGl0ZW1fc2V0LTgtcGFyZW50X2NhdGVnb3J5IjoiIiwiYnV5ZXIiOiI2IiwicHVyY2hhc2VkaXRlbV9zZXQtMS1xdHkiOiIyIiwicHVyY2hhc2VkaXRlbV9zZXQtOS1wYXJlbnRfY2F0ZWdvcnkiOiIiLCJwdXJjaGFzZWRpdGVtX3NldC0xLXN1Yl9jYXRlZ29yeSI6IjE2IiwicHVyY2hhc2VkaXRlbV9zZXQtMC1zdWJfY2F0ZWdvcnkiOiIxNiIsImRlbGl2ZXJ5X2FkZHJlc3MiOiIxIiwicHVyY2hhc2VkaXRlbV9zZXQtNi1xdHkiOiIiLCJwdXJjaGFzZWRpdGVtX3NldC0zLXB1cmNoYXNlX29yZGVyIjoiIiwicHVyY2hhc2VkaXRlbV9zZXQtNy1xdHkiOiIiLCJwdXJjaGFzZWRpdGVtX3NldC1fX3ByZWZpeF9fLXBhcmVudF9jYXRlZ29yeSI6IiIsInB1cmNoYXNlZGl0ZW1fc2V0LV9fcHJlZml4X18tcXR5IjoiIiwicHVyY2hhc2VkaXRlbV9zZXQtMi1pZCI6IiIsIl9zYXZlIjoiIiwicHVyY2hhc2VkaXRlbV9zZXQtOS1wdXJjaGFzZV9vcmRlciI6IiIsInB1cmNoYXNlZGl0ZW1fc2V0LV9fcHJlZml4X18tcHVyY2hhc2Vfb3JkZXIiOiIiLCJwdXJjaGFzZWRpdGVtX3NldC0zLXF0eSI6IiIsInB1cmNoYXNlZGl0ZW1fc2V0LTUtaWQiOiIiLCJwdXJjaGFzZWRpdGVtX3NldC02LWlkIjoiIiwicHVyY2hhc2VkaXRlbV9zZXQtTUlOX05VTV9GT1JNUyI6IjAiLCJwdXJjaGFzZWRpdGVtX3NldC0xLWlkIjoiIn0sIl9hdXRoX3VzZXJfaGFzaCI6IjkzZDQ2MDc4YjZhZTY5MWIxZWRkN2MxMDJlNzFiZTA4ZGE3YjUxY2MiLCJfYXV0aF91c2VyX2lkIjoxLCJfYXV0aF91c2VyX2JhY2tlbmQiOiJkamFuZ28uY29udHJpYi5hdXRoLmJhY2tlbmRzLk1vZGVsQmFja2VuZCIsInB1cmNoYXNlX29yZGVyX2lkIjozfQ==', '2014-09-27 12:58:34'),
('2o3dd80v1kd3tnq9gtkfh6o1b1o1qjld', 'OWQzMTc3ZWFkMzlhZWI5NDczY2EyOGNiMWI4NGRmNzZhNGMzYTY5NTp7Im9sZF9wb3N0Ijp7InB1cmNoYXNlZGl0ZW1fc2V0LTAtaXRlbSI6IjE5MSIsInB1cmNoYXNlZGl0ZW1fc2V0LTYtcHVyY2hhc2Vfb3JkZXIiOiIiLCJyZWZlcmVuY2UiOiJ5b3VyIGxldHRlciBOby5OaWwgZHQuMTEtMTItMjAxNCIsInB1cmNoYXNlZGl0ZW1fc2V0LVRPVEFMX0ZPUk1TIjoiMTAiLCJwdXJjaGFzZWRpdGVtX3NldC0wLXF0eSI6IjIiLCJwdXJjaGFzZWRpdGVtX3NldC1JTklUSUFMX0ZPUk1TIjoiMCIsInB1cmNoYXNlZGl0ZW1fc2V0LTQtcXR5IjoiIiwicHVyY2hhc2VkaXRlbV9zZXQtOC1pZCI6IiIsInB1cmNoYXNlZGl0ZW1fc2V0LTQtcHVyY2hhc2Vfb3JkZXIiOiIiLCJwdXJjaGFzZWRpdGVtX3NldC04LXF0eSI6IiIsInRkcyI6IjAiLCJwdXJjaGFzZWRpdGVtX3NldC00LXByaWNlX3Blcl91bml0IjoiIiwicHVyY2hhc2VkaXRlbV9zZXQtMi1pZCI6IiIsInB1cmNoYXNlZGl0ZW1fc2V0LTQtaWQiOiIiLCJwdXJjaGFzZWRpdGVtX3NldC0yLXByaWNlX3Blcl91bml0IjoiIiwicHVyY2hhc2VkaXRlbV9zZXQtNy1pZCI6IiIsInB1cmNoYXNlZGl0ZW1fc2V0LV9fcHJlZml4X18tcHJpY2VfcGVyX3VuaXQiOiIiLCJwdXJjaGFzZWRpdGVtX3NldC0xLWl0ZW0iOiI2ODciLCJwdXJjaGFzZWRpdGVtX3NldC0yLXBhcmVudF9jYXRlZ29yeSI6IiIsInB1cmNoYXNlZGl0ZW1fc2V0LTQtcGFyZW50X2NhdGVnb3J5IjoiIiwicHVyY2hhc2VkaXRlbV9zZXQtOS1xdHkiOiIiLCJwdXJjaGFzZWRpdGVtX3NldC0xLXBhcmVudF9jYXRlZ29yeSI6IjI3IiwicHVyY2hhc2VkaXRlbV9zZXQtMS1wcmljZV9wZXJfdW5pdCI6IjgwMCIsIm9yZ2FuaXNhdGlvbiI6IjEiLCJwdXJjaGFzZWRpdGVtX3NldC04LXByaWNlX3Blcl91bml0IjoiIiwicHVyY2hhc2VkaXRlbV9zZXQtNy1wYXJlbnRfY2F0ZWdvcnkiOiIiLCJwdXJjaGFzZWRpdGVtX3NldC02LXByaWNlX3Blcl91bml0IjoiIiwiYnV5ZXJfdGV4dCI6IiIsInB1cmNoYXNlZGl0ZW1fc2V0LTAtcHVyY2hhc2Vfb3JkZXIiOiIiLCJwdXJjaGFzZWRpdGVtX3NldC01LXB1cmNoYXNlX29yZGVyIjoiIiwidG90YWxfZGlzY291bnQiOiIwIiwicHVyY2hhc2VkaXRlbV9zZXQtOS1pZCI6IiIsInB1cmNoYXNlZGl0ZW1fc2V0LTEtcHVyY2hhc2Vfb3JkZXIiOiIiLCJwdXJjaGFzZWRpdGVtX3NldC0yLXB1cmNoYXNlX29yZGVyIjoiIiwiY3NyZm1pZGRsZXdhcmV0b2tlbiI6IldZVlc1VE0zaFp3NDNQOE9xREVyeUNjWFNXdHhscTZUIiwicHVyY2hhc2VkaXRlbV9zZXQtX19wcmVmaXhfXy1pZCI6IiIsInB1cmNoYXNlZGl0ZW1fc2V0LTItcXR5IjoiIiwicHVyY2hhc2VkaXRlbV9zZXQtMC1wYXJlbnRfY2F0ZWdvcnkiOiI5IiwicHVyY2hhc2VkaXRlbV9zZXQtOS1wcmljZV9wZXJfdW5pdCI6IiIsInB1cmNoYXNlZGl0ZW1fc2V0LTUtcXR5IjoiIiwicHVyY2hhc2VkaXRlbV9zZXQtNy1wdXJjaGFzZV9vcmRlciI6IiIsIm1vZGVfb2ZfcGF5bWVudCI6IjEiLCJwdXJjaGFzZWRpdGVtX3NldC1NQVhfTlVNX0ZPUk1TIjoiMTAwMCIsIl9zYXZlIjoiIiwicHVyY2hhc2VkaXRlbV9zZXQtMy1wYXJlbnRfY2F0ZWdvcnkiOiIiLCJwdXJjaGFzZWRpdGVtX3NldC01LXByaWNlX3Blcl91bml0IjoiIiwicHVyY2hhc2VkaXRlbV9zZXQtNS1wYXJlbnRfY2F0ZWdvcnkiOiIiLCJwdXJjaGFzZWRpdGVtX3NldC04LXB1cmNoYXNlX29yZGVyIjoiIiwicHVyY2hhc2VkaXRlbV9zZXQtMC1pZCI6IiIsInB1cmNoYXNlZGl0ZW1fc2V0LTMtaWQiOiIiLCJwdXJjaGFzZWRpdGVtX3NldC04LXBhcmVudF9jYXRlZ29yeSI6IiIsImJ1eWVyIjoiMTM0IiwicHVyY2hhc2VkaXRlbV9zZXQtMS1xdHkiOiIzIiwicHVyY2hhc2VkaXRlbV9zZXQtOS1wYXJlbnRfY2F0ZWdvcnkiOiIiLCJwdXJjaGFzZWRpdGVtX3NldC0xLXN1Yl9jYXRlZ29yeSI6IjIzMCIsInB1cmNoYXNlZGl0ZW1fc2V0LTAtc3ViX2NhdGVnb3J5IjoiNzAiLCJkZWxpdmVyeV9hZGRyZXNzIjoiRm9jYWwgUG9pbnQsIEx1ZGhpYW5hIiwicHVyY2hhc2VkaXRlbV9zZXQtNi1xdHkiOiIiLCJwdXJjaGFzZWRpdGVtX3NldC0zLXB1cmNoYXNlX29yZGVyIjoiIiwicHVyY2hhc2VkaXRlbV9zZXQtNy1wcmljZV9wZXJfdW5pdCI6IiIsInB1cmNoYXNlZGl0ZW1fc2V0LTctcXR5IjoiIiwicHVyY2hhc2VkaXRlbV9zZXQtX19wcmVmaXhfXy1wYXJlbnRfY2F0ZWdvcnkiOiIiLCJjaGVxdWVfZGRfZGF0ZSI6IiIsImNoZXF1ZV9kZF9udW1iZXIiOiIiLCJwdXJjaGFzZWRpdGVtX3NldC02LXBhcmVudF9jYXRlZ29yeSI6IiIsInB1cmNoYXNlZGl0ZW1fc2V0LTAtcHJpY2VfcGVyX3VuaXQiOiIxMjAwIiwicHVyY2hhc2VkaXRlbV9zZXQtOS1wdXJjaGFzZV9vcmRlciI6IiIsInB1cmNoYXNlZGl0ZW1fc2V0LV9fcHJlZml4X18tcHVyY2hhc2Vfb3JkZXIiOiIiLCJwdXJjaGFzZWRpdGVtX3NldC0zLXF0eSI6IiIsInB1cmNoYXNlZGl0ZW1fc2V0LTMtcHJpY2VfcGVyX3VuaXQiOiIiLCJwdXJjaGFzZWRpdGVtX3NldC1fX3ByZWZpeF9fLXF0eSI6IiIsInB1cmNoYXNlZGl0ZW1fc2V0LTUtaWQiOiIiLCJwdXJjaGFzZWRpdGVtX3NldC02LWlkIjoiIiwicHVyY2hhc2VkaXRlbV9zZXQtTUlOX05VTV9GT1JNUyI6IjAiLCJwdXJjaGFzZWRpdGVtX3NldC0xLWlkIjoiIn0sIl9hdXRoX3VzZXJfaGFzaCI6IjkyZmMzZTYzNDczMjgwYjNhNmYzYTM5ZTgwZWE5ZGU3YjdjNGJmOGYiLCJfYXV0aF91c2VyX2JhY2tlbmQiOiJkamFuZ28uY29udHJpYi5hdXRoLmJhY2tlbmRzLk1vZGVsQmFja2VuZCIsIl9hdXRoX3VzZXJfaWQiOjU5NiwicHVyY2hhc2Vfb3JkZXJfaWQiOjJ9', '2014-12-25 07:20:48'),
('3bm6n6x4mayfqoonfdb8538xbjcdqx9q', 'MDUxZmUxMTk3Nzk1NjJhNDVlMmVjODMzNTIzZjAwYTVmYWY4NDUwOTp7Il9hdXRoX3VzZXJfaGFzaCI6IjgyN2RkMmFlNjkxOGM2MjE2NmMxYWMxM2IxMDQxNDc0MGIzMjQ4ODUiLCJfYXV0aF91c2VyX2JhY2tlbmQiOiJkamFuZ28uY29udHJpYi5hdXRoLmJhY2tlbmRzLk1vZGVsQmFja2VuZCIsIl9hdXRoX3VzZXJfaWQiOjU5NX0=', '2014-12-31 10:11:25'),
('3f5vid94h33lmf74nt33lqfvqvi22mjc', 'MDUxZmUxMTk3Nzk1NjJhNDVlMmVjODMzNTIzZjAwYTVmYWY4NDUwOTp7Il9hdXRoX3VzZXJfaGFzaCI6IjgyN2RkMmFlNjkxOGM2MjE2NmMxYWMxM2IxMDQxNDc0MGIzMjQ4ODUiLCJfYXV0aF91c2VyX2JhY2tlbmQiOiJkamFuZ28uY29udHJpYi5hdXRoLmJhY2tlbmRzLk1vZGVsQmFja2VuZCIsIl9hdXRoX3VzZXJfaWQiOjU5NX0=', '2014-12-11 06:48:49'),
('3n4plc6s39l0smc1wa9xw7kyu8401ndx', 'YTA5ZjNmOWZjOWRhNjMzZTUxNjliMGYxMzQyOGY0ZjE1MzU1YTkwMzp7InF1b3RlZF9vcmRlcl9pZCI6MSwiX2F1dGhfdXNlcl9pZCI6NTk3LCJvbGRfcG9zdCI6eyJxdW90ZWRpdGVtX3NldC02LXByaWNlX3Blcl91bml0IjoiIiwicXVvdGVkaXRlbV9zZXQtMS10eXBlIjoiIiwicXVvdGVkaXRlbV9zZXQtVE9UQUxfRk9STVMiOiIxMCIsInJlZmVyZW5jZSI6Ik5pbCIsInF1b3RlZGl0ZW1fc2V0LTgtcHJpY2VfcGVyX3VuaXQiOiIiLCJxdW90ZWRpdGVtX3NldC0wLWl0ZW0iOiI3MCIsInF1b3RlZGl0ZW1fc2V0LTItaWQiOiIiLCJxdW90ZWRpdGVtX3NldC0xLXF0eSI6IiIsInF1b3RlZGl0ZW1fc2V0LTYtaWQiOiIiLCJxdW90ZWRpdGVtX3NldC02LXF0eSI6IiIsInF1b3RlZGl0ZW1fc2V0LTktcXR5IjoiIiwicmVmZXJlbmNlX2RhdGUiOiIyMDE0LTEyLTIwIiwicXVvdGVkaXRlbV9zZXQtOS10eXBlIjoiIiwicXVvdGVkaXRlbV9zZXQtOS1wcmljZV9wZXJfdW5pdCI6IiIsInF1b3RlZGl0ZW1fc2V0LV9fcHJlZml4X18tcHJpY2VfcGVyX3VuaXQiOiIiLCJxdW90ZWRpdGVtX3NldC0wLXByaWNlX3Blcl91bml0IjoiNTAwIiwicXVvdGVkaXRlbV9zZXQtMi1wcmljZV9wZXJfdW5pdCI6IiIsInF1b3RlZGl0ZW1fc2V0LTktcXVvdGVkX29yZGVyIjoiIiwicXVvdGVkaXRlbV9zZXQtMC1pZCI6IiIsInF1b3RlZGl0ZW1fc2V0LTUtdHlwZSI6IiIsInF1b3RlZGl0ZW1fc2V0LTQtaWQiOiIiLCJxdW90ZWRpdGVtX3NldC00LXR5cGUiOiIiLCJvcmdhbmlzYXRpb24iOiIxIiwicXVvdGVkaXRlbV9zZXQtNy1pZCI6IiIsInF1b3RlZGl0ZW1fc2V0LTAtcGFyZW50X2NhdGVnb3J5IjoiOSIsImJ1eWVyX3RleHQiOiIiLCJxdW90ZWRpdGVtX3NldC01LXF0eSI6IiIsInF1b3RlZGl0ZW1fc2V0LTktaWQiOiIiLCJxdW90ZWRpdGVtX3NldC0xLXByaWNlX3Blcl91bml0IjoiIiwicXVvdGVkaXRlbV9zZXQtNy1xdW90ZWRfb3JkZXIiOiIiLCJ0b3RhbF9kaXNjb3VudCI6IjAiLCJxdW90ZWRpdGVtX3NldC1JTklUSUFMX0ZPUk1TIjoiMCIsInF1b3RlZGl0ZW1fc2V0LTMtcXVvdGVkX29yZGVyIjoiIiwiY3NyZm1pZGRsZXdhcmV0b2tlbiI6IklKRUJqa1dRN0xwb011ckRtZmcxUWIzODYycHVqSTZCIiwicXVvdGVkaXRlbV9zZXQtX19wcmVmaXhfXy1xdHkiOiIiLCJxdW90ZWRpdGVtX3NldC00LXF1b3RlZF9vcmRlciI6IiIsInF1b3RlZGl0ZW1fc2V0LTctcHJpY2VfcGVyX3VuaXQiOiIiLCJxdW90ZWRpdGVtX3NldC01LWlkIjoiIiwicXVvdGVkaXRlbV9zZXQtMC1xdHkiOiIzIiwicXVvdGVkaXRlbV9zZXQtNi1xdW90ZWRfb3JkZXIiOiIiLCJxdW90ZWRpdGVtX3NldC1fX3ByZWZpeF9fLXR5cGUiOiIiLCJfc2F2ZSI6IiIsInF1b3RlZGl0ZW1fc2V0LTItcXVvdGVkX29yZGVyIjoiIiwicXVvdGVkaXRlbV9zZXQtNS1xdW90ZWRfb3JkZXIiOiIiLCJxdW90ZWRpdGVtX3NldC04LXF1b3RlZF9vcmRlciI6IiIsInF1b3RlZGl0ZW1fc2V0LTQtcHJpY2VfcGVyX3VuaXQiOiIiLCJxdW90ZWRpdGVtX3NldC0zLXR5cGUiOiIiLCJxdW90ZWRpdGVtX3NldC03LXR5cGUiOiIiLCJxdW90ZWRpdGVtX3NldC00LXF0eSI6IiIsImJ1eWVyIjoiNjAyIiwicXVvdGVkaXRlbV9zZXQtMy1pZCI6IiIsInF1b3RlZGl0ZW1fc2V0LTMtcXR5IjoiIiwicXVvdGVkaXRlbV9zZXQtNy1xdHkiOiIiLCJxdW90ZWRpdGVtX3NldC01LXByaWNlX3Blcl91bml0IjoiIiwiZGVsaXZlcnlfYWRkcmVzcyI6IlZpbGxhZ2UgS2hhbnB1cmEiLCJxdW90ZWRpdGVtX3NldC0zLXByaWNlX3Blcl91bml0IjoiIiwicXVvdGVkaXRlbV9zZXQtMS1pZCI6IiIsInF1b3RlZGl0ZW1fc2V0LTAtdHlwZSI6IjEiLCJxdW90ZWRpdGVtX3NldC0wLXF1b3RlZF9vcmRlciI6IiIsImNoZXF1ZV9kZF9kYXRlIjoiIiwicXVvdGVkaXRlbV9zZXQtNi10eXBlIjoiIiwiY2hlcXVlX2RkX251bWJlciI6IiIsInF1b3RlZGl0ZW1fc2V0LV9fcHJlZml4X18taWQiOiIiLCJxdW90ZWRpdGVtX3NldC0yLXF0eSI6IiIsInF1b3RlZGl0ZW1fc2V0LU1BWF9OVU1fRk9STVMiOiIxMDAwIiwicXVvdGVkaXRlbV9zZXQtTUlOX05VTV9GT1JNUyI6IjAiLCJxdW90ZWRpdGVtX3NldC0wLXN1Yl9jYXRlZ29yeSI6IjM0IiwicXVvdGVkaXRlbV9zZXQtMi10eXBlIjoiIiwicXVvdGVkaXRlbV9zZXQtOC1xdHkiOiIiLCJxdW90ZWRpdGVtX3NldC0xLXF1b3RlZF9vcmRlciI6IiIsInF1b3RlZGl0ZW1fc2V0LTgtaWQiOiIiLCJxdW90ZWRpdGVtX3NldC04LXR5cGUiOiIiLCJxdW90ZWRpdGVtX3NldC1fX3ByZWZpeF9fLXF1b3RlZF9vcmRlciI6IiJ9LCJwdXJjaGFzZV9vcmRlcl9pZCI6MSwiX2F1dGhfdXNlcl9iYWNrZW5kIjoiZGphbmdvLmNvbnRyaWIuYXV0aC5iYWNrZW5kcy5Nb2RlbEJhY2tlbmQiLCJfYXV0aF91c2VyX2hhc2giOiI3NzFkNGIxOTBkZjVhNDhmZmM4OTllZGU4YzE1NmI1NTk1Mjg1Yjk1In0=', '2015-01-03 06:48:12'),
('5c9g89uvwsvhbh7m56e1exefoneh4900', 'YjQ5OWRjZDEyNjJhZTI1ZDVlNGFjZDA0MWU1MmIyYTIxN2YyOGU0OTp7Il9hdXRoX3VzZXJfaGFzaCI6IjRiOWE0MmNjMWQxZjIzOWQwYTQwZGY3MjI5YzljNGM4ODNiZGM0NjQiLCJfYXV0aF91c2VyX2JhY2tlbmQiOiJkamFuZ28uY29udHJpYi5hdXRoLmJhY2tlbmRzLk1vZGVsQmFja2VuZCIsIl9hdXRoX3VzZXJfaWQiOjJ9', '2014-09-24 07:14:07'),
('5xhi830ze4882rxnrl23v3vimkph1gs4', 'NGQ4YjU2MzJkN2FiMzJjZjcwZThlMWM3MWUyYmMyYWU5ZTk3M2M3Njp7Il9hdXRoX3VzZXJfaGFzaCI6IjlmZDU2MDdlZGI2NTYzYzJiZTEzNTA2ZGE5NWUzMjhkYmVhNThiMWIiLCJfYXV0aF91c2VyX2JhY2tlbmQiOiJkamFuZ28uY29udHJpYi5hdXRoLmJhY2tlbmRzLk1vZGVsQmFja2VuZCIsIl9hdXRoX3VzZXJfaWQiOjU5OH0=', '2015-01-14 04:44:50'),
('60mfiw6h4d2i8ppzqn0grqygfbaxqf1j', 'MjRjNGRiYjZiMjAwMjA0YzA2ZDNkMjY2YTUwOWY4MDJhOTVmMDczYTp7Im9sZF9wb3N0Ijp7InB1cmNoYXNlZGl0ZW1fc2V0LTgtaWQiOiIiLCJwdXJjaGFzZWRpdGVtX3NldC04LXByaWNlX3Blcl91bml0IjoiIiwicHVyY2hhc2VkaXRlbV9zZXQtMjctcHJpY2VfcGVyX3VuaXQiOiIiLCJwdXJjaGFzZWRpdGVtX3NldC0xLXR5cGUiOiIiLCJwdXJjaGFzZWRpdGVtX3NldC00LXF0eSI6IiIsInB1cmNoYXNlZGl0ZW1fc2V0LTQtcHVyY2hhc2Vfb3JkZXIiOiIiLCJwdXJjaGFzZWRpdGVtX3NldC0xMi1wcmljZV9wZXJfdW5pdCI6IiIsInB1cmNoYXNlZGl0ZW1fc2V0LTEzLXByaWNlX3Blcl91bml0IjoiIiwicHVyY2hhc2VkaXRlbV9zZXQtMjMtdHlwZSI6IiIsInB1cmNoYXNlZGl0ZW1fc2V0LTQtaWQiOiIiLCJwdXJjaGFzZWRpdGVtX3NldC03LWlkIjoiIiwicHVyY2hhc2VkaXRlbV9zZXQtX19wcmVmaXhfXy1wcmljZV9wZXJfdW5pdCI6IiIsInB1cmNoYXNlZGl0ZW1fc2V0LTE0LWlkIjoiIiwicHVyY2hhc2VkaXRlbV9zZXQtMS1wcmljZV9wZXJfdW5pdCI6IiIsIm9yZ2FuaXNhdGlvbiI6IjEiLCJwdXJjaGFzZWRpdGVtX3NldC0yNy10eXBlIjoiIiwicHVyY2hhc2VkaXRlbV9zZXQtMC1xdHkiOiIzIiwicHVyY2hhc2VkaXRlbV9zZXQtMTUtcHJpY2VfcGVyX3VuaXQiOiIiLCJwdXJjaGFzZWRpdGVtX3NldC0xNi1wcmljZV9wZXJfdW5pdCI6IiIsInB1cmNoYXNlZGl0ZW1fc2V0LV9fcHJlZml4X18tcXR5IjoiIiwicHVyY2hhc2VkaXRlbV9zZXQtMy10eXBlIjoiIiwicHVyY2hhc2VkaXRlbV9zZXQtMjEtaWQiOiIiLCJwdXJjaGFzZWRpdGVtX3NldC0xMS1wdXJjaGFzZV9vcmRlciI6IiIsInR5cGVfb2Zfc2VydmljZSI6IjIiLCJwdXJjaGFzZWRpdGVtX3NldC0xMi1wdXJjaGFzZV9vcmRlciI6IiIsInB1cmNoYXNlZGl0ZW1fc2V0LTUtcHJpY2VfcGVyX3VuaXQiOiIiLCJwdXJjaGFzZWRpdGVtX3NldC0xNC1xdHkiOiIiLCJwdXJjaGFzZWRpdGVtX3NldC0yNS1wcmljZV9wZXJfdW5pdCI6IiIsInB1cmNoYXNlZGl0ZW1fc2V0LTE1LXF0eSI6IiIsImJ1eWVyIjoiNjE3IiwicHVyY2hhc2VkaXRlbV9zZXQtMTctcHJpY2VfcGVyX3VuaXQiOiIiLCJwdXJjaGFzZWRpdGVtX3NldC0xMC1wcmljZV9wZXJfdW5pdCI6IiIsInB1cmNoYXNlZGl0ZW1fc2V0LTE3LWlkIjoiIiwicHVyY2hhc2VkaXRlbV9zZXQtMjgtdHlwZSI6IiIsInB1cmNoYXNlZGl0ZW1fc2V0LTE3LXF0eSI6IiIsImNoZXF1ZV9kZF9udW1iZXIiOiIiLCJwdXJjaGFzZWRpdGVtX3NldC0yMi10eXBlIjoiIiwicHVyY2hhc2VkaXRlbV9zZXQtMTAtcHVyY2hhc2Vfb3JkZXIiOiIiLCJwdXJjaGFzZWRpdGVtX3NldC0yNi10eXBlIjoiIiwicHVyY2hhc2VkaXRlbV9zZXQtMjctcXR5IjoiIiwicHVyY2hhc2VkaXRlbV9zZXQtMy1wcmljZV9wZXJfdW5pdCI6IiIsInB1cmNoYXNlZGl0ZW1fc2V0LTI0LXByaWNlX3Blcl91bml0IjoiIiwicHVyY2hhc2VkaXRlbV9zZXQtTUlOX05VTV9GT1JNUyI6IjAiLCJwdXJjaGFzZWRpdGVtX3NldC0xLWlkIjoiIiwicHVyY2hhc2VkaXRlbV9zZXQtMTgtaWQiOiIiLCJyZWZlcmVuY2UiOiJTcGwuMSIsIm1vZGVfb2ZfcGF5bWVudCI6IjEiLCJwdXJjaGFzZWRpdGVtX3NldC0xNS1wdXJjaGFzZV9vcmRlciI6IiIsInB1cmNoYXNlZGl0ZW1fc2V0LTIwLXF0eSI6IiIsInB1cmNoYXNlZGl0ZW1fc2V0LV9fcHJlZml4X18tdHlwZSI6IiIsInB1cmNoYXNlZGl0ZW1fc2V0LTEyLXR5cGUiOiIiLCJwdXJjaGFzZWRpdGVtX3NldC0xMS1pZCI6IiIsInB1cmNoYXNlZGl0ZW1fc2V0LTI1LXF0eSI6IiIsInB1cmNoYXNlZGl0ZW1fc2V0LTIyLXF0eSI6IiIsInB1cmNoYXNlZGl0ZW1fc2V0LTktcXR5IjoiIiwicHVyY2hhc2VkaXRlbV9zZXQtMTMtdHlwZSI6IiIsInB1cmNoYXNlZGl0ZW1fc2V0LTE0LXB1cmNoYXNlX29yZGVyIjoiIiwicHVyY2hhc2VkaXRlbV9zZXQtMjItcHJpY2VfcGVyX3VuaXQiOiIiLCJwdXJjaGFzZWRpdGVtX3NldC0wLXB1cmNoYXNlX29yZGVyIjoiIiwicHVyY2hhc2VkaXRlbV9zZXQtOS1pZCI6IiIsInB1cmNoYXNlZGl0ZW1fc2V0LTItcHVyY2hhc2Vfb3JkZXIiOiIiLCJwdXJjaGFzZWRpdGVtX3NldC0yMC10eXBlIjoiIiwicHVyY2hhc2VkaXRlbV9zZXQtMjktdHlwZSI6IiIsInB1cmNoYXNlZGl0ZW1fc2V0LTItcXR5IjoiIiwicHVyY2hhc2VkaXRlbV9zZXQtMjktcXR5IjoiIiwicHVyY2hhc2VkaXRlbV9zZXQtNy1wdXJjaGFzZV9vcmRlciI6IiIsInB1cmNoYXNlZGl0ZW1fc2V0LTIwLWlkIjoiIiwicHVyY2hhc2VkaXRlbV9zZXQtOC10eXBlIjoiIiwicHVyY2hhc2VkaXRlbV9zZXQtMTAtdHlwZSI6IiIsInB1cmNoYXNlZGl0ZW1fc2V0LTI2LXB1cmNoYXNlX29yZGVyIjoiIiwidGRzIjoiMCIsInB1cmNoYXNlZGl0ZW1fc2V0LTI5LXB1cmNoYXNlX29yZGVyIjoiIiwicHVyY2hhc2VkaXRlbV9zZXQtMi10eXBlIjoiIiwiZGVsaXZlcnlfYWRkcmVzcyI6IkNvbnN0cnVjdGlvbiBvZiBXLk5vLjkgZnJvbSBob3VzZSBLZXNhciBTaW5naCBQYXR2ZXJ5IHRvIEJlZXIgQWNhZGVteSxBbWxvaCIsInB1cmNoYXNlZGl0ZW1fc2V0LTE2LWlkIjoiIiwicHVyY2hhc2VkaXRlbV9zZXQtMy1pZCI6IiIsImNoZXF1ZV9kZF9kYXRlIjoiIiwicHVyY2hhc2VkaXRlbV9zZXQtMjMtcHJpY2VfcGVyX3VuaXQiOiIiLCJwdXJjaGFzZWRpdGVtX3NldC0yLWlkIjoiIiwicHVyY2hhc2VkaXRlbV9zZXQtMTYtdHlwZSI6IiIsInB1cmNoYXNlZGl0ZW1fc2V0LTktcHVyY2hhc2Vfb3JkZXIiOiIiLCJwdXJjaGFzZWRpdGVtX3NldC0xOS1wcmljZV9wZXJfdW5pdCI6IiIsInB1cmNoYXNlZGl0ZW1fc2V0LTUtdHlwZSI6IiIsInB1cmNoYXNlZGl0ZW1fc2V0LTUtaWQiOiIiLCJwdXJjaGFzZWRpdGVtX3NldC0yOC1wdXJjaGFzZV9vcmRlciI6IiIsInB1cmNoYXNlZGl0ZW1fc2V0LTI4LXByaWNlX3Blcl91bml0IjoiIiwicHVyY2hhc2VkaXRlbV9zZXQtMjgtcXR5IjoiIiwicHVyY2hhc2VkaXRlbV9zZXQtVE9UQUxfRk9STVMiOiIzMCIsInB1cmNoYXNlZGl0ZW1fc2V0LTIxLXF0eSI6IiIsInB1cmNoYXNlZGl0ZW1fc2V0LUlOSVRJQUxfRk9STVMiOiIwIiwicHVyY2hhc2VkaXRlbV9zZXQtMjAtcHJpY2VfcGVyX3VuaXQiOiIiLCJwdXJjaGFzZWRpdGVtX3NldC0yNC1pZCI6IiIsInB1cmNoYXNlZGl0ZW1fc2V0LTQtcHJpY2VfcGVyX3VuaXQiOiIiLCJwdXJjaGFzZWRpdGVtX3NldC0yLXByaWNlX3Blcl91bml0IjoiIiwicHVyY2hhc2VkaXRlbV9zZXQtMjMtaWQiOiIiLCJwdXJjaGFzZWRpdGVtX3NldC0xNi1wdXJjaGFzZV9vcmRlciI6IiIsInB1cmNoYXNlZGl0ZW1fc2V0LTE3LXR5cGUiOiIiLCJwdXJjaGFzZWRpdGVtX3NldC0xOS1wdXJjaGFzZV9vcmRlciI6IiIsImJ1eWVyX3RleHQiOiIiLCJwdXJjaGFzZWRpdGVtX3NldC01LXB1cmNoYXNlX29yZGVyIjoiIiwicHVyY2hhc2VkaXRlbV9zZXQtMTMtaWQiOiIiLCJwdXJjaGFzZWRpdGVtX3NldC0xNy1wdXJjaGFzZV9vcmRlciI6IiIsInB1cmNoYXNlZGl0ZW1fc2V0LTEtcHVyY2hhc2Vfb3JkZXIiOiIiLCJwdXJjaGFzZWRpdGVtX3NldC0yMi1pZCI6IiIsInB1cmNoYXNlZGl0ZW1fc2V0LV9fcHJlZml4X18taWQiOiIiLCJwdXJjaGFzZWRpdGVtX3NldC0wLXBhcmVudF9jYXRlZ29yeSI6IjkiLCJwdXJjaGFzZWRpdGVtX3NldC05LXByaWNlX3Blcl91bml0IjoiIiwicHVyY2hhc2VkaXRlbV9zZXQtNS1xdHkiOiIiLCJfc2F2ZSI6IiIsInB1cmNoYXNlZGl0ZW1fc2V0LTI1LXB1cmNoYXNlX29yZGVyIjoiIiwicHVyY2hhc2VkaXRlbV9zZXQtMjYtcHJpY2VfcGVyX3VuaXQiOiIiLCJwdXJjaGFzZWRpdGVtX3NldC0wLXR5cGUiOiIxIiwicHVyY2hhc2VkaXRlbV9zZXQtMjktaWQiOiIiLCJwdXJjaGFzZWRpdGVtX3NldC0yNC1wdXJjaGFzZV9vcmRlciI6IiIsInB1cmNoYXNlZGl0ZW1fc2V0LTI1LXR5cGUiOiIiLCJwdXJjaGFzZWRpdGVtX3NldC0xMi1xdHkiOiIiLCJwdXJjaGFzZWRpdGVtX3NldC0xLXF0eSI6IiIsInB1cmNoYXNlZGl0ZW1fc2V0LTE5LWlkIjoiIiwicHVyY2hhc2VkaXRlbV9zZXQtOC1xdHkiOiIiLCJwdXJjaGFzZWRpdGVtX3NldC0yMS1wdXJjaGFzZV9vcmRlciI6IiIsInB1cmNoYXNlZGl0ZW1fc2V0LTEwLXF0eSI6IiIsInB1cmNoYXNlZGl0ZW1fc2V0LTctcXR5IjoiIiwicHVyY2hhc2VkaXRlbV9zZXQtMjEtcHJpY2VfcGVyX3VuaXQiOiIiLCJwdXJjaGFzZWRpdGVtX3NldC0xNC10eXBlIjoiIiwicHVyY2hhc2VkaXRlbV9zZXQtMTktdHlwZSI6IiIsInB1cmNoYXNlZGl0ZW1fc2V0LTktdHlwZSI6IiIsInB1cmNoYXNlZGl0ZW1fc2V0LTExLXR5cGUiOiIiLCJwdXJjaGFzZWRpdGVtX3NldC0wLWl0ZW0iOiI3MTAiLCJwdXJjaGFzZWRpdGVtX3NldC02LXB1cmNoYXNlX29yZGVyIjoiIiwicHVyY2hhc2VkaXRlbV9zZXQtNy1wcmljZV9wZXJfdW5pdCI6IiIsInB1cmNoYXNlZGl0ZW1fc2V0LTEzLXF0eSI6IiIsInB1cmNoYXNlZGl0ZW1fc2V0LTE4LXB1cmNoYXNlX29yZGVyIjoiIiwicHVyY2hhc2VkaXRlbV9zZXQtNC10eXBlIjoiIiwicHVyY2hhc2VkaXRlbV9zZXQtMjMtcXR5IjoiIiwicHVyY2hhc2VkaXRlbV9zZXQtMTYtcXR5IjoiIiwicmVmZXJlbmNlX2RhdGUiOiIyMDE0LTExLTE3IiwicHVyY2hhc2VkaXRlbV9zZXQtMTQtcHJpY2VfcGVyX3VuaXQiOiIiLCJwdXJjaGFzZWRpdGVtX3NldC0yNy1pZCI6IiIsInB1cmNoYXNlZGl0ZW1fc2V0LTYtdHlwZSI6IiIsInB1cmNoYXNlZGl0ZW1fc2V0LTIwLXB1cmNoYXNlX29yZGVyIjoiIiwicHVyY2hhc2VkaXRlbV9zZXQtMy1wdXJjaGFzZV9vcmRlciI6IiIsInB1cmNoYXNlZGl0ZW1fc2V0LTI2LXF0eSI6IiIsInB1cmNoYXNlZGl0ZW1fc2V0LTYtaWQiOiIiLCJwdXJjaGFzZWRpdGVtX3NldC0xOC1xdHkiOiIiLCJwdXJjaGFzZWRpdGVtX3NldC02LXByaWNlX3Blcl91bml0IjoiIiwicHVyY2hhc2VkaXRlbV9zZXQtMjItcHVyY2hhc2Vfb3JkZXIiOiIiLCJwdXJjaGFzZWRpdGVtX3NldC0zLXF0eSI6IiIsInB1cmNoYXNlZGl0ZW1fc2V0LTctdHlwZSI6IiIsInRvdGFsX2Rpc2NvdW50IjoiMCIsImNzcmZtaWRkbGV3YXJldG9rZW4iOiJqZ3NEa09BQWJTM3dlMlBFSU9TZENmdGJiVUhFYjRzUCIsInB1cmNoYXNlZGl0ZW1fc2V0LTExLXByaWNlX3Blcl91bml0IjoiIiwicHVyY2hhc2VkaXRlbV9zZXQtMTgtcHJpY2VfcGVyX3VuaXQiOiIiLCJwdXJjaGFzZWRpdGVtX3NldC1NQVhfTlVNX0ZPUk1TIjoiMTAwMCIsInB1cmNoYXNlZGl0ZW1fc2V0LTE4LXR5cGUiOiIiLCJwdXJjaGFzZWRpdGVtX3NldC04LXB1cmNoYXNlX29yZGVyIjoiIiwicHVyY2hhc2VkaXRlbV9zZXQtMC1pZCI6IiIsInB1cmNoYXNlZGl0ZW1fc2V0LTE1LXR5cGUiOiIiLCJwdXJjaGFzZWRpdGVtX3NldC0yOC1pZCI6IiIsInB1cmNoYXNlZGl0ZW1fc2V0LTIxLXR5cGUiOiIiLCJwdXJjaGFzZWRpdGVtX3NldC0xMC1pZCI6IiIsInB1cmNoYXNlZGl0ZW1fc2V0LTI3LXB1cmNoYXNlX29yZGVyIjoiIiwicHVyY2hhc2VkaXRlbV9zZXQtMjMtcHVyY2hhc2Vfb3JkZXIiOiIiLCJwdXJjaGFzZWRpdGVtX3NldC0wLXN1Yl9jYXRlZ29yeSI6IjI0OCIsInB1cmNoYXNlZGl0ZW1fc2V0LTYtcXR5IjoiIiwicHVyY2hhc2VkaXRlbV9zZXQtMTItaWQiOiIiLCJwdXJjaGFzZWRpdGVtX3NldC0yNC1xdHkiOiIiLCJwdXJjaGFzZWRpdGVtX3NldC0yNi1pZCI6IiIsInB1cmNoYXNlZGl0ZW1fc2V0LTAtcHJpY2VfcGVyX3VuaXQiOiIzMDAiLCJwdXJjaGFzZWRpdGVtX3NldC0yNS1pZCI6IiIsInB1cmNoYXNlZGl0ZW1fc2V0LV9fcHJlZml4X18tcHVyY2hhc2Vfb3JkZXIiOiIiLCJwdXJjaGFzZWRpdGVtX3NldC0xNS1pZCI6IiIsInB1cmNoYXNlZGl0ZW1fc2V0LTExLXF0eSI6IiIsInB1cmNoYXNlZGl0ZW1fc2V0LTEzLXB1cmNoYXNlX29yZGVyIjoiIiwicHVyY2hhc2VkaXRlbV9zZXQtMjktcHJpY2VfcGVyX3VuaXQiOiIiLCJwdXJjaGFzZWRpdGVtX3NldC0yNC10eXBlIjoiIiwicHVyY2hhc2VkaXRlbV9zZXQtMTktcXR5IjoiIn0sIl9hdXRoX3VzZXJfaGFzaCI6ImZlMTc1ODM5ZmQ1ZGVjYmE2YjgyNmNjNjQyZjg1ZDMyODViZGQ5NmQiLCJfYXV0aF91c2VyX2JhY2tlbmQiOiJkamFuZ28uY29udHJpYi5hdXRoLmJhY2tlbmRzLk1vZGVsQmFja2VuZCIsIl9hdXRoX3VzZXJfaWQiOjU5NiwicHVyY2hhc2Vfb3JkZXJfaWQiOjI5fQ==', '2015-01-16 07:33:20'),
('6mylvjvhath17ol837wojalfjbrekobz', 'ZTMyYzZiYTA1ZjUyMTM1NzA3NDY5Mjk4NzM2ODc3NWFhMjFmMzg4Mzp7Im9sZF9wb3N0Ijp7InB1cmNoYXNlZGl0ZW1fc2V0LTAtaXRlbSI6IjE5OCIsInB1cmNoYXNlZGl0ZW1fc2V0LTYtcHVyY2hhc2Vfb3JkZXIiOiIiLCJyZWZlcmVuY2UiOiJTcGwuMSIsInB1cmNoYXNlZGl0ZW1fc2V0LVRPVEFMX0ZPUk1TIjoiMTAiLCJwdXJjaGFzZWRpdGVtX3NldC0wLXF0eSI6IjgiLCJwdXJjaGFzZWRpdGVtX3NldC0xLXR5cGUiOiIiLCJwdXJjaGFzZWRpdGVtX3NldC1JTklUSUFMX0ZPUk1TIjoiMCIsInB1cmNoYXNlZGl0ZW1fc2V0LTQtcXR5IjoiIiwicHVyY2hhc2VkaXRlbV9zZXQtOC1pZCI6IiIsInB1cmNoYXNlZGl0ZW1fc2V0LTQtcHVyY2hhc2Vfb3JkZXIiOiIiLCJwdXJjaGFzZWRpdGVtX3NldC04LXF0eSI6IiIsInB1cmNoYXNlZGl0ZW1fc2V0LTQtaWQiOiIiLCJwdXJjaGFzZWRpdGVtX3NldC00LXByaWNlX3Blcl91bml0IjoiIiwicmVmZXJlbmNlX2RhdGUiOiIyMDE0LTEyLTI0IiwicHVyY2hhc2VkaXRlbV9zZXQtMi1wcmljZV9wZXJfdW5pdCI6IiIsInB1cmNoYXNlZGl0ZW1fc2V0LTYtdHlwZSI6IiIsInB1cmNoYXNlZGl0ZW1fc2V0LTctaWQiOiIiLCJwdXJjaGFzZWRpdGVtX3NldC1fX3ByZWZpeF9fLXByaWNlX3Blcl91bml0IjoiIiwicHVyY2hhc2VkaXRlbV9zZXQtMS1wdXJjaGFzZV9vcmRlciI6IiIsInB1cmNoYXNlZGl0ZW1fc2V0LTktcXR5IjoiIiwicHVyY2hhc2VkaXRlbV9zZXQtMy1wdXJjaGFzZV9vcmRlciI6IiIsInB1cmNoYXNlZGl0ZW1fc2V0LTEtcHJpY2VfcGVyX3VuaXQiOiIiLCJvcmdhbmlzYXRpb24iOiIxIiwicHVyY2hhc2VkaXRlbV9zZXQtOC1wcmljZV9wZXJfdW5pdCI6IiIsInB1cmNoYXNlZGl0ZW1fc2V0LTYtcHJpY2VfcGVyX3VuaXQiOiIiLCJidXllcl90ZXh0IjoiIiwicHVyY2hhc2VkaXRlbV9zZXQtMC1wdXJjaGFzZV9vcmRlciI6IiIsInB1cmNoYXNlZGl0ZW1fc2V0LTUtcHVyY2hhc2Vfb3JkZXIiOiIiLCJ0b3RhbF9kaXNjb3VudCI6IjAiLCJwdXJjaGFzZWRpdGVtX3NldC05LWlkIjoiIiwicHVyY2hhc2VkaXRlbV9zZXQtMy10eXBlIjoiIiwicHVyY2hhc2VkaXRlbV9zZXQtMi1wdXJjaGFzZV9vcmRlciI6IiIsImNzcmZtaWRkbGV3YXJldG9rZW4iOiJRN2wyRzBMQmdUZ0dsNHY1MXk3cFRPNVNwVWdpaGFRZiIsInB1cmNoYXNlZGl0ZW1fc2V0LV9fcHJlZml4X18taWQiOiIiLCJwdXJjaGFzZWRpdGVtX3NldC0yLXF0eSI6IiIsInB1cmNoYXNlZGl0ZW1fc2V0LTAtcGFyZW50X2NhdGVnb3J5IjoiOSIsInB1cmNoYXNlZGl0ZW1fc2V0LTktcHJpY2VfcGVyX3VuaXQiOiIiLCJwdXJjaGFzZWRpdGVtX3NldC01LXF0eSI6IiIsInB1cmNoYXNlZGl0ZW1fc2V0LTctcHVyY2hhc2Vfb3JkZXIiOiIiLCJtb2RlX29mX3BheW1lbnQiOiIxIiwicHVyY2hhc2VkaXRlbV9zZXQtTUFYX05VTV9GT1JNUyI6IjEwMDAiLCJfc2F2ZSI6IiIsImRlbGl2ZXJ5X2FkZHJlc3MiOiJXaWRlbmluZyBvZiBFeGlzdGluZyA2MCBGZWV0IGFuZCA0NSBmZWV0IHdpZGUgcm9hZHMgaW4gU2VjdG9yIDMyLUEsIFNhbXJhbGEgUm9hZCwgTHVkaGlhbmEgKCA2MCBtbSB0aGljayBQYXZlcnMpIiwicHVyY2hhc2VkaXRlbV9zZXQtNS1wcmljZV9wZXJfdW5pdCI6IiIsInB1cmNoYXNlZGl0ZW1fc2V0LTctdHlwZSI6IiIsInB1cmNoYXNlZGl0ZW1fc2V0LTAtaWQiOiIiLCJwdXJjaGFzZWRpdGVtX3NldC04LXB1cmNoYXNlX29yZGVyIjoiIiwicHVyY2hhc2VkaXRlbV9zZXQtMy1pZCI6IiIsInB1cmNoYXNlZGl0ZW1fc2V0LV9fcHJlZml4X18tcHVyY2hhc2Vfb3JkZXIiOiIiLCJidXllciI6IjQ2MyIsInB1cmNoYXNlZGl0ZW1fc2V0LTgtdHlwZSI6IiIsInB1cmNoYXNlZGl0ZW1fc2V0LTEtcXR5IjoiIiwicHVyY2hhc2VkaXRlbV9zZXQtMi10eXBlIjoiIiwicHVyY2hhc2VkaXRlbV9zZXQtMC1zdWJfY2F0ZWdvcnkiOiI4OCIsInB1cmNoYXNlZGl0ZW1fc2V0LV9fcHJlZml4X18tdHlwZSI6IiIsInB1cmNoYXNlZGl0ZW1fc2V0LTYtcXR5IjoiIiwicHVyY2hhc2VkaXRlbV9zZXQtNy1wcmljZV9wZXJfdW5pdCI6IiIsInB1cmNoYXNlZGl0ZW1fc2V0LTAtdHlwZSI6IjEiLCJ0ZHMiOiIwIiwiY2hlcXVlX2RkX2RhdGUiOiIiLCJwdXJjaGFzZWRpdGVtX3NldC03LXF0eSI6IiIsImNoZXF1ZV9kZF9udW1iZXIiOiIiLCJwdXJjaGFzZWRpdGVtX3NldC00LXR5cGUiOiIiLCJwdXJjaGFzZWRpdGVtX3NldC0yLWlkIjoiIiwicHVyY2hhc2VkaXRlbV9zZXQtMC1wcmljZV9wZXJfdW5pdCI6IjMwMCIsInB1cmNoYXNlZGl0ZW1fc2V0LTktcHVyY2hhc2Vfb3JkZXIiOiIiLCJwdXJjaGFzZWRpdGVtX3NldC05LXR5cGUiOiIiLCJwdXJjaGFzZWRpdGVtX3NldC0zLXF0eSI6IiIsInB1cmNoYXNlZGl0ZW1fc2V0LTMtcHJpY2VfcGVyX3VuaXQiOiIiLCJwdXJjaGFzZWRpdGVtX3NldC01LXR5cGUiOiIiLCJwdXJjaGFzZWRpdGVtX3NldC1fX3ByZWZpeF9fLXF0eSI6IiIsInB1cmNoYXNlZGl0ZW1fc2V0LTUtaWQiOiIiLCJwdXJjaGFzZWRpdGVtX3NldC02LWlkIjoiIiwicHVyY2hhc2VkaXRlbV9zZXQtTUlOX05VTV9GT1JNUyI6IjAiLCJwdXJjaGFzZWRpdGVtX3NldC0xLWlkIjoiIn0sIl9hdXRoX3VzZXJfaGFzaCI6ImZlMTc1ODM5ZmQ1ZGVjYmE2YjgyNmNjNjQyZjg1ZDMyODViZGQ5NmQiLCJfYXV0aF91c2VyX2JhY2tlbmQiOiJkamFuZ28uY29udHJpYi5hdXRoLmJhY2tlbmRzLk1vZGVsQmFja2VuZCIsIl9hdXRoX3VzZXJfaWQiOjU5NiwicHVyY2hhc2Vfb3JkZXJfaWQiOjE2fQ==', '2015-01-07 04:33:09'),
('6rjomtqe0fwmgmg6b36gv0qjur9nuqq6', 'YTg3ZjQ3ZGJiN2M2NGNmYzdmMGUwZWQzZjU1NGZjYzc2ZDg2NWFjNzp7InF1b3RlZF9vcmRlcl9pZCI6NCwiX2F1dGhfdXNlcl9pZCI6NTk4LCJvbGRfcG9zdCI6eyJwdXJjaGFzZWRpdGVtX3NldC0wLWl0ZW0iOiI3MCIsInB1cmNoYXNlZGl0ZW1fc2V0LTYtcHVyY2hhc2Vfb3JkZXIiOiIiLCJyZWZlcmVuY2UiOiJuaWwiLCJwdXJjaGFzZWRpdGVtX3NldC1UT1RBTF9GT1JNUyI6IjEwIiwicHVyY2hhc2VkaXRlbV9zZXQtMC1xdHkiOiIyIiwicHVyY2hhc2VkaXRlbV9zZXQtMS10eXBlIjoiIiwicHVyY2hhc2VkaXRlbV9zZXQtSU5JVElBTF9GT1JNUyI6IjAiLCJwdXJjaGFzZWRpdGVtX3NldC00LXF0eSI6IiIsInB1cmNoYXNlZGl0ZW1fc2V0LTgtaWQiOiIiLCJwdXJjaGFzZWRpdGVtX3NldC00LXB1cmNoYXNlX29yZGVyIjoiIiwicHVyY2hhc2VkaXRlbV9zZXQtOC1xdHkiOiIiLCJwdXJjaGFzZWRpdGVtX3NldC00LWlkIjoiIiwicHVyY2hhc2VkaXRlbV9zZXQtNC1wcmljZV9wZXJfdW5pdCI6IiIsInJlZmVyZW5jZV9kYXRlIjoiMjAxNC0xMi0xOSIsInB1cmNoYXNlZGl0ZW1fc2V0LTItcHJpY2VfcGVyX3VuaXQiOiIiLCJwdXJjaGFzZWRpdGVtX3NldC02LXR5cGUiOiIiLCJwdXJjaGFzZWRpdGVtX3NldC03LWlkIjoiIiwicHVyY2hhc2VkaXRlbV9zZXQtX19wcmVmaXhfXy1wcmljZV9wZXJfdW5pdCI6IiIsInB1cmNoYXNlZGl0ZW1fc2V0LTEtcHVyY2hhc2Vfb3JkZXIiOiIiLCJwdXJjaGFzZWRpdGVtX3NldC05LXF0eSI6IiIsInB1cmNoYXNlZGl0ZW1fc2V0LTMtcHVyY2hhc2Vfb3JkZXIiOiIiLCJwdXJjaGFzZWRpdGVtX3NldC0xLXByaWNlX3Blcl91bml0IjoiIiwib3JnYW5pc2F0aW9uIjoiMSIsInB1cmNoYXNlZGl0ZW1fc2V0LTgtcHJpY2VfcGVyX3VuaXQiOiIiLCJwdXJjaGFzZWRpdGVtX3NldC02LXByaWNlX3Blcl91bml0IjoiIiwiYnV5ZXJfdGV4dCI6IiIsInB1cmNoYXNlZGl0ZW1fc2V0LTAtcHVyY2hhc2Vfb3JkZXIiOiIiLCJwdXJjaGFzZWRpdGVtX3NldC01LXB1cmNoYXNlX29yZGVyIjoiIiwidG90YWxfZGlzY291bnQiOiIwIiwicHVyY2hhc2VkaXRlbV9zZXQtOS1pZCI6IiIsInB1cmNoYXNlZGl0ZW1fc2V0LTMtdHlwZSI6IiIsInB1cmNoYXNlZGl0ZW1fc2V0LTItcHVyY2hhc2Vfb3JkZXIiOiIiLCJjc3JmbWlkZGxld2FyZXRva2VuIjoiN0RNbmNzbnlrVTlYUkJ6OWgydkJIejl1d0dGWGhGOXAiLCJwdXJjaGFzZWRpdGVtX3NldC1fX3ByZWZpeF9fLWlkIjoiIiwicHVyY2hhc2VkaXRlbV9zZXQtMi1xdHkiOiIiLCJwdXJjaGFzZWRpdGVtX3NldC0wLXBhcmVudF9jYXRlZ29yeSI6IjkiLCJwdXJjaGFzZWRpdGVtX3NldC05LXByaWNlX3Blcl91bml0IjoiIiwicHVyY2hhc2VkaXRlbV9zZXQtNS1xdHkiOiIiLCJwdXJjaGFzZWRpdGVtX3NldC03LXB1cmNoYXNlX29yZGVyIjoiIiwibW9kZV9vZl9wYXltZW50IjoiMSIsInB1cmNoYXNlZGl0ZW1fc2V0LU1BWF9OVU1fRk9STVMiOiIxMDAwIiwiX3NhdmUiOiIiLCJkZWxpdmVyeV9hZGRyZXNzIjoiQy9vIEJ1aWxkaW5nKEhvdXNlKSBhdCBOZXcgR3JlZW4gQ2l0eSIsInB1cmNoYXNlZGl0ZW1fc2V0LTUtcHJpY2VfcGVyX3VuaXQiOiIiLCJwdXJjaGFzZWRpdGVtX3NldC03LXR5cGUiOiIiLCJwdXJjaGFzZWRpdGVtX3NldC0wLWlkIjoiIiwicHVyY2hhc2VkaXRlbV9zZXQtOC1wdXJjaGFzZV9vcmRlciI6IiIsInB1cmNoYXNlZGl0ZW1fc2V0LTMtaWQiOiIiLCJwdXJjaGFzZWRpdGVtX3NldC1fX3ByZWZpeF9fLXB1cmNoYXNlX29yZGVyIjoiIiwiYnV5ZXIiOiI0NTUiLCJwdXJjaGFzZWRpdGVtX3NldC04LXR5cGUiOiIiLCJwdXJjaGFzZWRpdGVtX3NldC0xLXF0eSI6IiIsInB1cmNoYXNlZGl0ZW1fc2V0LTItdHlwZSI6IiIsInB1cmNoYXNlZGl0ZW1fc2V0LTAtc3ViX2NhdGVnb3J5IjoiMzQiLCJwdXJjaGFzZWRpdGVtX3NldC1fX3ByZWZpeF9fLXR5cGUiOiIiLCJwdXJjaGFzZWRpdGVtX3NldC02LXF0eSI6IiIsInB1cmNoYXNlZGl0ZW1fc2V0LTctcHJpY2VfcGVyX3VuaXQiOiIiLCJwdXJjaGFzZWRpdGVtX3NldC0wLXR5cGUiOiIxIiwidGRzIjoiMCIsImNoZXF1ZV9kZF9kYXRlIjoiIiwicHVyY2hhc2VkaXRlbV9zZXQtNy1xdHkiOiIiLCJjaGVxdWVfZGRfbnVtYmVyIjoiIiwicHVyY2hhc2VkaXRlbV9zZXQtNC10eXBlIjoiIiwicHVyY2hhc2VkaXRlbV9zZXQtMi1pZCI6IiIsInB1cmNoYXNlZGl0ZW1fc2V0LTAtcHJpY2VfcGVyX3VuaXQiOiI1MDAiLCJwdXJjaGFzZWRpdGVtX3NldC05LXB1cmNoYXNlX29yZGVyIjoiIiwicHVyY2hhc2VkaXRlbV9zZXQtOS10eXBlIjoiIiwicHVyY2hhc2VkaXRlbV9zZXQtMy1xdHkiOiIiLCJwdXJjaGFzZWRpdGVtX3NldC0zLXByaWNlX3Blcl91bml0IjoiIiwicHVyY2hhc2VkaXRlbV9zZXQtNS10eXBlIjoiIiwicHVyY2hhc2VkaXRlbV9zZXQtX19wcmVmaXhfXy1xdHkiOiIiLCJwdXJjaGFzZWRpdGVtX3NldC01LWlkIjoiIiwicHVyY2hhc2VkaXRlbV9zZXQtNi1pZCI6IiIsInB1cmNoYXNlZGl0ZW1fc2V0LU1JTl9OVU1fRk9STVMiOiIwIiwicHVyY2hhc2VkaXRlbV9zZXQtMS1pZCI6IiJ9LCJwdXJjaGFzZV9vcmRlcl9pZCI6MTUsIl9hdXRoX3VzZXJfYmFja2VuZCI6ImRqYW5nby5jb250cmliLmF1dGguYmFja2VuZHMuTW9kZWxCYWNrZW5kIiwiX2F1dGhfdXNlcl9oYXNoIjoiOWZkNTYwN2VkYjY1NjNjMmJlMTM1MDZkYTk1ZTMyOGRiZWE1OGIxYiJ9', '2015-01-06 10:13:00'),
('6snwozxahlcg9s9xv46pjhjezmko0n01', 'ZDBkMjkzMDg4NzY0MzdmMDgxOTI2NDMzODlmM2M5ZDQ2OWJlYzNkMjp7Il9hdXRoX3VzZXJfaGFzaCI6IjI1OGUwNDVjODM1ZWRjOGNjYjMzYTBlYTRlYmMwY2MyZjNhODZiNDEiLCJfYXV0aF91c2VyX2JhY2tlbmQiOiJkamFuZ28uY29udHJpYi5hdXRoLmJhY2tlbmRzLk1vZGVsQmFja2VuZCIsIl9hdXRoX3VzZXJfaWQiOjQ2Mn0=', '2014-10-24 10:17:23'),
('6toyjhhtmj4wu2mqo19x804z1a0d5834', 'NGQ4YjU2MzJkN2FiMzJjZjcwZThlMWM3MWUyYmMyYWU5ZTk3M2M3Njp7Il9hdXRoX3VzZXJfaGFzaCI6IjlmZDU2MDdlZGI2NTYzYzJiZTEzNTA2ZGE5NWUzMjhkYmVhNThiMWIiLCJfYXV0aF91c2VyX2JhY2tlbmQiOiJkamFuZ28uY29udHJpYi5hdXRoLmJhY2tlbmRzLk1vZGVsQmFja2VuZCIsIl9hdXRoX3VzZXJfaWQiOjU5OH0=', '2014-12-24 05:15:53'),
('77r8r2kcry45jl1t5olbzza4ld0jzr0h', 'NzM3OTk4ZjMwZTIyY2EzOGExYTVlYzJjNzgyZWMzZDYzYzQ3YmVjNTp7fQ==', '2015-01-12 05:44:36'),
('7g9h4rjl5tn67uvdbv7gzjnmvib7mp97', 'NTA2ZjhkYjU4YTg2NWE2MDVlMTE4OTVkN2EwMDA3ZGY2MjNhN2MyYjp7Im9sZF9wb3N0Ijp7InB1cmNoYXNlZGl0ZW1fc2V0LTgtaWQiOiIiLCJwdXJjaGFzZWRpdGVtX3NldC04LXByaWNlX3Blcl91bml0IjoiIiwicHVyY2hhc2VkaXRlbV9zZXQtMjctcHJpY2VfcGVyX3VuaXQiOiIiLCJwdXJjaGFzZWRpdGVtX3NldC0xLXR5cGUiOiIiLCJwdXJjaGFzZWRpdGVtX3NldC00LXF0eSI6IiIsInB1cmNoYXNlZGl0ZW1fc2V0LTQtcHVyY2hhc2Vfb3JkZXIiOiIiLCJwdXJjaGFzZWRpdGVtX3NldC0xMi1wcmljZV9wZXJfdW5pdCI6IiIsInB1cmNoYXNlZGl0ZW1fc2V0LTEzLXByaWNlX3Blcl91bml0IjoiIiwicHVyY2hhc2VkaXRlbV9zZXQtMjMtdHlwZSI6IiIsInB1cmNoYXNlZGl0ZW1fc2V0LTQtaWQiOiIiLCJwdXJjaGFzZWRpdGVtX3NldC03LWlkIjoiIiwicHVyY2hhc2VkaXRlbV9zZXQtX19wcmVmaXhfXy1wcmljZV9wZXJfdW5pdCI6IiIsInB1cmNoYXNlZGl0ZW1fc2V0LTE0LWlkIjoiIiwicHVyY2hhc2VkaXRlbV9zZXQtMS1wcmljZV9wZXJfdW5pdCI6IiIsIm9yZ2FuaXNhdGlvbiI6IjEiLCJwdXJjaGFzZWRpdGVtX3NldC0yNy10eXBlIjoiIiwicHVyY2hhc2VkaXRlbV9zZXQtMC1xdHkiOiIxIiwicHVyY2hhc2VkaXRlbV9zZXQtMTUtcHJpY2VfcGVyX3VuaXQiOiIiLCJwdXJjaGFzZWRpdGVtX3NldC0xNi1wcmljZV9wZXJfdW5pdCI6IiIsInB1cmNoYXNlZGl0ZW1fc2V0LV9fcHJlZml4X18tcXR5IjoiIiwicHVyY2hhc2VkaXRlbV9zZXQtMy10eXBlIjoiIiwicHVyY2hhc2VkaXRlbV9zZXQtMjEtaWQiOiIiLCJwdXJjaGFzZWRpdGVtX3NldC0xMS1wdXJjaGFzZV9vcmRlciI6IiIsInR5cGVfb2Zfc2VydmljZSI6IjMiLCJwdXJjaGFzZWRpdGVtX3NldC0xMi1wdXJjaGFzZV9vcmRlciI6IiIsInB1cmNoYXNlZGl0ZW1fc2V0LTUtcHJpY2VfcGVyX3VuaXQiOiIiLCJwdXJjaGFzZWRpdGVtX3NldC0xNC1xdHkiOiIiLCJwdXJjaGFzZWRpdGVtX3NldC0yNS1wcmljZV9wZXJfdW5pdCI6IiIsInB1cmNoYXNlZGl0ZW1fc2V0LTE1LXF0eSI6IiIsImJ1eWVyIjoiMzMiLCJwdXJjaGFzZWRpdGVtX3NldC0xNy1wcmljZV9wZXJfdW5pdCI6IiIsInB1cmNoYXNlZGl0ZW1fc2V0LTEwLXByaWNlX3Blcl91bml0IjoiIiwicHVyY2hhc2VkaXRlbV9zZXQtMTctaWQiOiIiLCJwdXJjaGFzZWRpdGVtX3NldC0yOC10eXBlIjoiIiwicHVyY2hhc2VkaXRlbV9zZXQtMTctcXR5IjoiIiwiY2hlcXVlX2RkX251bWJlciI6IiIsInB1cmNoYXNlZGl0ZW1fc2V0LTIyLXR5cGUiOiIiLCJwdXJjaGFzZWRpdGVtX3NldC0xMC1wdXJjaGFzZV9vcmRlciI6IiIsInB1cmNoYXNlZGl0ZW1fc2V0LTI2LXR5cGUiOiIiLCJwdXJjaGFzZWRpdGVtX3NldC0yNy1xdHkiOiIiLCJwdXJjaGFzZWRpdGVtX3NldC0zLXByaWNlX3Blcl91bml0IjoiIiwicHVyY2hhc2VkaXRlbV9zZXQtMjQtcHJpY2VfcGVyX3VuaXQiOiIiLCJwdXJjaGFzZWRpdGVtX3NldC1NSU5fTlVNX0ZPUk1TIjoiMCIsInB1cmNoYXNlZGl0ZW1fc2V0LTEtaWQiOiIiLCJwdXJjaGFzZWRpdGVtX3NldC0xOC1pZCI6IiIsInJlZmVyZW5jZSI6Ik5pbCIsIm1vZGVfb2ZfcGF5bWVudCI6IjEiLCJwdXJjaGFzZWRpdGVtX3NldC0xNS1wdXJjaGFzZV9vcmRlciI6IiIsInB1cmNoYXNlZGl0ZW1fc2V0LTIwLXF0eSI6IiIsInB1cmNoYXNlZGl0ZW1fc2V0LV9fcHJlZml4X18tdHlwZSI6IiIsInB1cmNoYXNlZGl0ZW1fc2V0LTEyLXR5cGUiOiIiLCJwdXJjaGFzZWRpdGVtX3NldC0xMS1pZCI6IiIsInB1cmNoYXNlZGl0ZW1fc2V0LTI1LXF0eSI6IiIsInB1cmNoYXNlZGl0ZW1fc2V0LTIyLXF0eSI6IiIsInB1cmNoYXNlZGl0ZW1fc2V0LTktcXR5IjoiIiwicHVyY2hhc2VkaXRlbV9zZXQtMTMtdHlwZSI6IiIsInB1cmNoYXNlZGl0ZW1fc2V0LTE0LXB1cmNoYXNlX29yZGVyIjoiIiwicHVyY2hhc2VkaXRlbV9zZXQtMjItcHJpY2VfcGVyX3VuaXQiOiIiLCJwdXJjaGFzZWRpdGVtX3NldC0wLXB1cmNoYXNlX29yZGVyIjoiIiwicHVyY2hhc2VkaXRlbV9zZXQtOS1pZCI6IiIsInB1cmNoYXNlZGl0ZW1fc2V0LTItcHVyY2hhc2Vfb3JkZXIiOiIiLCJwdXJjaGFzZWRpdGVtX3NldC0yMC10eXBlIjoiIiwicHVyY2hhc2VkaXRlbV9zZXQtMjktdHlwZSI6IiIsInB1cmNoYXNlZGl0ZW1fc2V0LTItcXR5IjoiIiwicHVyY2hhc2VkaXRlbV9zZXQtMjktcXR5IjoiIiwicHVyY2hhc2VkaXRlbV9zZXQtNy1wdXJjaGFzZV9vcmRlciI6IiIsInB1cmNoYXNlZGl0ZW1fc2V0LTIwLWlkIjoiIiwicHVyY2hhc2VkaXRlbV9zZXQtOC10eXBlIjoiIiwicHVyY2hhc2VkaXRlbV9zZXQtMTAtdHlwZSI6IiIsInB1cmNoYXNlZGl0ZW1fc2V0LTI2LXB1cmNoYXNlX29yZGVyIjoiIiwidGRzIjoiMCIsInB1cmNoYXNlZGl0ZW1fc2V0LTI5LXB1cmNoYXNlX29yZGVyIjoiIiwicHVyY2hhc2VkaXRlbV9zZXQtMi10eXBlIjoiIiwiZGVsaXZlcnlfYWRkcmVzcyI6IlZhcmRtYW4gU3BlY2lhbCBTdGVlbCwgRm9jYWwgUG9pbnQsIEx1ZGhpYW5hIiwicHVyY2hhc2VkaXRlbV9zZXQtMTYtaWQiOiIiLCJwdXJjaGFzZWRpdGVtX3NldC0zLWlkIjoiIiwiY2hlcXVlX2RkX2RhdGUiOiIiLCJwdXJjaGFzZWRpdGVtX3NldC0yMy1wcmljZV9wZXJfdW5pdCI6IiIsInB1cmNoYXNlZGl0ZW1fc2V0LTItaWQiOiIiLCJwdXJjaGFzZWRpdGVtX3NldC0xNi10eXBlIjoiIiwicHVyY2hhc2VkaXRlbV9zZXQtOS1wdXJjaGFzZV9vcmRlciI6IiIsInB1cmNoYXNlZGl0ZW1fc2V0LTE5LXByaWNlX3Blcl91bml0IjoiIiwicHVyY2hhc2VkaXRlbV9zZXQtNS10eXBlIjoiIiwicHVyY2hhc2VkaXRlbV9zZXQtNS1pZCI6IiIsInB1cmNoYXNlZGl0ZW1fc2V0LTI4LXB1cmNoYXNlX29yZGVyIjoiIiwicHVyY2hhc2VkaXRlbV9zZXQtMjgtcHJpY2VfcGVyX3VuaXQiOiIiLCJwdXJjaGFzZWRpdGVtX3NldC0yOC1xdHkiOiIiLCJwdXJjaGFzZWRpdGVtX3NldC1UT1RBTF9GT1JNUyI6IjMwIiwicHVyY2hhc2VkaXRlbV9zZXQtMjEtcXR5IjoiIiwicHVyY2hhc2VkaXRlbV9zZXQtSU5JVElBTF9GT1JNUyI6IjAiLCJwdXJjaGFzZWRpdGVtX3NldC0yMC1wcmljZV9wZXJfdW5pdCI6IiIsInB1cmNoYXNlZGl0ZW1fc2V0LTI0LWlkIjoiIiwicHVyY2hhc2VkaXRlbV9zZXQtNC1wcmljZV9wZXJfdW5pdCI6IiIsInB1cmNoYXNlZGl0ZW1fc2V0LTItcHJpY2VfcGVyX3VuaXQiOiIiLCJwdXJjaGFzZWRpdGVtX3NldC0yMy1pZCI6IiIsInB1cmNoYXNlZGl0ZW1fc2V0LTE2LXB1cmNoYXNlX29yZGVyIjoiIiwicHVyY2hhc2VkaXRlbV9zZXQtMTctdHlwZSI6IiIsInB1cmNoYXNlZGl0ZW1fc2V0LTE5LXB1cmNoYXNlX29yZGVyIjoiIiwiYnV5ZXJfdGV4dCI6IiIsInB1cmNoYXNlZGl0ZW1fc2V0LTUtcHVyY2hhc2Vfb3JkZXIiOiIiLCJwdXJjaGFzZWRpdGVtX3NldC0xMy1pZCI6IiIsInB1cmNoYXNlZGl0ZW1fc2V0LTE3LXB1cmNoYXNlX29yZGVyIjoiIiwicHVyY2hhc2VkaXRlbV9zZXQtMS1wdXJjaGFzZV9vcmRlciI6IiIsInB1cmNoYXNlZGl0ZW1fc2V0LTIyLWlkIjoiIiwicHVyY2hhc2VkaXRlbV9zZXQtX19wcmVmaXhfXy1pZCI6IiIsInB1cmNoYXNlZGl0ZW1fc2V0LTAtcGFyZW50X2NhdGVnb3J5IjoiOSIsInB1cmNoYXNlZGl0ZW1fc2V0LTktcHJpY2VfcGVyX3VuaXQiOiIiLCJwdXJjaGFzZWRpdGVtX3NldC01LXF0eSI6IiIsIl9zYXZlIjoiIiwicHVyY2hhc2VkaXRlbV9zZXQtMjUtcHVyY2hhc2Vfb3JkZXIiOiIiLCJwdXJjaGFzZWRpdGVtX3NldC0yNi1wcmljZV9wZXJfdW5pdCI6IiIsInB1cmNoYXNlZGl0ZW1fc2V0LTAtdHlwZSI6IjEiLCJwdXJjaGFzZWRpdGVtX3NldC0yOS1pZCI6IiIsInB1cmNoYXNlZGl0ZW1fc2V0LTI0LXB1cmNoYXNlX29yZGVyIjoiIiwicHVyY2hhc2VkaXRlbV9zZXQtMjUtdHlwZSI6IiIsInB1cmNoYXNlZGl0ZW1fc2V0LTEyLXF0eSI6IiIsInB1cmNoYXNlZGl0ZW1fc2V0LTEtcXR5IjoiIiwicHVyY2hhc2VkaXRlbV9zZXQtMTktaWQiOiIiLCJwdXJjaGFzZWRpdGVtX3NldC04LXF0eSI6IiIsInB1cmNoYXNlZGl0ZW1fc2V0LTIxLXB1cmNoYXNlX29yZGVyIjoiIiwicHVyY2hhc2VkaXRlbV9zZXQtMTAtcXR5IjoiIiwicHVyY2hhc2VkaXRlbV9zZXQtNy1xdHkiOiIiLCJwdXJjaGFzZWRpdGVtX3NldC0yMS1wcmljZV9wZXJfdW5pdCI6IiIsInB1cmNoYXNlZGl0ZW1fc2V0LTE0LXR5cGUiOiIiLCJwdXJjaGFzZWRpdGVtX3NldC0xOS10eXBlIjoiIiwicHVyY2hhc2VkaXRlbV9zZXQtOS10eXBlIjoiIiwicHVyY2hhc2VkaXRlbV9zZXQtMTEtdHlwZSI6IiIsInB1cmNoYXNlZGl0ZW1fc2V0LTAtaXRlbSI6IjcwIiwicHVyY2hhc2VkaXRlbV9zZXQtNi1wdXJjaGFzZV9vcmRlciI6IiIsInB1cmNoYXNlZGl0ZW1fc2V0LTctcHJpY2VfcGVyX3VuaXQiOiIiLCJwdXJjaGFzZWRpdGVtX3NldC0xMy1xdHkiOiIiLCJwdXJjaGFzZWRpdGVtX3NldC0xOC1wdXJjaGFzZV9vcmRlciI6IiIsInB1cmNoYXNlZGl0ZW1fc2V0LTQtdHlwZSI6IiIsInB1cmNoYXNlZGl0ZW1fc2V0LTIzLXF0eSI6IiIsInB1cmNoYXNlZGl0ZW1fc2V0LTE2LXF0eSI6IiIsInJlZmVyZW5jZV9kYXRlIjoiMjAxNS0wMS0wNSIsInB1cmNoYXNlZGl0ZW1fc2V0LTE0LXByaWNlX3Blcl91bml0IjoiIiwicHVyY2hhc2VkaXRlbV9zZXQtMjctaWQiOiIiLCJwdXJjaGFzZWRpdGVtX3NldC02LXR5cGUiOiIiLCJwdXJjaGFzZWRpdGVtX3NldC0yMC1wdXJjaGFzZV9vcmRlciI6IiIsInB1cmNoYXNlZGl0ZW1fc2V0LTMtcHVyY2hhc2Vfb3JkZXIiOiIiLCJwdXJjaGFzZWRpdGVtX3NldC0yNi1xdHkiOiIiLCJwdXJjaGFzZWRpdGVtX3NldC02LWlkIjoiIiwicHVyY2hhc2VkaXRlbV9zZXQtMTgtcXR5IjoiIiwicHVyY2hhc2VkaXRlbV9zZXQtNi1wcmljZV9wZXJfdW5pdCI6IiIsInB1cmNoYXNlZGl0ZW1fc2V0LTIyLXB1cmNoYXNlX29yZGVyIjoiIiwicHVyY2hhc2VkaXRlbV9zZXQtMy1xdHkiOiIiLCJwdXJjaGFzZWRpdGVtX3NldC03LXR5cGUiOiIiLCJ0b3RhbF9kaXNjb3VudCI6IjAiLCJjc3JmbWlkZGxld2FyZXRva2VuIjoiOGVLeTZVTzh6b3dyTHA2c2M5V3hnZkpPT3ExTVhVdTEiLCJwdXJjaGFzZWRpdGVtX3NldC0xMS1wcmljZV9wZXJfdW5pdCI6IiIsInB1cmNoYXNlZGl0ZW1fc2V0LTE4LXByaWNlX3Blcl91bml0IjoiIiwicHVyY2hhc2VkaXRlbV9zZXQtTUFYX05VTV9GT1JNUyI6IjEwMDAiLCJwdXJjaGFzZWRpdGVtX3NldC0xOC10eXBlIjoiIiwicHVyY2hhc2VkaXRlbV9zZXQtOC1wdXJjaGFzZV9vcmRlciI6IiIsInB1cmNoYXNlZGl0ZW1fc2V0LTAtaWQiOiIiLCJwdXJjaGFzZWRpdGVtX3NldC0xNS10eXBlIjoiIiwicHVyY2hhc2VkaXRlbV9zZXQtMjgtaWQiOiIiLCJwdXJjaGFzZWRpdGVtX3NldC0yMS10eXBlIjoiIiwicHVyY2hhc2VkaXRlbV9zZXQtMTAtaWQiOiIiLCJwdXJjaGFzZWRpdGVtX3NldC0yNy1wdXJjaGFzZV9vcmRlciI6IiIsInB1cmNoYXNlZGl0ZW1fc2V0LTIzLXB1cmNoYXNlX29yZGVyIjoiIiwicHVyY2hhc2VkaXRlbV9zZXQtMC1zdWJfY2F0ZWdvcnkiOiIzNCIsInB1cmNoYXNlZGl0ZW1fc2V0LTYtcXR5IjoiIiwicHVyY2hhc2VkaXRlbV9zZXQtMTItaWQiOiIiLCJwdXJjaGFzZWRpdGVtX3NldC0yNC1xdHkiOiIiLCJwdXJjaGFzZWRpdGVtX3NldC0yNi1pZCI6IiIsInB1cmNoYXNlZGl0ZW1fc2V0LTAtcHJpY2VfcGVyX3VuaXQiOiI1MDAiLCJwdXJjaGFzZWRpdGVtX3NldC0yNS1pZCI6IiIsInB1cmNoYXNlZGl0ZW1fc2V0LV9fcHJlZml4X18tcHVyY2hhc2Vfb3JkZXIiOiIiLCJwdXJjaGFzZWRpdGVtX3NldC0xNS1pZCI6IiIsInB1cmNoYXNlZGl0ZW1fc2V0LTExLXF0eSI6IiIsInB1cmNoYXNlZGl0ZW1fc2V0LTEzLXB1cmNoYXNlX29yZGVyIjoiIiwicHVyY2hhc2VkaXRlbV9zZXQtMjktcHJpY2VfcGVyX3VuaXQiOiIiLCJwdXJjaGFzZWRpdGVtX3NldC0yNC10eXBlIjoiIiwicHVyY2hhc2VkaXRlbV9zZXQtMTktcXR5IjoiIn0sIl9hdXRoX3VzZXJfaGFzaCI6ImZlMTc1ODM5ZmQ1ZGVjYmE2YjgyNmNjNjQyZjg1ZDMyODViZGQ5NmQiLCJfYXV0aF91c2VyX2JhY2tlbmQiOiJkamFuZ28uY29udHJpYi5hdXRoLmJhY2tlbmRzLk1vZGVsQmFja2VuZCIsIl9hdXRoX3VzZXJfaWQiOjU5NiwicHVyY2hhc2Vfb3JkZXJfaWQiOjMzfQ==', '2015-01-19 05:36:13'),
('7tnq129xihslaz38wss6kz98ytwg28pd', 'YjQ5OWRjZDEyNjJhZTI1ZDVlNGFjZDA0MWU1MmIyYTIxN2YyOGU0OTp7Il9hdXRoX3VzZXJfaGFzaCI6IjRiOWE0MmNjMWQxZjIzOWQwYTQwZGY3MjI5YzljNGM4ODNiZGM0NjQiLCJfYXV0aF91c2VyX2JhY2tlbmQiOiJkamFuZ28uY29udHJpYi5hdXRoLmJhY2tlbmRzLk1vZGVsQmFja2VuZCIsIl9hdXRoX3VzZXJfaWQiOjJ9', '2014-09-24 06:35:11'),
('88busijq92qlio41pc6rugyqq5vvc5r8', 'OWIwNjk2ODU0OTI2MmRmY2QzNTllZWI4OWVkMmM1ZjFmNjk2MTZiZTp7Im9sZF9wb3N0Ijp7InB1cmNoYXNlZGl0ZW1fc2V0LTAtaXRlbSI6IjE4NyIsInB1cmNoYXNlZGl0ZW1fc2V0LTYtcHVyY2hhc2Vfb3JkZXIiOiIiLCJyZWZlcmVuY2UiOiJyZWYgMjAzMCIsInB1cmNoYXNlZGl0ZW1fc2V0LVRPVEFMX0ZPUk1TIjoiMTAiLCJwdXJjaGFzZWRpdGVtX3NldC0wLXF0eSI6IjMiLCJwdXJjaGFzZWRpdGVtX3NldC1JTklUSUFMX0ZPUk1TIjoiMCIsInB1cmNoYXNlZGl0ZW1fc2V0LTQtcXR5IjoiIiwicHVyY2hhc2VkaXRlbV9zZXQtNC1wdXJjaGFzZV9vcmRlciI6IiIsInB1cmNoYXNlZGl0ZW1fc2V0LTgtcXR5IjoiIiwidGRzIjoiMCIsInB1cmNoYXNlZGl0ZW1fc2V0LTQtaWQiOiIiLCJwdXJjaGFzZWRpdGVtX3NldC04LWlkIjoiIiwicHVyY2hhc2VkaXRlbV9zZXQtNy1pZCI6IiIsIl9zYXZlIjoiIiwicHVyY2hhc2VkaXRlbV9zZXQtMi1wYXJlbnRfY2F0ZWdvcnkiOiIiLCJwdXJjaGFzZWRpdGVtX3NldC00LXBhcmVudF9jYXRlZ29yeSI6IiIsInB1cmNoYXNlZGl0ZW1fc2V0LTktcXR5IjoiIiwicHVyY2hhc2VkaXRlbV9zZXQtMS1wYXJlbnRfY2F0ZWdvcnkiOiIiLCJvcmdhbmlzYXRpb24iOiIxIiwicHVyY2hhc2VkaXRlbV9zZXQtNy1wYXJlbnRfY2F0ZWdvcnkiOiIiLCJidXllcl90ZXh0IjoiIiwicHVyY2hhc2VkaXRlbV9zZXQtMC1wdXJjaGFzZV9vcmRlciI6IiIsInB1cmNoYXNlZGl0ZW1fc2V0LTUtcHVyY2hhc2Vfb3JkZXIiOiIiLCJ0b3RhbF9kaXNjb3VudCI6IjAiLCJwdXJjaGFzZWRpdGVtX3NldC05LWlkIjoiIiwicHVyY2hhc2VkaXRlbV9zZXQtMS1wdXJjaGFzZV9vcmRlciI6IiIsInB1cmNoYXNlZGl0ZW1fc2V0LTItcHVyY2hhc2Vfb3JkZXIiOiIiLCJjc3JmbWlkZGxld2FyZXRva2VuIjoidHJWUzlUZGFJaVRQYk9tQmh5OU9wZEVVeDRObFAzbFYiLCJwdXJjaGFzZWRpdGVtX3NldC1fX3ByZWZpeF9fLWlkIjoiIiwicHVyY2hhc2VkaXRlbV9zZXQtMi1xdHkiOiIiLCJwdXJjaGFzZWRpdGVtX3NldC0wLXBhcmVudF9jYXRlZ29yeSI6IjEwIiwicHVyY2hhc2VkaXRlbV9zZXQtNS1xdHkiOiIiLCJwdXJjaGFzZWRpdGVtX3NldC03LXB1cmNoYXNlX29yZGVyIjoiIiwibW9kZV9vZl9wYXltZW50IjoiMSIsInB1cmNoYXNlZGl0ZW1fc2V0LU1BWF9OVU1fRk9STVMiOiIxMDAwIiwicHVyY2hhc2VkaXRlbV9zZXQtNi1wYXJlbnRfY2F0ZWdvcnkiOiIiLCJwdXJjaGFzZWRpdGVtX3NldC0zLXBhcmVudF9jYXRlZ29yeSI6IiIsInB1cmNoYXNlZGl0ZW1fc2V0LTUtcGFyZW50X2NhdGVnb3J5IjoiIiwicHVyY2hhc2VkaXRlbV9zZXQtOC1wdXJjaGFzZV9vcmRlciI6IiIsInB1cmNoYXNlZGl0ZW1fc2V0LTAtaWQiOiIiLCJwdXJjaGFzZWRpdGVtX3NldC0zLWlkIjoiIiwicHVyY2hhc2VkaXRlbV9zZXQtOC1wYXJlbnRfY2F0ZWdvcnkiOiIiLCJidXllciI6IjciLCJwdXJjaGFzZWRpdGVtX3NldC0xLXF0eSI6IiIsInB1cmNoYXNlZGl0ZW1fc2V0LTktcGFyZW50X2NhdGVnb3J5IjoiIiwicHVyY2hhc2VkaXRlbV9zZXQtMC1zdWJfY2F0ZWdvcnkiOiIxNCIsImRlbGl2ZXJ5X2FkZHJlc3MiOiIxIiwicHVyY2hhc2VkaXRlbV9zZXQtNi1xdHkiOiIiLCJwdXJjaGFzZWRpdGVtX3NldC0zLXB1cmNoYXNlX29yZGVyIjoiIiwicHVyY2hhc2VkaXRlbV9zZXQtNy1xdHkiOiIiLCJwdXJjaGFzZWRpdGVtX3NldC1fX3ByZWZpeF9fLXBhcmVudF9jYXRlZ29yeSI6IiIsInB1cmNoYXNlZGl0ZW1fc2V0LV9fcHJlZml4X18tcXR5IjoiIiwicHVyY2hhc2VkaXRlbV9zZXQtMi1pZCI6IiIsInB1cmNoYXNlZGl0ZW1fc2V0LTktcHVyY2hhc2Vfb3JkZXIiOiIiLCJwdXJjaGFzZWRpdGVtX3NldC1fX3ByZWZpeF9fLXB1cmNoYXNlX29yZGVyIjoiIiwicHVyY2hhc2VkaXRlbV9zZXQtMy1xdHkiOiIiLCJwdXJjaGFzZWRpdGVtX3NldC01LWlkIjoiIiwicHVyY2hhc2VkaXRlbV9zZXQtNi1pZCI6IiIsInB1cmNoYXNlZGl0ZW1fc2V0LU1JTl9OVU1fRk9STVMiOiIwIiwicHVyY2hhc2VkaXRlbV9zZXQtMS1pZCI6IiJ9LCJfYXV0aF91c2VyX2hhc2giOiI5M2Q0NjA3OGI2YWU2OTFiMWVkZDdjMTAyZTcxYmUwOGRhN2I1MWNjIiwiX2F1dGhfdXNlcl9iYWNrZW5kIjoiZGphbmdvLmNvbnRyaWIuYXV0aC5iYWNrZW5kcy5Nb2RlbEJhY2tlbmQiLCJfYXV0aF91c2VyX2lkIjoxLCJwdXJjaGFzZV9vcmRlcl9pZCI6MTV9', '2014-10-03 04:13:05'),
('8end8z84dtd7w68f69kgu5tnlcksfn5c', 'MDUxZmUxMTk3Nzk1NjJhNDVlMmVjODMzNTIzZjAwYTVmYWY4NDUwOTp7Il9hdXRoX3VzZXJfaGFzaCI6IjgyN2RkMmFlNjkxOGM2MjE2NmMxYWMxM2IxMDQxNDc0MGIzMjQ4ODUiLCJfYXV0aF91c2VyX2JhY2tlbmQiOiJkamFuZ28uY29udHJpYi5hdXRoLmJhY2tlbmRzLk1vZGVsQmFja2VuZCIsIl9hdXRoX3VzZXJfaWQiOjU5NX0=', '2014-12-12 08:25:33'),
('8gjupy8tbj0of36t1eyceh7v7j819d1y', 'NzQ0MjMxYzE1Y2RmNjc4MjhhMjc1Mzc3ZWE2MTZkMzZlY2Y5MDBjMDp7Il9hdXRoX3VzZXJfaGFzaCI6Ijc3MWQ0YjE5MGRmNWE0OGZmYzg5OWVkZThjMTU2YjU1OTUyODViOTUiLCJfYXV0aF91c2VyX2JhY2tlbmQiOiJkamFuZ28uY29udHJpYi5hdXRoLmJhY2tlbmRzLk1vZGVsQmFja2VuZCIsIl9hdXRoX3VzZXJfaWQiOjU5N30=', '2015-01-13 09:06:31');
INSERT INTO `django_session` (`session_key`, `session_data`, `expire_date`) VALUES
('8popttc748md2h6knjiuypzdkylmq0nq', 'NzVlY2RlMTQxOGU5YzI4ZmY2YWQ3NzYyYjBkOTFiNmM2ZjM0ZDQ4ODp7Im9sZF9wb3N0Ijp7InB1cmNoYXNlZGl0ZW1fc2V0LTgtaWQiOiIiLCJwdXJjaGFzZWRpdGVtX3NldC00LXF0eSI6IjMiLCJwdXJjaGFzZWRpdGVtX3NldC00LXB1cmNoYXNlX29yZGVyIjoiMjYiLCJwdXJjaGFzZWRpdGVtX3NldC0zLWl0ZW0iOiIyODMiLCJwdXJjaGFzZWRpdGVtX3NldC00LWlkIjoiIiwicHVyY2hhc2VkaXRlbV9zZXQtNy1pZCI6IiIsInB1cmNoYXNlZGl0ZW1fc2V0LTEtcGFyZW50X2NhdGVnb3J5IjoiMzUiLCJvcmdhbmlzYXRpb24iOiIxIiwicHVyY2hhc2VkaXRlbV9zZXQtX19wcmVmaXhfXy1xdHkiOiIiLCJwdXJjaGFzZWRpdGVtX3NldC0xMS1wdXJjaGFzZV9vcmRlciI6IjI2IiwicHVyY2hhc2VkaXRlbV9zZXQtNi1wYXJlbnRfY2F0ZWdvcnkiOiI5IiwiYnV5ZXIiOiI3IiwicHVyY2hhc2VkaXRlbV9zZXQtMTMtcXR5IjoiIiwicHVyY2hhc2VkaXRlbV9zZXQtMS1zdWJfY2F0ZWdvcnkiOiIxNDYiLCJwdXJjaGFzZWRpdGVtX3NldC0xMC1wdXJjaGFzZV9vcmRlciI6IjI2IiwicHVyY2hhc2VkaXRlbV9zZXQtTUlOX05VTV9GT1JNUyI6IjAiLCJwdXJjaGFzZWRpdGVtX3NldC0xLWlkIjoiNDciLCJyZWZlcmVuY2UiOiJsZXR0ZXIgbm8uIDIzMTIiLCJwdXJjaGFzZWRpdGVtX3NldC00LWl0ZW0iOiIzNTMiLCJtb2RlX29mX3BheW1lbnQiOiIxIiwicHVyY2hhc2VkaXRlbV9zZXQtOC1xdHkiOiIiLCJwdXJjaGFzZWRpdGVtX3NldC0xMC1wYXJlbnRfY2F0ZWdvcnkiOiIiLCJwdXJjaGFzZWRpdGVtX3NldC0xLWl0ZW0iOiI0NjQiLCJwdXJjaGFzZWRpdGVtX3NldC05LXF0eSI6IiIsInB1cmNoYXNlZGl0ZW1fc2V0LTItc3ViX2NhdGVnb3J5IjoiMTE1IiwicHVyY2hhc2VkaXRlbV9zZXQtNy1wYXJlbnRfY2F0ZWdvcnkiOiIiLCJwdXJjaGFzZWRpdGVtX3NldC0wLXB1cmNoYXNlX29yZGVyIjoiMjYiLCJwdXJjaGFzZWRpdGVtX3NldC05LWlkIjoiIiwicHVyY2hhc2VkaXRlbV9zZXQtMi1wdXJjaGFzZV9vcmRlciI6IjI2IiwicHVyY2hhc2VkaXRlbV9zZXQtMi1xdHkiOiI0IiwicHVyY2hhc2VkaXRlbV9zZXQtNy1wdXJjaGFzZV9vcmRlciI6IjI2IiwicHVyY2hhc2VkaXRlbV9zZXQtMy1wYXJlbnRfY2F0ZWdvcnkiOiIxMCIsInB1cmNoYXNlZGl0ZW1fc2V0LTMtaWQiOiI0OSIsInB1cmNoYXNlZGl0ZW1fc2V0LTgtcGFyZW50X2NhdGVnb3J5IjoiIiwidGRzIjoiMCIsInB1cmNoYXNlZGl0ZW1fc2V0LTUtc3ViX2NhdGVnb3J5IjoiMTYiLCJwdXJjaGFzZWRpdGVtX3NldC0xMy1wYXJlbnRfY2F0ZWdvcnkiOiIiLCJkZWxpdmVyeV9hZGRyZXNzIjoiMSIsInB1cmNoYXNlZGl0ZW1fc2V0LV9fcHJlZml4X18tcGFyZW50X2NhdGVnb3J5IjoiIiwicHVyY2hhc2VkaXRlbV9zZXQtMi1pZCI6IjQ4IiwicHVyY2hhc2VkaXRlbV9zZXQtOS1wdXJjaGFzZV9vcmRlciI6IjI2IiwicHVyY2hhc2VkaXRlbV9zZXQtNS1pZCI6IiIsInB1cmNoYXNlZGl0ZW1fc2V0LTUtaXRlbSI6IjMwMiIsInB1cmNoYXNlZGl0ZW1fc2V0LVRPVEFMX0ZPUk1TIjoiMTQiLCJwdXJjaGFzZWRpdGVtX3NldC0wLXF0eSI6IjIiLCJwdXJjaGFzZWRpdGVtX3NldC1JTklUSUFMX0ZPUk1TIjoiNCIsInB1cmNoYXNlZGl0ZW1fc2V0LTYtaXRlbSI6IjE5MSIsInB1cmNoYXNlZGl0ZW1fc2V0LTItcGFyZW50X2NhdGVnb3J5IjoiOSIsInB1cmNoYXNlZGl0ZW1fc2V0LTEyLXBhcmVudF9jYXRlZ29yeSI6IiIsImJ1eWVyX3RleHQiOiIiLCJwdXJjaGFzZWRpdGVtX3NldC01LXB1cmNoYXNlX29yZGVyIjoiMjYiLCJwdXJjaGFzZWRpdGVtX3NldC0xMy1pZCI6IiIsInB1cmNoYXNlZGl0ZW1fc2V0LTEtcHVyY2hhc2Vfb3JkZXIiOiIyNiIsInB1cmNoYXNlZGl0ZW1fc2V0LTQtc3ViX2NhdGVnb3J5IjoiOTAiLCJwdXJjaGFzZWRpdGVtX3NldC1fX3ByZWZpeF9fLWlkIjoiIiwicHVyY2hhc2VkaXRlbV9zZXQtMC1wYXJlbnRfY2F0ZWdvcnkiOiIzNSIsInB1cmNoYXNlZGl0ZW1fc2V0LTUtcXR5IjoiNSIsIl9zYXZlIjoiIiwicHVyY2hhc2VkaXRlbV9zZXQtNS1wYXJlbnRfY2F0ZWdvcnkiOiIxMCIsInB1cmNoYXNlZGl0ZW1fc2V0LTMtc3ViX2NhdGVnb3J5IjoiMTYiLCJwdXJjaGFzZWRpdGVtX3NldC0xMi1xdHkiOiIiLCJwdXJjaGFzZWRpdGVtX3NldC0xLXF0eSI6IjQiLCJwdXJjaGFzZWRpdGVtX3NldC0xMi1wdXJjaGFzZV9vcmRlciI6IjI2IiwicHVyY2hhc2VkaXRlbV9zZXQtMTAtcXR5IjoiIiwicHVyY2hhc2VkaXRlbV9zZXQtNi1zdWJfY2F0ZWdvcnkiOiI3MCIsInB1cmNoYXNlZGl0ZW1fc2V0LTctcXR5IjoiIiwicHVyY2hhc2VkaXRlbV9zZXQtMTEtcGFyZW50X2NhdGVnb3J5IjoiIiwicHVyY2hhc2VkaXRlbV9zZXQtMC1pdGVtIjoiMzQ5IiwicHVyY2hhc2VkaXRlbV9zZXQtNi1wdXJjaGFzZV9vcmRlciI6IjI2IiwicHVyY2hhc2VkaXRlbV9zZXQtMTEtaWQiOiIiLCJwdXJjaGFzZWRpdGVtX3NldC0yLWl0ZW0iOiIzMzMiLCJwdXJjaGFzZWRpdGVtX3NldC00LXBhcmVudF9jYXRlZ29yeSI6IjkiLCJwdXJjaGFzZWRpdGVtX3NldC0zLXB1cmNoYXNlX29yZGVyIjoiMjYiLCJwdXJjaGFzZWRpdGVtX3NldC02LWlkIjoiIiwidG90YWxfZGlzY291bnQiOiIwIiwiY3NyZm1pZGRsZXdhcmV0b2tlbiI6IjJ2N1U5OFZrcDg0NWV6U1NEV1h4WTJrRVN1N2xZdXc1IiwicHVyY2hhc2VkaXRlbV9zZXQtTUFYX05VTV9GT1JNUyI6IjEwMDAiLCJwdXJjaGFzZWRpdGVtX3NldC04LXB1cmNoYXNlX29yZGVyIjoiMjYiLCJwdXJjaGFzZWRpdGVtX3NldC0wLWlkIjoiNDYiLCJwdXJjaGFzZWRpdGVtX3NldC0xMC1pZCI6IiIsInB1cmNoYXNlZGl0ZW1fc2V0LTktcGFyZW50X2NhdGVnb3J5IjoiIiwicHVyY2hhc2VkaXRlbV9zZXQtMC1zdWJfY2F0ZWdvcnkiOiI2NCIsInB1cmNoYXNlZGl0ZW1fc2V0LTYtcXR5IjoiNSIsInB1cmNoYXNlZGl0ZW1fc2V0LTEyLWlkIjoiIiwicHVyY2hhc2VkaXRlbV9zZXQtX19wcmVmaXhfXy1wdXJjaGFzZV9vcmRlciI6IjI2IiwicHVyY2hhc2VkaXRlbV9zZXQtMy1xdHkiOiIyIiwicHVyY2hhc2VkaXRlbV9zZXQtMTEtcXR5IjoiIiwicHVyY2hhc2VkaXRlbV9zZXQtMTMtcHVyY2hhc2Vfb3JkZXIiOiIyNiJ9LCJfYXV0aF91c2VyX2hhc2giOiIxMjhjYjQ4MjgyM2ZkMTE2MmFjNWI4MTgwODYzN2U1OGQyMmI0MzkzIiwiX2F1dGhfdXNlcl9iYWNrZW5kIjoiZGphbmdvLmNvbnRyaWIuYXV0aC5iYWNrZW5kcy5Nb2RlbEJhY2tlbmQiLCJfYXV0aF91c2VyX2lkIjo0NTgsInB1cmNoYXNlX29yZGVyX2lkIjoyNn0=', '2014-10-16 07:38:16'),
('8r34s2yh32cq2bygcjkxohzp8yo9y0mr', 'NzM3OTk4ZjMwZTIyY2EzOGExYTVlYzJjNzgyZWMzZDYzYzQ3YmVjNTp7fQ==', '2015-01-09 09:49:43'),
('8to01n378rnzgtqn6dfmc2lsndt9xte2', 'YWQ0ZGJiNGViNmU0YWQ3ZWExZGNmOGM5NDBjOTlhYzZhNDAxZTNmYTp7Im9sZF9wb3N0Ijp7InB1cmNoYXNlZGl0ZW1fc2V0LTAtaXRlbSI6IjEwMDciLCJwdXJjaGFzZWRpdGVtX3NldC02LXB1cmNoYXNlX29yZGVyIjoiIiwicmVmZXJlbmNlIjoiTmlsIiwicHVyY2hhc2VkaXRlbV9zZXQtVE9UQUxfRk9STVMiOiIxMCIsInB1cmNoYXNlZGl0ZW1fc2V0LTAtcXR5IjoiMSIsInB1cmNoYXNlZGl0ZW1fc2V0LTEtdHlwZSI6IiIsInB1cmNoYXNlZGl0ZW1fc2V0LUlOSVRJQUxfRk9STVMiOiIwIiwicHVyY2hhc2VkaXRlbV9zZXQtNC1xdHkiOiIiLCJwdXJjaGFzZWRpdGVtX3NldC04LWlkIjoiIiwicHVyY2hhc2VkaXRlbV9zZXQtNC1wdXJjaGFzZV9vcmRlciI6IiIsInB1cmNoYXNlZGl0ZW1fc2V0LTgtcXR5IjoiIiwicHVyY2hhc2VkaXRlbV9zZXQtNC1pZCI6IiIsInB1cmNoYXNlZGl0ZW1fc2V0LTQtcHJpY2VfcGVyX3VuaXQiOiIiLCJwdXJjaGFzZWRpdGVtX3NldC1fX3ByZWZpeF9fLXB1cmNoYXNlX29yZGVyIjoiIiwicHVyY2hhc2VkaXRlbV9zZXQtMS1pZCI6IiIsInJlZmVyZW5jZV9kYXRlIjoiMjAxNC0xMi0yMiIsInB1cmNoYXNlZGl0ZW1fc2V0LTItcHJpY2VfcGVyX3VuaXQiOiIiLCJwdXJjaGFzZWRpdGVtX3NldC02LXR5cGUiOiIiLCJwdXJjaGFzZWRpdGVtX3NldC03LWlkIjoiIiwicHVyY2hhc2VkaXRlbV9zZXQtX19wcmVmaXhfXy1wcmljZV9wZXJfdW5pdCI6IiIsIl9zYXZlIjoiIiwicHVyY2hhc2VkaXRlbV9zZXQtMi1wYXJlbnRfY2F0ZWdvcnkiOiIiLCJwdXJjaGFzZWRpdGVtX3NldC00LXBhcmVudF9jYXRlZ29yeSI6IiIsInB1cmNoYXNlZGl0ZW1fc2V0LTktcXR5IjoiIiwicHVyY2hhc2VkaXRlbV9zZXQtMS1wYXJlbnRfY2F0ZWdvcnkiOiIiLCJwdXJjaGFzZWRpdGVtX3NldC0xLXByaWNlX3Blcl91bml0IjoiIiwib3JnYW5pc2F0aW9uIjoiMSIsInB1cmNoYXNlZGl0ZW1fc2V0LTgtcHJpY2VfcGVyX3VuaXQiOiIiLCJwdXJjaGFzZWRpdGVtX3NldC03LXBhcmVudF9jYXRlZ29yeSI6IiIsInB1cmNoYXNlZGl0ZW1fc2V0LTYtcHJpY2VfcGVyX3VuaXQiOiIiLCJidXllcl90ZXh0IjoiIiwicHVyY2hhc2VkaXRlbV9zZXQtMC1wdXJjaGFzZV9vcmRlciI6IiIsInB1cmNoYXNlZGl0ZW1fc2V0LTUtcHVyY2hhc2Vfb3JkZXIiOiIiLCJ0b3RhbF9kaXNjb3VudCI6IjAiLCJwdXJjaGFzZWRpdGVtX3NldC05LWlkIjoiIiwicHVyY2hhc2VkaXRlbV9zZXQtMy10eXBlIjoiIiwicHVyY2hhc2VkaXRlbV9zZXQtMi1wdXJjaGFzZV9vcmRlciI6IiIsImNzcmZtaWRkbGV3YXJldG9rZW4iOiJTYk9oN3p4OTJNTWZRZGc3MjVEN0xDYmtUb1dpQjUxSyIsInB1cmNoYXNlZGl0ZW1fc2V0LV9fcHJlZml4X18taWQiOiIiLCJwdXJjaGFzZWRpdGVtX3NldC0yLXF0eSI6IiIsInB1cmNoYXNlZGl0ZW1fc2V0LTAtcGFyZW50X2NhdGVnb3J5IjoiMTI5IiwicHVyY2hhc2VkaXRlbV9zZXQtOS1wcmljZV9wZXJfdW5pdCI6IiIsInB1cmNoYXNlZGl0ZW1fc2V0LTUtcXR5IjoiIiwicHVyY2hhc2VkaXRlbV9zZXQtNy1wdXJjaGFzZV9vcmRlciI6IiIsIm1vZGVfb2ZfcGF5bWVudCI6IjMiLCJwdXJjaGFzZWRpdGVtX3NldC1NQVhfTlVNX0ZPUk1TIjoiMTAwMCIsInB1cmNoYXNlZGl0ZW1fc2V0LTYtcGFyZW50X2NhdGVnb3J5IjoiIiwiZGVsaXZlcnlfYWRkcmVzcyI6IlBsb3QgTm8uNDYwLTQ2MSBHLCBCUlMgTmFnYXIsIEZlcm96ZXB1ciBSb2FkLCBMdWRoaWFuYSIsInB1cmNoYXNlZGl0ZW1fc2V0LTMtcGFyZW50X2NhdGVnb3J5IjoiIiwicHVyY2hhc2VkaXRlbV9zZXQtNS1wcmljZV9wZXJfdW5pdCI6IiIsInB1cmNoYXNlZGl0ZW1fc2V0LTUtcGFyZW50X2NhdGVnb3J5IjoiIiwicHVyY2hhc2VkaXRlbV9zZXQtNy10eXBlIjoiIiwicHVyY2hhc2VkaXRlbV9zZXQtMC1pZCI6IiIsInB1cmNoYXNlZGl0ZW1fc2V0LTgtcHVyY2hhc2Vfb3JkZXIiOiIiLCJwdXJjaGFzZWRpdGVtX3NldC0zLWlkIjoiIiwicHVyY2hhc2VkaXRlbV9zZXQtOC1wYXJlbnRfY2F0ZWdvcnkiOiIiLCJidXllciI6IjYwOCIsInB1cmNoYXNlZGl0ZW1fc2V0LTgtdHlwZSI6IiIsInB1cmNoYXNlZGl0ZW1fc2V0LTEtcXR5IjoiIiwicHVyY2hhc2VkaXRlbV9zZXQtOS1wYXJlbnRfY2F0ZWdvcnkiOiIiLCJwdXJjaGFzZWRpdGVtX3NldC0yLXR5cGUiOiIiLCJwdXJjaGFzZWRpdGVtX3NldC0wLXN1Yl9jYXRlZ29yeSI6IjM2NiIsInB1cmNoYXNlZGl0ZW1fc2V0LV9fcHJlZml4X18tdHlwZSI6IiIsInB1cmNoYXNlZGl0ZW1fc2V0LTYtcXR5IjoiIiwicHVyY2hhc2VkaXRlbV9zZXQtMy1wdXJjaGFzZV9vcmRlciI6IiIsInB1cmNoYXNlZGl0ZW1fc2V0LTctcHJpY2VfcGVyX3VuaXQiOiIiLCJwdXJjaGFzZWRpdGVtX3NldC0wLXR5cGUiOiIxIiwidGRzIjoiMCIsImNoZXF1ZV9kZF9kYXRlIjoiMjAxNC0xMi0yMyIsInB1cmNoYXNlZGl0ZW1fc2V0LTctcXR5IjoiIiwiY2hlcXVlX2RkX251bWJlciI6IjU0ODMwMiIsInB1cmNoYXNlZGl0ZW1fc2V0LTQtdHlwZSI6IiIsInB1cmNoYXNlZGl0ZW1fc2V0LTItaWQiOiIiLCJwdXJjaGFzZWRpdGVtX3NldC0wLXByaWNlX3Blcl91bml0IjoiNTAwMCIsInB1cmNoYXNlZGl0ZW1fc2V0LTktcHVyY2hhc2Vfb3JkZXIiOiIiLCJwdXJjaGFzZWRpdGVtX3NldC1fX3ByZWZpeF9fLXBhcmVudF9jYXRlZ29yeSI6IiIsInB1cmNoYXNlZGl0ZW1fc2V0LTktdHlwZSI6IiIsInB1cmNoYXNlZGl0ZW1fc2V0LTMtcXR5IjoiIiwicHVyY2hhc2VkaXRlbV9zZXQtMy1wcmljZV9wZXJfdW5pdCI6IiIsInB1cmNoYXNlZGl0ZW1fc2V0LTUtdHlwZSI6IiIsInB1cmNoYXNlZGl0ZW1fc2V0LV9fcHJlZml4X18tcXR5IjoiIiwicHVyY2hhc2VkaXRlbV9zZXQtNS1pZCI6IiIsInB1cmNoYXNlZGl0ZW1fc2V0LTYtaWQiOiIiLCJwdXJjaGFzZWRpdGVtX3NldC1NSU5fTlVNX0ZPUk1TIjoiMCIsInB1cmNoYXNlZGl0ZW1fc2V0LTEtcHVyY2hhc2Vfb3JkZXIiOiIifSwiX2F1dGhfdXNlcl9oYXNoIjoiZmUxNzU4MzlmZDVkZWNiYTZiODI2Y2M2NDJmODVkMzI4NWJkZDk2ZCIsIl9hdXRoX3VzZXJfYmFja2VuZCI6ImRqYW5nby5jb250cmliLmF1dGguYmFja2VuZHMuTW9kZWxCYWNrZW5kIiwiX2F1dGhfdXNlcl9pZCI6NTk2LCJwdXJjaGFzZV9vcmRlcl9pZCI6MTF9', '2015-01-06 09:26:03'),
('8yleaks5qmxfc5dn3cyhwp5dua8da984', 'ZjljOThkNjIxODNmZjhkOThmZGNjN2U3MDFjZTgyY2ZmNjI3NmQ3Njp7Il9hdXRoX3VzZXJfaGFzaCI6IjEyOGNiNDgyODIzZmQxMTYyYWM1YjgxODA4NjM3ZTU4ZDIyYjQzOTMiLCJfYXV0aF91c2VyX2JhY2tlbmQiOiJkamFuZ28uY29udHJpYi5hdXRoLmJhY2tlbmRzLk1vZGVsQmFja2VuZCIsIl9hdXRoX3VzZXJfaWQiOjQ1OH0=', '2014-10-13 02:09:42'),
('9it8uio8me4vj8cby0ysjrdo80gvllm7', 'M2Y2MjkwMGIxNGUxYTZjNTlmZmY2NjgxYjYyMzBhMWMzYmZmZjQ0ZTp7Im9sZF9wb3N0Ijp7InB1cmNoYXNlZGl0ZW1fc2V0LTAtaXRlbSI6IjkwIiwicHVyY2hhc2VkaXRlbV9zZXQtNi1wdXJjaGFzZV9vcmRlciI6IiIsInJlZmVyZW5jZSI6ImxldHRlciBuby4gMjMxMiIsInB1cmNoYXNlZGl0ZW1fc2V0LVRPVEFMX0ZPUk1TIjoiMTAiLCJwdXJjaGFzZWRpdGVtX3NldC0wLXF0eSI6IjIiLCJwdXJjaGFzZWRpdGVtX3NldC1JTklUSUFMX0ZPUk1TIjoiMCIsInB1cmNoYXNlZGl0ZW1fc2V0LTQtcXR5IjoiIiwicHVyY2hhc2VkaXRlbV9zZXQtNC1wdXJjaGFzZV9vcmRlciI6IiIsInB1cmNoYXNlZGl0ZW1fc2V0LTgtcXR5IjoiIiwidGRzIjoiMCIsInB1cmNoYXNlZGl0ZW1fc2V0LTQtaWQiOiIiLCJwdXJjaGFzZWRpdGVtX3NldC04LWlkIjoiIiwicHVyY2hhc2VkaXRlbV9zZXQtNy1pZCI6IiIsIl9zYXZlIjoiIiwicHVyY2hhc2VkaXRlbV9zZXQtMi1wYXJlbnRfY2F0ZWdvcnkiOiIiLCJwdXJjaGFzZWRpdGVtX3NldC00LXBhcmVudF9jYXRlZ29yeSI6IiIsInB1cmNoYXNlZGl0ZW1fc2V0LTktcXR5IjoiIiwicHVyY2hhc2VkaXRlbV9zZXQtMS1wYXJlbnRfY2F0ZWdvcnkiOiIiLCJvcmdhbmlzYXRpb24iOiIxIiwicHVyY2hhc2VkaXRlbV9zZXQtNy1wYXJlbnRfY2F0ZWdvcnkiOiIiLCJidXllcl90ZXh0IjoiIiwicHVyY2hhc2VkaXRlbV9zZXQtMC1wdXJjaGFzZV9vcmRlciI6IiIsInB1cmNoYXNlZGl0ZW1fc2V0LTUtcHVyY2hhc2Vfb3JkZXIiOiIiLCJ0b3RhbF9kaXNjb3VudCI6IjAiLCJwdXJjaGFzZWRpdGVtX3NldC05LWlkIjoiIiwicHVyY2hhc2VkaXRlbV9zZXQtMS1wdXJjaGFzZV9vcmRlciI6IiIsInB1cmNoYXNlZGl0ZW1fc2V0LTItcHVyY2hhc2Vfb3JkZXIiOiIiLCJjc3JmbWlkZGxld2FyZXRva2VuIjoiTVFGbDNjdjNxOWpMQ0FWbzgzb2ltaDlXU2I3a2NaaEkiLCJwdXJjaGFzZWRpdGVtX3NldC1fX3ByZWZpeF9fLWlkIjoiIiwicHVyY2hhc2VkaXRlbV9zZXQtMi1xdHkiOiIiLCJwdXJjaGFzZWRpdGVtX3NldC0wLXBhcmVudF9jYXRlZ29yeSI6IjEyIiwicHVyY2hhc2VkaXRlbV9zZXQtNS1xdHkiOiIiLCJwdXJjaGFzZWRpdGVtX3NldC03LXB1cmNoYXNlX29yZGVyIjoiIiwibW9kZV9vZl9wYXltZW50IjoiMSIsInB1cmNoYXNlZGl0ZW1fc2V0LU1BWF9OVU1fRk9STVMiOiIxMDAwIiwicHVyY2hhc2VkaXRlbV9zZXQtNi1wYXJlbnRfY2F0ZWdvcnkiOiIiLCJwdXJjaGFzZWRpdGVtX3NldC0zLXBhcmVudF9jYXRlZ29yeSI6IiIsInB1cmNoYXNlZGl0ZW1fc2V0LTUtcGFyZW50X2NhdGVnb3J5IjoiIiwicHVyY2hhc2VkaXRlbV9zZXQtOC1wdXJjaGFzZV9vcmRlciI6IiIsInB1cmNoYXNlZGl0ZW1fc2V0LTAtaWQiOiIiLCJwdXJjaGFzZWRpdGVtX3NldC0zLWlkIjoiIiwicHVyY2hhc2VkaXRlbV9zZXQtOC1wYXJlbnRfY2F0ZWdvcnkiOiIiLCJidXllciI6IjY3IiwicHVyY2hhc2VkaXRlbV9zZXQtMS1xdHkiOiIiLCJwdXJjaGFzZWRpdGVtX3NldC05LXBhcmVudF9jYXRlZ29yeSI6IiIsInB1cmNoYXNlZGl0ZW1fc2V0LTAtc3ViX2NhdGVnb3J5IjoiMTM4IiwiZGVsaXZlcnlfYWRkcmVzcyI6InlveW95b3lvIiwicHVyY2hhc2VkaXRlbV9zZXQtNi1xdHkiOiIiLCJwdXJjaGFzZWRpdGVtX3NldC0zLXB1cmNoYXNlX29yZGVyIjoiIiwicHVyY2hhc2VkaXRlbV9zZXQtNy1xdHkiOiIiLCJwdXJjaGFzZWRpdGVtX3NldC1fX3ByZWZpeF9fLXBhcmVudF9jYXRlZ29yeSI6IiIsImNoZXF1ZV9kZF9kYXRlIjoiIiwiY2hlcXVlX2RkX251bWJlciI6IiIsInB1cmNoYXNlZGl0ZW1fc2V0LTItaWQiOiIiLCJwdXJjaGFzZWRpdGVtX3NldC05LXB1cmNoYXNlX29yZGVyIjoiIiwicHVyY2hhc2VkaXRlbV9zZXQtX19wcmVmaXhfXy1wdXJjaGFzZV9vcmRlciI6IiIsInB1cmNoYXNlZGl0ZW1fc2V0LTMtcXR5IjoiIiwicHVyY2hhc2VkaXRlbV9zZXQtX19wcmVmaXhfXy1xdHkiOiIiLCJwdXJjaGFzZWRpdGVtX3NldC01LWlkIjoiIiwicHVyY2hhc2VkaXRlbV9zZXQtNi1pZCI6IiIsInB1cmNoYXNlZGl0ZW1fc2V0LU1JTl9OVU1fRk9STVMiOiIwIiwicHVyY2hhc2VkaXRlbV9zZXQtMS1pZCI6IiJ9LCJfYXV0aF91c2VyX2hhc2giOiIxMjhjYjQ4MjgyM2ZkMTE2MmFjNWI4MTgwODYzN2U1OGQyMmI0MzkzIiwiX2F1dGhfdXNlcl9iYWNrZW5kIjoiZGphbmdvLmNvbnRyaWIuYXV0aC5iYWNrZW5kcy5Nb2RlbEJhY2tlbmQiLCJfYXV0aF91c2VyX2lkIjo0NTgsInB1cmNoYXNlX29yZGVyX2lkIjo1fQ==', '2014-10-19 05:03:03'),
('9ndknaiby02nglo99dufzbgt9emy2aud', 'MDUxZmUxMTk3Nzk1NjJhNDVlMmVjODMzNTIzZjAwYTVmYWY4NDUwOTp7Il9hdXRoX3VzZXJfaGFzaCI6IjgyN2RkMmFlNjkxOGM2MjE2NmMxYWMxM2IxMDQxNDc0MGIzMjQ4ODUiLCJfYXV0aF91c2VyX2JhY2tlbmQiOiJkamFuZ28uY29udHJpYi5hdXRoLmJhY2tlbmRzLk1vZGVsQmFja2VuZCIsIl9hdXRoX3VzZXJfaWQiOjU5NX0=', '2015-01-19 08:37:01'),
('a1gx7ixk12tklg78c1ys9fyxp0ycesdf', 'NzQ0MjMxYzE1Y2RmNjc4MjhhMjc1Mzc3ZWE2MTZkMzZlY2Y5MDBjMDp7Il9hdXRoX3VzZXJfaGFzaCI6Ijc3MWQ0YjE5MGRmNWE0OGZmYzg5OWVkZThjMTU2YjU1OTUyODViOTUiLCJfYXV0aF91c2VyX2JhY2tlbmQiOiJkamFuZ28uY29udHJpYi5hdXRoLmJhY2tlbmRzLk1vZGVsQmFja2VuZCIsIl9hdXRoX3VzZXJfaWQiOjU5N30=', '2014-12-24 09:05:16'),
('a74nwytxmdsmof0ybpfaqby3c75ic423', 'ZjljOThkNjIxODNmZjhkOThmZGNjN2U3MDFjZTgyY2ZmNjI3NmQ3Njp7Il9hdXRoX3VzZXJfaGFzaCI6IjEyOGNiNDgyODIzZmQxMTYyYWM1YjgxODA4NjM3ZTU4ZDIyYjQzOTMiLCJfYXV0aF91c2VyX2JhY2tlbmQiOiJkamFuZ28uY29udHJpYi5hdXRoLmJhY2tlbmRzLk1vZGVsQmFja2VuZCIsIl9hdXRoX3VzZXJfaWQiOjQ1OH0=', '2014-10-16 06:33:30'),
('a8xl5dagqsmu0sdil2u43gmyrb3retdw', 'ZjU4ZjU5YzZiMjY3YTgwODUxZDNkNmY0NzA3ZWZiOTdmOTFjNTY0OTp7Il9hdXRoX3VzZXJfaGFzaCI6IjkyZmMzZTYzNDczMjgwYjNhNmYzYTM5ZTgwZWE5ZGU3YjdjNGJmOGYiLCJfYXV0aF91c2VyX2JhY2tlbmQiOiJkamFuZ28uY29udHJpYi5hdXRoLmJhY2tlbmRzLk1vZGVsQmFja2VuZCIsIl9hdXRoX3VzZXJfaWQiOjU5Nn0=', '2014-12-25 04:02:35'),
('ak9s3zjmscdd2ym55xd95q8k5fwuo8an', 'MDUxZmUxMTk3Nzk1NjJhNDVlMmVjODMzNTIzZjAwYTVmYWY4NDUwOTp7Il9hdXRoX3VzZXJfaGFzaCI6IjgyN2RkMmFlNjkxOGM2MjE2NmMxYWMxM2IxMDQxNDc0MGIzMjQ4ODUiLCJfYXV0aF91c2VyX2JhY2tlbmQiOiJkamFuZ28uY29udHJpYi5hdXRoLmJhY2tlbmRzLk1vZGVsQmFja2VuZCIsIl9hdXRoX3VzZXJfaWQiOjU5NX0=', '2015-01-06 05:28:48'),
('akuj8rhbe7fdb5oebko55sq0a5em5m30', 'NWE0NzJhODU5NWY3Mjc4MmNmMzQ4OTk0MTUyYjVjYWE5MjMwMWFlNDp7Im9sZF9wb3N0Ijp7InF1b3RlZGl0ZW1fc2V0LTE1LWlkIjoiIiwicXVvdGVkaXRlbV9zZXQtNS10eXBlIjoiIiwicXVvdGVkaXRlbV9zZXQtMjAtcHJpY2VfcGVyX3VuaXQiOiIiLCJxdW90ZWRpdGVtX3NldC0yLWlkIjoiIiwicXVvdGVkaXRlbV9zZXQtMTEtaWQiOiIiLCJxdW90ZWRpdGVtX3NldC0yOS10eXBlIjoiIiwicXVvdGVkaXRlbV9zZXQtNi1xdW90ZWRfb3JkZXIiOiIiLCJxdW90ZWRpdGVtX3NldC05LXF0eSI6IiIsInF1b3RlZGl0ZW1fc2V0LTktdHlwZSI6IiIsInF1b3RlZGl0ZW1fc2V0LTAtcHJpY2VfcGVyX3VuaXQiOiI2MDAwIiwicXVvdGVkaXRlbV9zZXQtMTUtcXR5IjoiIiwicXVvdGVkaXRlbV9zZXQtOS1xdW90ZWRfb3JkZXIiOiIiLCJxdW90ZWRpdGVtX3NldC0wLWlkIjoiIiwicXVvdGVkaXRlbV9zZXQtMjYtcHJpY2VfcGVyX3VuaXQiOiIiLCJxdW90ZWRpdGVtX3NldC0xLXN1Yl9jYXRlZ29yeSI6IjMzMyIsInF1b3RlZGl0ZW1fc2V0LTQtdHlwZSI6IiIsIm9yZ2FuaXNhdGlvbiI6IjEiLCJxdW90ZWRpdGVtX3NldC0xMC1wcmljZV9wZXJfdW5pdCI6IiIsInF1b3RlZGl0ZW1fc2V0LTUtcXR5IjoiIiwicXVvdGVkaXRlbV9zZXQtMjctaWQiOiIiLCJxdW90ZWRpdGVtX3NldC05LWlkIjoiIiwicXVvdGVkaXRlbV9zZXQtMS1wcmljZV9wZXJfdW5pdCI6IjE1MDAwIiwicXVvdGVkaXRlbV9zZXQtMjAtcXR5IjoiIiwicXVvdGVkaXRlbV9zZXQtMTYtcXR5IjoiIiwicXVvdGVkaXRlbV9zZXQtMjItcXVvdGVkX29yZGVyIjoiIiwicXVvdGVkaXRlbV9zZXQtNS1pZCI6IiIsInF1b3RlZGl0ZW1fc2V0LTAtcXVvdGVkX29yZGVyIjoiIiwicXVvdGVkaXRlbV9zZXQtMi1pdGVtIjoiOTg0IiwicXVvdGVkaXRlbV9zZXQtX19wcmVmaXhfXy10eXBlIjoiIiwicXVvdGVkaXRlbV9zZXQtMjMtcHJpY2VfcGVyX3VuaXQiOiIiLCJxdW90ZWRpdGVtX3NldC0yMy1pZCI6IiIsInF1b3RlZGl0ZW1fc2V0LUlOSVRJQUxfRk9STVMiOiIwIiwicXVvdGVkaXRlbV9zZXQtNy10eXBlIjoiIiwicXVvdGVkaXRlbV9zZXQtMjgtcXVvdGVkX29yZGVyIjoiIiwicXVvdGVkaXRlbV9zZXQtMS1wYXJlbnRfY2F0ZWdvcnkiOiIyNyIsImJ1eWVyIjoiNjE1IiwicXVvdGVkaXRlbV9zZXQtMy1pZCI6IiIsInF1b3RlZGl0ZW1fc2V0LTctcXR5IjoiIiwicXVvdGVkaXRlbV9zZXQtNS1wcmljZV9wZXJfdW5pdCI6IiIsInF1b3RlZGl0ZW1fc2V0LTItcHJpY2VfcGVyX3VuaXQiOiIyNzAwMCIsInF1b3RlZGl0ZW1fc2V0LTI1LXByaWNlX3Blcl91bml0IjoiIiwicXVvdGVkaXRlbV9zZXQtMjEtdHlwZSI6IiIsInF1b3RlZGl0ZW1fc2V0LTE5LXByaWNlX3Blcl91bml0IjoiIiwicXVvdGVkaXRlbV9zZXQtX19wcmVmaXhfXy1pZCI6IiIsInF1b3RlZGl0ZW1fc2V0LU1BWF9OVU1fRk9STVMiOiIxMDAwIiwicXVvdGVkaXRlbV9zZXQtNy1wcmljZV9wZXJfdW5pdCI6IiIsInF1b3RlZGl0ZW1fc2V0LTgtaWQiOiIiLCJxdW90ZWRpdGVtX3NldC1fX3ByZWZpeF9fLXF1b3RlZF9vcmRlciI6IiIsInF1b3RlZGl0ZW1fc2V0LTIyLXByaWNlX3Blcl91bml0IjoiIiwicXVvdGVkaXRlbV9zZXQtNi10eXBlIjoiIiwicmVmZXJlbmNlIjoiTmlsIiwicXVvdGVkaXRlbV9zZXQtMC1pdGVtIjoiODc1IiwiY2hlcXVlX2RkX251bWJlciI6IiIsInF1b3RlZGl0ZW1fc2V0LTExLXR5cGUiOiIiLCJxdW90ZWRpdGVtX3NldC0xLXF0eSI6IjEiLCJxdW90ZWRpdGVtX3NldC02LWlkIjoiIiwicXVvdGVkaXRlbV9zZXQtMTctaWQiOiIiLCJxdW90ZWRpdGVtX3NldC02LXF0eSI6IiIsInF1b3RlZGl0ZW1fc2V0LTExLXByaWNlX3Blcl91bml0IjoiIiwicXVvdGVkaXRlbV9zZXQtMTEtcXR5IjoiIiwicXVvdGVkaXRlbV9zZXQtMTAtaWQiOiIiLCJxdW90ZWRpdGVtX3NldC1fX3ByZWZpeF9fLXByaWNlX3Blcl91bml0IjoiIiwicXVvdGVkaXRlbV9zZXQtNC1pZCI6IiIsInF1b3RlZGl0ZW1fc2V0LTctaWQiOiIiLCJxdW90ZWRpdGVtX3NldC04LXF1b3RlZF9vcmRlciI6IiIsInF1b3RlZGl0ZW1fc2V0LTIxLXByaWNlX3Blcl91bml0IjoiIiwicXVvdGVkaXRlbV9zZXQtNC1xdHkiOiIiLCJxdW90ZWRpdGVtX3NldC0yNC1xdW90ZWRfb3JkZXIiOiIiLCJxdW90ZWRpdGVtX3NldC0wLXN1Yl9jYXRlZ29yeSI6IjMzMyIsInF1b3RlZGl0ZW1fc2V0LTAtcXR5IjoiNSIsInF1b3RlZGl0ZW1fc2V0LTUtcXVvdGVkX29yZGVyIjoiIiwicXVvdGVkaXRlbV9zZXQtNC1wcmljZV9wZXJfdW5pdCI6IiIsInF1b3RlZGl0ZW1fc2V0LTMtdHlwZSI6IiIsInF1b3RlZGl0ZW1fc2V0LTIwLXR5cGUiOiIiLCJxdW90ZWRpdGVtX3NldC0xOC1xdHkiOiIiLCJxdW90ZWRpdGVtX3NldC0xNi1xdW90ZWRfb3JkZXIiOiIiLCJxdW90ZWRpdGVtX3NldC0xNC1pZCI6IiIsInF1b3RlZGl0ZW1fc2V0LTE5LXF0eSI6IiIsInF1b3RlZGl0ZW1fc2V0LTExLXF1b3RlZF9vcmRlciI6IiIsImRlbGl2ZXJ5X2FkZHJlc3MiOiJDb25zdHJ1Y3Rpb24gb2YgNSBIaWdoIFJpc2UgVG93ZXJzIGF0IERlbHRhIENpdHksIEx1ZGhpYW5hIiwicXVvdGVkaXRlbV9zZXQtMTktdHlwZSI6IiIsInF1b3RlZGl0ZW1fc2V0LTEwLXF1b3RlZF9vcmRlciI6IiIsInF1b3RlZGl0ZW1fc2V0LTE5LXF1b3RlZF9vcmRlciI6IiIsImNoZXF1ZV9kZF9kYXRlIjoiIiwicXVvdGVkaXRlbV9zZXQtMjQtcXR5IjoiIiwicXVvdGVkaXRlbV9zZXQtMjMtcXVvdGVkX29yZGVyIjoiIiwicXVvdGVkaXRlbV9zZXQtMTItdHlwZSI6IiIsInF1b3RlZGl0ZW1fc2V0LTI3LXF0eSI6IiIsInF1b3RlZGl0ZW1fc2V0LTEwLXR5cGUiOiIiLCJxdW90ZWRpdGVtX3NldC04LXF0eSI6IiIsInF1b3RlZGl0ZW1fc2V0LTE2LXByaWNlX3Blcl91bml0IjoiIiwicXVvdGVkaXRlbV9zZXQtVE9UQUxfRk9STVMiOiIzMCIsInF1b3RlZGl0ZW1fc2V0LTEtdHlwZSI6IjIiLCJxdW90ZWRpdGVtX3NldC04LXByaWNlX3Blcl91bml0IjoiIiwicXVvdGVkaXRlbV9zZXQtMTItaWQiOiIiLCJxdW90ZWRpdGVtX3NldC0xOC1xdW90ZWRfb3JkZXIiOiIiLCJxdW90ZWRpdGVtX3NldC0xMC1xdHkiOiIiLCJxdW90ZWRpdGVtX3NldC0yOC1pZCI6IiIsInF1b3RlZGl0ZW1fc2V0LTE0LXF1b3RlZF9vcmRlciI6IiIsImJ1eWVyX3RleHQiOiIiLCJxdW90ZWRpdGVtX3NldC0xMi1wcmljZV9wZXJfdW5pdCI6IiIsInF1b3RlZGl0ZW1fc2V0LTEzLXF1b3RlZF9vcmRlciI6IiIsInF1b3RlZGl0ZW1fc2V0LTI0LXByaWNlX3Blcl91bml0IjoiIiwicXVvdGVkaXRlbV9zZXQtMjktaWQiOiIiLCJxdW90ZWRpdGVtX3NldC0xNi10eXBlIjoiIiwicXVvdGVkaXRlbV9zZXQtMjgtcXR5IjoiIiwicXVvdGVkaXRlbV9zZXQtNC1xdW90ZWRfb3JkZXIiOiIiLCJxdW90ZWRpdGVtX3NldC03LXF1b3RlZF9vcmRlciI6IiIsInF1b3RlZGl0ZW1fc2V0LTMtcXVvdGVkX29yZGVyIjoiIiwicXVvdGVkaXRlbV9zZXQtX19wcmVmaXhfXy1xdHkiOiIiLCJxdW90ZWRpdGVtX3NldC0xMi1xdHkiOiIiLCJxdW90ZWRpdGVtX3NldC0xNS1wcmljZV9wZXJfdW5pdCI6IiIsIl9zYXZlIjoiIiwicXVvdGVkaXRlbV9zZXQtMi1xdW90ZWRfb3JkZXIiOiIiLCJxdW90ZWRpdGVtX3NldC0xNC10eXBlIjoiIiwicXVvdGVkaXRlbV9zZXQtMjYtcXVvdGVkX29yZGVyIjoiIiwicXVvdGVkaXRlbV9zZXQtMTctcXR5IjoiIiwicXVvdGVkaXRlbV9zZXQtMjQtdHlwZSI6IiIsInF1b3RlZGl0ZW1fc2V0LTItcGFyZW50X2NhdGVnb3J5IjoiMjciLCJxdW90ZWRpdGVtX3NldC0zLXF0eSI6IiIsInF1b3RlZGl0ZW1fc2V0LTE4LXR5cGUiOiIiLCJxdW90ZWRpdGVtX3NldC0xMy1wcmljZV9wZXJfdW5pdCI6IiIsInF1b3RlZGl0ZW1fc2V0LTIxLXF1b3RlZF9vcmRlciI6IiIsInF1b3RlZGl0ZW1fc2V0LTE1LXF1b3RlZF9vcmRlciI6IiIsInF1b3RlZGl0ZW1fc2V0LTE3LXF1b3RlZF9vcmRlciI6IiIsInF1b3RlZGl0ZW1fc2V0LTI5LXF1b3RlZF9vcmRlciI6IiIsInF1b3RlZGl0ZW1fc2V0LTIyLXF0eSI6IiIsInF1b3RlZGl0ZW1fc2V0LTItcXR5IjoiMSIsInF1b3RlZGl0ZW1fc2V0LTE4LWlkIjoiIiwicXVvdGVkaXRlbV9zZXQtMjYtaWQiOiIiLCJxdW90ZWRpdGVtX3NldC1NSU5fTlVNX0ZPUk1TIjoiMCIsInF1b3RlZGl0ZW1fc2V0LTEzLXF0eSI6IiIsInF1b3RlZGl0ZW1fc2V0LTI4LXR5cGUiOiIiLCJxdW90ZWRpdGVtX3NldC0wLXR5cGUiOiIyIiwicXVvdGVkaXRlbV9zZXQtMjktcHJpY2VfcGVyX3VuaXQiOiIiLCJxdW90ZWRpdGVtX3NldC0wLXBhcmVudF9jYXRlZ29yeSI6IjI3IiwicXVvdGVkaXRlbV9zZXQtOC10eXBlIjoiIiwicXVvdGVkaXRlbV9zZXQtNi1wcmljZV9wZXJfdW5pdCI6IiIsInF1b3RlZGl0ZW1fc2V0LTIxLXF0eSI6IiIsInF1b3RlZGl0ZW1fc2V0LTI1LXR5cGUiOiIiLCJxdW90ZWRpdGVtX3NldC0yNi10eXBlIjoiIiwicXVvdGVkaXRlbV9zZXQtMjMtdHlwZSI6IiIsInJlZmVyZW5jZV9kYXRlIjoiMjAxNS0wMS0wMSIsInF1b3RlZGl0ZW1fc2V0LTktcHJpY2VfcGVyX3VuaXQiOiIiLCJxdW90ZWRpdGVtX3NldC0xLWl0ZW0iOiI5NzQiLCJxdW90ZWRpdGVtX3NldC0yLXR5cGUiOiIyIiwicXVvdGVkaXRlbV9zZXQtMjEtaWQiOiIiLCJxdW90ZWRpdGVtX3NldC0xNS10eXBlIjoiIiwicXVvdGVkaXRlbV9zZXQtMTktaWQiOiIiLCJxdW90ZWRpdGVtX3NldC0xNC1wcmljZV9wZXJfdW5pdCI6IiIsInF1b3RlZGl0ZW1fc2V0LTI4LXByaWNlX3Blcl91bml0IjoiIiwidG90YWxfZGlzY291bnQiOiIwIiwicXVvdGVkaXRlbV9zZXQtMTgtcHJpY2VfcGVyX3VuaXQiOiIiLCJjc3JmbWlkZGxld2FyZXRva2VuIjoic0FjdXdnUFJWSlNwQnhaNHJ0MlVDQkJnRHdLS1BjTTYiLCJxdW90ZWRpdGVtX3NldC0yMi10eXBlIjoiIiwicXVvdGVkaXRlbV9zZXQtMi1zdWJfY2F0ZWdvcnkiOiIzMzMiLCJxdW90ZWRpdGVtX3NldC0xNi1pZCI6IiIsInF1b3RlZGl0ZW1fc2V0LTIyLWlkIjoiIiwicXVvdGVkaXRlbV9zZXQtMjUtaWQiOiIiLCJxdW90ZWRpdGVtX3NldC0xMy10eXBlIjoiIiwicXVvdGVkaXRlbV9zZXQtMjctcHJpY2VfcGVyX3VuaXQiOiIiLCJxdW90ZWRpdGVtX3NldC0yNy1xdW90ZWRfb3JkZXIiOiIiLCJxdW90ZWRpdGVtX3NldC0yMy1xdHkiOiIiLCJxdW90ZWRpdGVtX3NldC0yMC1pZCI6IiIsInF1b3RlZGl0ZW1fc2V0LTE3LXR5cGUiOiIiLCJxdW90ZWRpdGVtX3NldC0xMi1xdW90ZWRfb3JkZXIiOiIiLCJxdW90ZWRpdGVtX3NldC0yNy10eXBlIjoiIiwicXVvdGVkaXRlbV9zZXQtMjUtcXVvdGVkX29yZGVyIjoiIiwicXVvdGVkaXRlbV9zZXQtMy1wcmljZV9wZXJfdW5pdCI6IiIsInF1b3RlZGl0ZW1fc2V0LTEtaWQiOiIiLCJxdW90ZWRpdGVtX3NldC0xMy1pZCI6IiIsInF1b3RlZGl0ZW1fc2V0LTI2LXF0eSI6IiIsInF1b3RlZGl0ZW1fc2V0LTE0LXF0eSI6IiIsInF1b3RlZGl0ZW1fc2V0LTI1LXF0eSI6IiIsInF1b3RlZGl0ZW1fc2V0LTI0LWlkIjoiIiwicXVvdGVkaXRlbV9zZXQtMTctcHJpY2VfcGVyX3VuaXQiOiIiLCJxdW90ZWRpdGVtX3NldC0yMC1xdW90ZWRfb3JkZXIiOiIiLCJxdW90ZWRpdGVtX3NldC0yOS1xdHkiOiIiLCJxdW90ZWRpdGVtX3NldC0xLXF1b3RlZF9vcmRlciI6IiJ9LCJxdW90ZWRfb3JkZXJfaWQiOjYsIl9hdXRoX3VzZXJfaGFzaCI6Ijc3MWQ0YjE5MGRmNWE0OGZmYzg5OWVkZThjMTU2YjU1OTUyODViOTUiLCJfYXV0aF91c2VyX2JhY2tlbmQiOiJkamFuZ28uY29udHJpYi5hdXRoLmJhY2tlbmRzLk1vZGVsQmFja2VuZCIsIl9hdXRoX3VzZXJfaWQiOjU5N30=', '2015-01-15 10:09:12'),
('apgne0z6afocdukci20rt1et9yhrz0z8', 'ZTAyMWFmZWRmN2Y4YWYxZTY2NWJlNzllNzFmNzMwNzJmY2IxNzdlODp7Il9hdXRoX3VzZXJfaWQiOjU5OCwibm9ucGF5bWVudG9yZGVyX2lkIjoxMSwib2xkX3Bvc3QiOnsiZGVsaXZlcnlfYWRkcmVzcyI6Ikd1cmRhd2FyYSBTYWhpYiBHdXJ1c2FyIFBhdHNhaGkgNiwgTWVocmFqIChCYXRoaW5kYSkgR3VydWR3YXJhIEJhYmEgU2lkaCBUaWxhayBSYWkiLCJfc2F2ZSI6IiIsInJlZmVyZW5jZSI6IjEyNzIvMTAtMS9CIiwiYnV5ZXIiOiIzMSIsImJ1eWVyX3RleHQiOiIiLCJpdGVtX3R5cGUiOiJTdHJ1Y3R1cmUgRGVzaWduIiwicmVmZXJlbmNlX2RhdGUiOiIyMDE0LTEyLTIzIiwiY3NyZm1pZGRsZXdhcmV0b2tlbiI6IktTeXpCck1Rd2VIWHZTc2ZPV0hHeExlbkZiS2J6ZVdSIn0sInB1cmNoYXNlX29yZGVyX2lkIjozNCwiX2F1dGhfdXNlcl9iYWNrZW5kIjoiZGphbmdvLmNvbnRyaWIuYXV0aC5iYWNrZW5kcy5Nb2RlbEJhY2tlbmQiLCJfYXV0aF91c2VyX2hhc2giOiI5ZmQ1NjA3ZWRiNjU2M2MyYmUxMzUwNmRhOTVlMzI4ZGJlYTU4YjFiIn0=', '2015-01-19 10:19:20'),
('ay6il80k7w599q892seuaz7lyj5bsyot', 'NDQ3MzAzMGM1Y2M5MTRjMGUzMTY4NjdjOWFkZDYwNTMwMjE1NjRlMTp7Im9sZF9wb3N0Ijp7InB1cmNoYXNlZGl0ZW1fc2V0LTgtaWQiOiIiLCJwdXJjaGFzZWRpdGVtX3NldC04LXByaWNlX3Blcl91bml0IjoiIiwicHVyY2hhc2VkaXRlbV9zZXQtMjctcHJpY2VfcGVyX3VuaXQiOiIiLCJwdXJjaGFzZWRpdGVtX3NldC0xLXR5cGUiOiIxIiwicHVyY2hhc2VkaXRlbV9zZXQtNC1xdHkiOiIiLCJwdXJjaGFzZWRpdGVtX3NldC00LXB1cmNoYXNlX29yZGVyIjoiIiwicHVyY2hhc2VkaXRlbV9zZXQtMTItcHJpY2VfcGVyX3VuaXQiOiIiLCJwdXJjaGFzZWRpdGVtX3NldC0xMy1wcmljZV9wZXJfdW5pdCI6IiIsInB1cmNoYXNlZGl0ZW1fc2V0LTIzLXR5cGUiOiIiLCJwdXJjaGFzZWRpdGVtX3NldC00LWlkIjoiIiwicHVyY2hhc2VkaXRlbV9zZXQtNy1pZCI6IiIsInB1cmNoYXNlZGl0ZW1fc2V0LV9fcHJlZml4X18tcHJpY2VfcGVyX3VuaXQiOiIiLCJwdXJjaGFzZWRpdGVtX3NldC0xNC1pZCI6IiIsInB1cmNoYXNlZGl0ZW1fc2V0LTEtcGFyZW50X2NhdGVnb3J5IjoiMTI5IiwicHVyY2hhc2VkaXRlbV9zZXQtMS1wcmljZV9wZXJfdW5pdCI6IjE1MDAwIiwib3JnYW5pc2F0aW9uIjoiMSIsInB1cmNoYXNlZGl0ZW1fc2V0LTI3LXR5cGUiOiIiLCJwdXJjaGFzZWRpdGVtX3NldC0wLXF0eSI6IjEiLCJwdXJjaGFzZWRpdGVtX3NldC0xNS1wcmljZV9wZXJfdW5pdCI6IiIsInB1cmNoYXNlZGl0ZW1fc2V0LTE2LXByaWNlX3Blcl91bml0IjoiIiwicHVyY2hhc2VkaXRlbV9zZXQtX19wcmVmaXhfXy1xdHkiOiIiLCJwdXJjaGFzZWRpdGVtX3NldC0zLXR5cGUiOiIiLCJwdXJjaGFzZWRpdGVtX3NldC0yMS1pZCI6IiIsInB1cmNoYXNlZGl0ZW1fc2V0LTExLXB1cmNoYXNlX29yZGVyIjoiIiwidHlwZV9vZl9zZXJ2aWNlIjoiMiIsInB1cmNoYXNlZGl0ZW1fc2V0LTE5LXF0eSI6IiIsInB1cmNoYXNlZGl0ZW1fc2V0LTUtcHJpY2VfcGVyX3VuaXQiOiIiLCJwdXJjaGFzZWRpdGVtX3NldC0xNC1xdHkiOiIiLCJwdXJjaGFzZWRpdGVtX3NldC0yNS1wcmljZV9wZXJfdW5pdCI6IiIsInB1cmNoYXNlZGl0ZW1fc2V0LTE1LXF0eSI6IiIsImJ1eWVyIjoiNjA0IiwicHVyY2hhc2VkaXRlbV9zZXQtMTctcHJpY2VfcGVyX3VuaXQiOiIiLCJwdXJjaGFzZWRpdGVtX3NldC0xMC1wcmljZV9wZXJfdW5pdCI6IiIsInB1cmNoYXNlZGl0ZW1fc2V0LTEtc3ViX2NhdGVnb3J5IjoiMzY1IiwicHVyY2hhc2VkaXRlbV9zZXQtMTctaWQiOiIiLCJwdXJjaGFzZWRpdGVtX3NldC0yOC10eXBlIjoiIiwicHVyY2hhc2VkaXRlbV9zZXQtMTctcXR5IjoiIiwiY2hlcXVlX2RkX251bWJlciI6IjAwNjQ5OCIsInB1cmNoYXNlZGl0ZW1fc2V0LTIyLXR5cGUiOiIiLCJwdXJjaGFzZWRpdGVtX3NldC0xMC1wdXJjaGFzZV9vcmRlciI6IiIsInB1cmNoYXNlZGl0ZW1fc2V0LTI2LXR5cGUiOiIiLCJwdXJjaGFzZWRpdGVtX3NldC0yNy1xdHkiOiIiLCJwdXJjaGFzZWRpdGVtX3NldC0zLXByaWNlX3Blcl91bml0IjoiIiwicHVyY2hhc2VkaXRlbV9zZXQtMjQtcHJpY2VfcGVyX3VuaXQiOiIiLCJwdXJjaGFzZWRpdGVtX3NldC1NSU5fTlVNX0ZPUk1TIjoiMCIsInB1cmNoYXNlZGl0ZW1fc2V0LTEtaWQiOiIiLCJwdXJjaGFzZWRpdGVtX3NldC0xOC1pZCI6IiIsInJlZmVyZW5jZSI6IjMyMjMgKFAuQmlsbC0xODIpIiwibW9kZV9vZl9wYXltZW50IjoiMyIsInB1cmNoYXNlZGl0ZW1fc2V0LTE1LXB1cmNoYXNlX29yZGVyIjoiIiwicHVyY2hhc2VkaXRlbV9zZXQtMjAtcXR5IjoiIiwicHVyY2hhc2VkaXRlbV9zZXQtX19wcmVmaXhfXy10eXBlIjoiIiwicHVyY2hhc2VkaXRlbV9zZXQtMTItdHlwZSI6IiIsInB1cmNoYXNlZGl0ZW1fc2V0LTExLWlkIjoiIiwicHVyY2hhc2VkaXRlbV9zZXQtMjUtcXR5IjoiIiwicHVyY2hhc2VkaXRlbV9zZXQtMS1pdGVtIjoiOTY0IiwicHVyY2hhc2VkaXRlbV9zZXQtMjItcXR5IjoiIiwicHVyY2hhc2VkaXRlbV9zZXQtOS1xdHkiOiIiLCJwdXJjaGFzZWRpdGVtX3NldC0xMy10eXBlIjoiIiwicHVyY2hhc2VkaXRlbV9zZXQtMTQtcHVyY2hhc2Vfb3JkZXIiOiIiLCJwdXJjaGFzZWRpdGVtX3NldC0yMi1wcmljZV9wZXJfdW5pdCI6IiIsInB1cmNoYXNlZGl0ZW1fc2V0LTAtcHVyY2hhc2Vfb3JkZXIiOiIiLCJwdXJjaGFzZWRpdGVtX3NldC05LWlkIjoiIiwicHVyY2hhc2VkaXRlbV9zZXQtMi1wdXJjaGFzZV9vcmRlciI6IiIsInB1cmNoYXNlZGl0ZW1fc2V0LTIwLXR5cGUiOiIiLCJwdXJjaGFzZWRpdGVtX3NldC0yOS10eXBlIjoiIiwicHVyY2hhc2VkaXRlbV9zZXQtMi1xdHkiOiIiLCJwdXJjaGFzZWRpdGVtX3NldC0yOS1xdHkiOiIiLCJwdXJjaGFzZWRpdGVtX3NldC03LXB1cmNoYXNlX29yZGVyIjoiIiwicHVyY2hhc2VkaXRlbV9zZXQtMjAtaWQiOiIiLCJwdXJjaGFzZWRpdGVtX3NldC04LXR5cGUiOiIiLCJwdXJjaGFzZWRpdGVtX3NldC0xMC10eXBlIjoiIiwicHVyY2hhc2VkaXRlbV9zZXQtMjYtcHVyY2hhc2Vfb3JkZXIiOiIiLCJ0ZHMiOiIwIiwicHVyY2hhc2VkaXRlbV9zZXQtMjktcHVyY2hhc2Vfb3JkZXIiOiIiLCJwdXJjaGFzZWRpdGVtX3NldC0yLXR5cGUiOiIiLCJkZWxpdmVyeV9hZGRyZXNzIjoiRGhhbmd1IFJvYWQsIFBhdGhhbmtvdCIsInB1cmNoYXNlZGl0ZW1fc2V0LTE2LWlkIjoiIiwicHVyY2hhc2VkaXRlbV9zZXQtMy1pZCI6IiIsImNoZXF1ZV9kZF9kYXRlIjoiMjAxNC0xMi0yOSIsInB1cmNoYXNlZGl0ZW1fc2V0LTIzLXByaWNlX3Blcl91bml0IjoiIiwicHVyY2hhc2VkaXRlbV9zZXQtMi1pZCI6IiIsInB1cmNoYXNlZGl0ZW1fc2V0LTE0LXByaWNlX3Blcl91bml0IjoiIiwicHVyY2hhc2VkaXRlbV9zZXQtOS1wdXJjaGFzZV9vcmRlciI6IiIsInB1cmNoYXNlZGl0ZW1fc2V0LTE5LXByaWNlX3Blcl91bml0IjoiIiwicHVyY2hhc2VkaXRlbV9zZXQtNS10eXBlIjoiIiwicHVyY2hhc2VkaXRlbV9zZXQtNS1pZCI6IiIsInB1cmNoYXNlZGl0ZW1fc2V0LTI4LXB1cmNoYXNlX29yZGVyIjoiIiwicHVyY2hhc2VkaXRlbV9zZXQtOC1xdHkiOiIiLCJwdXJjaGFzZWRpdGVtX3NldC0yOC1wcmljZV9wZXJfdW5pdCI6IiIsInB1cmNoYXNlZGl0ZW1fc2V0LTI4LXF0eSI6IiIsInB1cmNoYXNlZGl0ZW1fc2V0LVRPVEFMX0ZPUk1TIjoiMzAiLCJwdXJjaGFzZWRpdGVtX3NldC0yMS1xdHkiOiIiLCJwdXJjaGFzZWRpdGVtX3NldC1JTklUSUFMX0ZPUk1TIjoiMCIsInB1cmNoYXNlZGl0ZW1fc2V0LTIwLXByaWNlX3Blcl91bml0IjoiIiwicHVyY2hhc2VkaXRlbV9zZXQtMjQtaWQiOiIiLCJwdXJjaGFzZWRpdGVtX3NldC00LXByaWNlX3Blcl91bml0IjoiIiwicHVyY2hhc2VkaXRlbV9zZXQtMi1wcmljZV9wZXJfdW5pdCI6IiIsInB1cmNoYXNlZGl0ZW1fc2V0LTIzLWlkIjoiIiwicHVyY2hhc2VkaXRlbV9zZXQtMTYtcHVyY2hhc2Vfb3JkZXIiOiIiLCJwdXJjaGFzZWRpdGVtX3NldC0xNy10eXBlIjoiIiwicHVyY2hhc2VkaXRlbV9zZXQtMTktcHVyY2hhc2Vfb3JkZXIiOiIiLCJidXllcl90ZXh0IjoiIiwicHVyY2hhc2VkaXRlbV9zZXQtNS1wdXJjaGFzZV9vcmRlciI6IiIsInB1cmNoYXNlZGl0ZW1fc2V0LTEzLWlkIjoiIiwicHVyY2hhc2VkaXRlbV9zZXQtMTctcHVyY2hhc2Vfb3JkZXIiOiIiLCJwdXJjaGFzZWRpdGVtX3NldC0xLXB1cmNoYXNlX29yZGVyIjoiIiwicHVyY2hhc2VkaXRlbV9zZXQtMjItaWQiOiIiLCJwdXJjaGFzZWRpdGVtX3NldC1fX3ByZWZpeF9fLWlkIjoiIiwicHVyY2hhc2VkaXRlbV9zZXQtMC1wYXJlbnRfY2F0ZWdvcnkiOiI5IiwicHVyY2hhc2VkaXRlbV9zZXQtOS1wcmljZV9wZXJfdW5pdCI6IiIsInB1cmNoYXNlZGl0ZW1fc2V0LTUtcXR5IjoiIiwiX3NhdmUiOiIiLCJwdXJjaGFzZWRpdGVtX3NldC0yNS1wdXJjaGFzZV9vcmRlciI6IiIsInB1cmNoYXNlZGl0ZW1fc2V0LTI2LXByaWNlX3Blcl91bml0IjoiIiwicHVyY2hhc2VkaXRlbV9zZXQtMC10eXBlIjoiMSIsInB1cmNoYXNlZGl0ZW1fc2V0LTI5LWlkIjoiIiwicHVyY2hhc2VkaXRlbV9zZXQtMjQtcHVyY2hhc2Vfb3JkZXIiOiIiLCJwdXJjaGFzZWRpdGVtX3NldC0yNS10eXBlIjoiIiwicHVyY2hhc2VkaXRlbV9zZXQtMTItcXR5IjoiIiwicHVyY2hhc2VkaXRlbV9zZXQtMS1xdHkiOiIxIiwicHVyY2hhc2VkaXRlbV9zZXQtMTktaWQiOiIiLCJwdXJjaGFzZWRpdGVtX3NldC0xMi1wdXJjaGFzZV9vcmRlciI6IiIsInB1cmNoYXNlZGl0ZW1fc2V0LTIxLXB1cmNoYXNlX29yZGVyIjoiIiwicHVyY2hhc2VkaXRlbV9zZXQtMTAtcXR5IjoiIiwicHVyY2hhc2VkaXRlbV9zZXQtNy1xdHkiOiIiLCJwdXJjaGFzZWRpdGVtX3NldC0yMS1wcmljZV9wZXJfdW5pdCI6IiIsInB1cmNoYXNlZGl0ZW1fc2V0LTE0LXR5cGUiOiIiLCJwdXJjaGFzZWRpdGVtX3NldC0xOS10eXBlIjoiIiwicHVyY2hhc2VkaXRlbV9zZXQtOS10eXBlIjoiIiwicHVyY2hhc2VkaXRlbV9zZXQtMTEtdHlwZSI6IiIsInB1cmNoYXNlZGl0ZW1fc2V0LTAtaXRlbSI6IjM0NCIsInB1cmNoYXNlZGl0ZW1fc2V0LTYtcHVyY2hhc2Vfb3JkZXIiOiIiLCJwdXJjaGFzZWRpdGVtX3NldC03LXByaWNlX3Blcl91bml0IjoiIiwicHVyY2hhc2VkaXRlbV9zZXQtMTMtcXR5IjoiIiwicHVyY2hhc2VkaXRlbV9zZXQtMTgtcHVyY2hhc2Vfb3JkZXIiOiIiLCJwdXJjaGFzZWRpdGVtX3NldC00LXR5cGUiOiIiLCJwdXJjaGFzZWRpdGVtX3NldC0yMy1xdHkiOiIiLCJwdXJjaGFzZWRpdGVtX3NldC0xNi1xdHkiOiIiLCJyZWZlcmVuY2VfZGF0ZSI6IjIwMTQtMTItMjkiLCJwdXJjaGFzZWRpdGVtX3NldC0xNi10eXBlIjoiIiwicHVyY2hhc2VkaXRlbV9zZXQtMjctaWQiOiIiLCJwdXJjaGFzZWRpdGVtX3NldC02LXR5cGUiOiIiLCJwdXJjaGFzZWRpdGVtX3NldC0yMC1wdXJjaGFzZV9vcmRlciI6IiIsInB1cmNoYXNlZGl0ZW1fc2V0LTMtcHVyY2hhc2Vfb3JkZXIiOiIiLCJwdXJjaGFzZWRpdGVtX3NldC0yNi1xdHkiOiIiLCJwdXJjaGFzZWRpdGVtX3NldC02LWlkIjoiIiwicHVyY2hhc2VkaXRlbV9zZXQtMTgtcXR5IjoiIiwicHVyY2hhc2VkaXRlbV9zZXQtNi1wcmljZV9wZXJfdW5pdCI6IiIsInB1cmNoYXNlZGl0ZW1fc2V0LTIyLXB1cmNoYXNlX29yZGVyIjoiIiwicHVyY2hhc2VkaXRlbV9zZXQtMy1xdHkiOiIiLCJwdXJjaGFzZWRpdGVtX3NldC03LXR5cGUiOiIiLCJ0b3RhbF9kaXNjb3VudCI6IjAiLCJjc3JmbWlkZGxld2FyZXRva2VuIjoiUU05RWtXdGxVOVNidjcwT21qUGtvbUVCWUZRTk13UTUiLCJwdXJjaGFzZWRpdGVtX3NldC0xMS1wcmljZV9wZXJfdW5pdCI6IiIsInB1cmNoYXNlZGl0ZW1fc2V0LTE4LXByaWNlX3Blcl91bml0IjoiIiwicHVyY2hhc2VkaXRlbV9zZXQtTUFYX05VTV9GT1JNUyI6IjEwMDAiLCJwdXJjaGFzZWRpdGVtX3NldC0xOC10eXBlIjoiIiwicHVyY2hhc2VkaXRlbV9zZXQtOC1wdXJjaGFzZV9vcmRlciI6IiIsInB1cmNoYXNlZGl0ZW1fc2V0LTAtaWQiOiIiLCJwdXJjaGFzZWRpdGVtX3NldC0xNS10eXBlIjoiIiwicHVyY2hhc2VkaXRlbV9zZXQtMjgtaWQiOiIiLCJwdXJjaGFzZWRpdGVtX3NldC0yMS10eXBlIjoiIiwicHVyY2hhc2VkaXRlbV9zZXQtMTAtaWQiOiIiLCJwdXJjaGFzZWRpdGVtX3NldC0yNy1wdXJjaGFzZV9vcmRlciI6IiIsInB1cmNoYXNlZGl0ZW1fc2V0LTIzLXB1cmNoYXNlX29yZGVyIjoiIiwicHVyY2hhc2VkaXRlbV9zZXQtMC1zdWJfY2F0ZWdvcnkiOiIxMjQiLCJwdXJjaGFzZWRpdGVtX3NldC02LXF0eSI6IiIsInB1cmNoYXNlZGl0ZW1fc2V0LTEyLWlkIjoiIiwicHVyY2hhc2VkaXRlbV9zZXQtMjQtcXR5IjoiIiwicHVyY2hhc2VkaXRlbV9zZXQtMjYtaWQiOiIiLCJwdXJjaGFzZWRpdGVtX3NldC0wLXByaWNlX3Blcl91bml0IjoiMTAwMDAiLCJwdXJjaGFzZWRpdGVtX3NldC0yNS1pZCI6IiIsInB1cmNoYXNlZGl0ZW1fc2V0LV9fcHJlZml4X18tcHVyY2hhc2Vfb3JkZXIiOiIiLCJwdXJjaGFzZWRpdGVtX3NldC0xNS1pZCI6IiIsInB1cmNoYXNlZGl0ZW1fc2V0LTExLXF0eSI6IiIsInB1cmNoYXNlZGl0ZW1fc2V0LTEzLXB1cmNoYXNlX29yZGVyIjoiIiwicHVyY2hhc2VkaXRlbV9zZXQtMjQtdHlwZSI6IiIsInB1cmNoYXNlZGl0ZW1fc2V0LTI5LXByaWNlX3Blcl91bml0IjoiIn0sIl9hdXRoX3VzZXJfaGFzaCI6IjlmZDU2MDdlZGI2NTYzYzJiZTEzNTA2ZGE5NWUzMjhkYmVhNThiMWIiLCJfYXV0aF91c2VyX2JhY2tlbmQiOiJkamFuZ28uY29udHJpYi5hdXRoLmJhY2tlbmRzLk1vZGVsQmFja2VuZCIsIl9hdXRoX3VzZXJfaWQiOjU5OCwicHVyY2hhc2Vfb3JkZXJfaWQiOjIzfQ==', '2015-01-13 06:09:29'),
('b1uigay4phcs0g1pu6hsbbojs82vj692', 'MDUxZmUxMTk3Nzk1NjJhNDVlMmVjODMzNTIzZjAwYTVmYWY4NDUwOTp7Il9hdXRoX3VzZXJfaGFzaCI6IjgyN2RkMmFlNjkxOGM2MjE2NmMxYWMxM2IxMDQxNDc0MGIzMjQ4ODUiLCJfYXV0aF91c2VyX2JhY2tlbmQiOiJkamFuZ28uY29udHJpYi5hdXRoLmJhY2tlbmRzLk1vZGVsQmFja2VuZCIsIl9hdXRoX3VzZXJfaWQiOjU5NX0=', '2015-01-06 11:01:39'),
('bp81ob403mzzr2pgb188iv4dczi5ty3y', 'MDUxZmUxMTk3Nzk1NjJhNDVlMmVjODMzNTIzZjAwYTVmYWY4NDUwOTp7Il9hdXRoX3VzZXJfaGFzaCI6IjgyN2RkMmFlNjkxOGM2MjE2NmMxYWMxM2IxMDQxNDc0MGIzMjQ4ODUiLCJfYXV0aF91c2VyX2JhY2tlbmQiOiJkamFuZ28uY29udHJpYi5hdXRoLmJhY2tlbmRzLk1vZGVsQmFja2VuZCIsIl9hdXRoX3VzZXJfaWQiOjU5NX0=', '2014-12-11 06:29:14'),
('c52oo7raj1es9hng4hbxj1ycsuznbdug', 'NmMwZjE3MGJlZjEwYTM3OWVmNWNhNjI0YjU2MzA1NDYxMjFiYWNlOTp7Im9sZF9wb3N0Ijp7InF1b3RlZGl0ZW1fc2V0LTAtcXVvdGVkX29yZGVyIjoiIiwicmVmZXJlbmNlIjoiWW91ciBMZXR0ZXIgTm8uIDEwODMvMTAtMS9CIERhdGVkIDE4LjExLjIwMTQiLCJxdW90ZWRpdGVtX3NldC0wLXBhcmVudF9jYXRlZ29yeSI6IjI3IiwicXVvdGVkaXRlbV9zZXQtMC1pdGVtIjoiODc1IiwicXVvdGVkaXRlbV9zZXQtMi1pZCI6IiIsIm1vZGVfb2ZfcGF5bWVudCI6IjEiLCJxdW90ZWRpdGVtX3NldC0xLXF0eSI6IjEiLCJxdW90ZWRpdGVtX3NldC02LWlkIjoiIiwicXVvdGVkaXRlbV9zZXQtNy1wYXJlbnRfY2F0ZWdvcnkiOiIiLCJ0ZHMiOiIwIiwicXVvdGVkaXRlbV9zZXQtNi1xdHkiOiIiLCJxdW90ZWRpdGVtX3NldC05LXF0eSI6IiIsInF1b3RlZGl0ZW1fc2V0LTMtaWQiOiIiLCJxdW90ZWRpdGVtX3NldC04LXBhcmVudF9jYXRlZ29yeSI6IiIsInF1b3RlZGl0ZW1fc2V0LTEtaXRlbSI6Ijg3NiIsInF1b3RlZGl0ZW1fc2V0LTktcXVvdGVkX29yZGVyIjoiIiwicXVvdGVkaXRlbV9zZXQtMC1pZCI6IiIsInF1b3RlZGl0ZW1fc2V0LTEtc3ViX2NhdGVnb3J5IjoiMzMzIiwicXVvdGVkaXRlbV9zZXQtNC1pZCI6IiIsIm9yZ2FuaXNhdGlvbiI6IjEiLCJxdW90ZWRpdGVtX3NldC0zLXBhcmVudF9jYXRlZ29yeSI6IiIsInF1b3RlZGl0ZW1fc2V0LTctaWQiOiIiLCJidXllcl90ZXh0IjoiIiwicXVvdGVkaXRlbV9zZXQtNS1xdHkiOiIiLCJxdW90ZWRpdGVtX3NldC05LWlkIjoiIiwicXVvdGVkaXRlbV9zZXQtNC1xdHkiOiIiLCJxdW90ZWRpdGVtX3NldC03LXF1b3RlZF9vcmRlciI6IiIsInF1b3RlZGl0ZW1fc2V0LTUtcGFyZW50X2NhdGVnb3J5IjoiIiwicXVvdGVkaXRlbV9zZXQtSU5JVElBTF9GT1JNUyI6IjAiLCJxdW90ZWRpdGVtX3NldC0zLXF1b3RlZF9vcmRlciI6IiIsImNzcmZtaWRkbGV3YXJldG9rZW4iOiJtUVdOY3NIQ2hsS2Vsa0YzMGY4T0lRdW1RTENVUTJ0QyIsInF1b3RlZGl0ZW1fc2V0LTQtcGFyZW50X2NhdGVnb3J5IjoiIiwicXVvdGVkaXRlbV9zZXQtNC1xdW90ZWRfb3JkZXIiOiIiLCJxdW90ZWRpdGVtX3NldC05LXBhcmVudF9jYXRlZ29yeSI6IiIsInF1b3RlZGl0ZW1fc2V0LV9fcHJlZml4X18tcXR5IjoiIiwicXVvdGVkaXRlbV9zZXQtNS1pZCI6IiIsInF1b3RlZGl0ZW1fc2V0LTAtcXR5IjoiMiIsInF1b3RlZGl0ZW1fc2V0LTYtcXVvdGVkX29yZGVyIjoiIiwiX3NhdmUiOiIiLCJxdW90ZWRpdGVtX3NldC0yLXF1b3RlZF9vcmRlciI6IiIsInF1b3RlZGl0ZW1fc2V0LTUtcXVvdGVkX29yZGVyIjoiIiwicXVvdGVkaXRlbV9zZXQtOC1xdW90ZWRfb3JkZXIiOiIiLCJxdW90ZWRpdGVtX3NldC0xLXBhcmVudF9jYXRlZ29yeSI6IjI3IiwicXVvdGVkaXRlbV9zZXQtMi1wYXJlbnRfY2F0ZWdvcnkiOiIiLCJxdW90ZWRpdGVtX3NldC02LXBhcmVudF9jYXRlZ29yeSI6IiIsImJ1eWVyIjoiMzEiLCJxdW90ZWRpdGVtX3NldC1fX3ByZWZpeF9fLXBhcmVudF9jYXRlZ29yeSI6IiIsInF1b3RlZGl0ZW1fc2V0LTMtcXR5IjoiIiwicXVvdGVkaXRlbV9zZXQtNy1xdHkiOiIiLCJkZWxpdmVyeV9hZGRyZXNzIjoiQ29uc3RydWN0aW9uIG9mIFNhcmFuIEJ1aWxkaW5nIGF0IEdvdnQuIEhpZ2ggU2Nob29sIFdha3lpYSBDaG93aywgQmFiYSBTYWhpYiwgU2hyaSBBbXJpdHNhciIsInF1b3RlZGl0ZW1fc2V0LTEtaWQiOiIiLCJxdW90ZWRpdGVtX3NldC0wLXN1Yl9jYXRlZ29yeSI6IjMzMyIsInRvdGFsX2Rpc2NvdW50IjoiMCIsImNoZXF1ZV9kZF9udW1iZXIiOiIiLCJxdW90ZWRpdGVtX3NldC1fX3ByZWZpeF9fLWlkIjoiIiwicXVvdGVkaXRlbV9zZXQtMi1xdHkiOiIiLCJxdW90ZWRpdGVtX3NldC1NQVhfTlVNX0ZPUk1TIjoiMTAwMCIsInF1b3RlZGl0ZW1fc2V0LU1JTl9OVU1fRk9STVMiOiIwIiwicXVvdGVkaXRlbV9zZXQtVE9UQUxfRk9STVMiOiIxMCIsImNoZXF1ZV9kZF9kYXRlIjoiIiwicXVvdGVkaXRlbV9zZXQtOC1xdHkiOiIiLCJxdW90ZWRpdGVtX3NldC0xLXF1b3RlZF9vcmRlciI6IiIsInF1b3RlZGl0ZW1fc2V0LTgtaWQiOiIiLCJxdW90ZWRpdGVtX3NldC1fX3ByZWZpeF9fLXF1b3RlZF9vcmRlciI6IiJ9LCJxdW90ZWRfb3JkZXJfaWQiOjIsIl9hdXRoX3VzZXJfaGFzaCI6IjlmZDU2MDdlZGI2NTYzYzJiZTEzNTA2ZGE5NWUzMjhkYmVhNThiMWIiLCJfYXV0aF91c2VyX2JhY2tlbmQiOiJkamFuZ28uY29udHJpYi5hdXRoLmJhY2tlbmRzLk1vZGVsQmFja2VuZCIsIl9hdXRoX3VzZXJfaWQiOjU5OH0=', '2014-12-11 09:59:30'),
('c7mt8tdza9d3e0gbnel4xslc4fc490cl', 'NzM3OTk4ZjMwZTIyY2EzOGExYTVlYzJjNzgyZWMzZDYzYzQ3YmVjNTp7fQ==', '2014-12-31 10:16:32'),
('cdn1xjemk7bq8s7et2l3lda5k9gyehna', 'OTA0ZWVkNDc2N2FhYTI3OTc3YjdhN2JjODk4MzVmYjQwNGU4ZjJlNjp7Il9hdXRoX3VzZXJfaGFzaCI6IjkzZDQ2MDc4YjZhZTY5MWIxZWRkN2MxMDJlNzFiZTA4ZGE3YjUxY2MiLCJfYXV0aF91c2VyX2JhY2tlbmQiOiJkamFuZ28uY29udHJpYi5hdXRoLmJhY2tlbmRzLk1vZGVsQmFja2VuZCIsIl9hdXRoX3VzZXJfaWQiOjF9', '2014-09-24 09:55:06'),
('cnfiqnu5p348grlov5es0tfldqwikh0x', 'ZWUwM2JkZjIwNzY2Y2NhMWEzYTlkOTQ5MWU0ZjdhNzExMzRjOGM2ZTp7Il9hdXRoX3VzZXJfaGFzaCI6IjkwODVhMTk5YWVlYmY4ODM1MjRhZTMzNDdkZmNiNGY5ZjI4MWQ4MDEiLCJfYXV0aF91c2VyX2JhY2tlbmQiOiJkamFuZ28uY29udHJpYi5hdXRoLmJhY2tlbmRzLk1vZGVsQmFja2VuZCIsIl9hdXRoX3VzZXJfaWQiOjQ2MX0=', '2014-10-23 03:37:42'),
('crpcgnh8jogkky0o4iy97yt1nbgp39ap', 'NzQ0MjMxYzE1Y2RmNjc4MjhhMjc1Mzc3ZWE2MTZkMzZlY2Y5MDBjMDp7Il9hdXRoX3VzZXJfaGFzaCI6Ijc3MWQ0YjE5MGRmNWE0OGZmYzg5OWVkZThjMTU2YjU1OTUyODViOTUiLCJfYXV0aF91c2VyX2JhY2tlbmQiOiJkamFuZ28uY29udHJpYi5hdXRoLmJhY2tlbmRzLk1vZGVsQmFja2VuZCIsIl9hdXRoX3VzZXJfaWQiOjU5N30=', '2015-01-06 07:18:46'),
('d47iqo2zk2yrxc70ztp1v15af7f9leu9', 'MDUxZmUxMTk3Nzk1NjJhNDVlMmVjODMzNTIzZjAwYTVmYWY4NDUwOTp7Il9hdXRoX3VzZXJfaGFzaCI6IjgyN2RkMmFlNjkxOGM2MjE2NmMxYWMxM2IxMDQxNDc0MGIzMjQ4ODUiLCJfYXV0aF91c2VyX2JhY2tlbmQiOiJkamFuZ28uY29udHJpYi5hdXRoLmJhY2tlbmRzLk1vZGVsQmFja2VuZCIsIl9hdXRoX3VzZXJfaWQiOjU5NX0=', '2014-12-31 06:51:21'),
('d8dzya5qf9xzev8v9e58ikkvhlx33c89', 'NzM3OTk4ZjMwZTIyY2EzOGExYTVlYzJjNzgyZWMzZDYzYzQ3YmVjNTp7fQ==', '2014-12-11 06:18:07'),
('dgxdudrhpnva6esy37rfjkkp2j9u4iuo', 'ZjljOThkNjIxODNmZjhkOThmZGNjN2U3MDFjZTgyY2ZmNjI3NmQ3Njp7Il9hdXRoX3VzZXJfaGFzaCI6IjEyOGNiNDgyODIzZmQxMTYyYWM1YjgxODA4NjM3ZTU4ZDIyYjQzOTMiLCJfYXV0aF91c2VyX2JhY2tlbmQiOiJkamFuZ28uY29udHJpYi5hdXRoLmJhY2tlbmRzLk1vZGVsQmFja2VuZCIsIl9hdXRoX3VzZXJfaWQiOjQ1OH0=', '2014-10-10 06:51:15'),
('dnn9ulgjwdr52ns9f5fapuuja8mq4t3z', 'NzM3OTk4ZjMwZTIyY2EzOGExYTVlYzJjNzgyZWMzZDYzYzQ3YmVjNTp7fQ==', '2014-09-24 10:17:51'),
('dtpgxh9q88ovukt4t6bwsmzuwkcjt8a7', 'NGQ4YjU2MzJkN2FiMzJjZjcwZThlMWM3MWUyYmMyYWU5ZTk3M2M3Njp7Il9hdXRoX3VzZXJfaGFzaCI6IjlmZDU2MDdlZGI2NTYzYzJiZTEzNTA2ZGE5NWUzMjhkYmVhNThiMWIiLCJfYXV0aF91c2VyX2JhY2tlbmQiOiJkamFuZ28uY29udHJpYi5hdXRoLmJhY2tlbmRzLk1vZGVsQmFja2VuZCIsIl9hdXRoX3VzZXJfaWQiOjU5OH0=', '2015-01-13 04:41:06'),
('dwr0jwwbv7np1h9830z4hrw48h47v8w5', 'NzM3OTk4ZjMwZTIyY2EzOGExYTVlYzJjNzgyZWMzZDYzYzQ3YmVjNTp7fQ==', '2014-12-30 10:49:09'),
('e72stjmuotnquxr3fdt8n50s567x9sas', 'YjJlZmU3NmRjOGJlNzk4NWUzYjViNDA0ZDBjZGM0YTRhY2UzY2M1Mjp7Il9hdXRoX3VzZXJfaGFzaCI6ImU3ZjUyN2U0YmVhZmY0MjhhNjFhM2ZiZGRiNmRlZDJmYTBmOTc0NjMiLCJfYXV0aF91c2VyX2JhY2tlbmQiOiJkamFuZ28uY29udHJpYi5hdXRoLmJhY2tlbmRzLk1vZGVsQmFja2VuZCIsIl9hdXRoX3VzZXJfaWQiOjV9', '2014-09-24 06:23:01'),
('ea8u9fob8suv93ks7fxqq3v9e2svjdio', 'MDUxZmUxMTk3Nzk1NjJhNDVlMmVjODMzNTIzZjAwYTVmYWY4NDUwOTp7Il9hdXRoX3VzZXJfaGFzaCI6IjgyN2RkMmFlNjkxOGM2MjE2NmMxYWMxM2IxMDQxNDc0MGIzMjQ4ODUiLCJfYXV0aF91c2VyX2JhY2tlbmQiOiJkamFuZ28uY29udHJpYi5hdXRoLmJhY2tlbmRzLk1vZGVsQmFja2VuZCIsIl9hdXRoX3VzZXJfaWQiOjU5NX0=', '2014-12-26 09:40:07'),
('efd643j6pn8geg7cm2i0yh24nmxztbfs', 'ZTE0ZWZjZmMxZGNiM2ZkYWM4N2RjNzhlOTIyMmFhZDI4ZTBjMTY1Mzp7Im9sZF9wb3N0Ijp7InF1b3RlZGl0ZW1fc2V0LTE1LWlkIjoiIiwicXVvdGVkaXRlbV9zZXQtNS10eXBlIjoiIiwicXVvdGVkaXRlbV9zZXQtMjAtcHJpY2VfcGVyX3VuaXQiOiIiLCJxdW90ZWRpdGVtX3NldC0yLWlkIjoiIiwicXVvdGVkaXRlbV9zZXQtMTEtaWQiOiIiLCJxdW90ZWRpdGVtX3NldC0yOS10eXBlIjoiIiwicXVvdGVkaXRlbV9zZXQtNi1xdW90ZWRfb3JkZXIiOiIiLCJxdW90ZWRpdGVtX3NldC05LXF0eSI6IiIsInF1b3RlZGl0ZW1fc2V0LTktdHlwZSI6IiIsInF1b3RlZGl0ZW1fc2V0LTAtcHJpY2VfcGVyX3VuaXQiOiI2MDAwIiwicXVvdGVkaXRlbV9zZXQtMTUtcXR5IjoiIiwicXVvdGVkaXRlbV9zZXQtOS1xdW90ZWRfb3JkZXIiOiIiLCJxdW90ZWRpdGVtX3NldC0wLWlkIjoiIiwicXVvdGVkaXRlbV9zZXQtMjYtcHJpY2VfcGVyX3VuaXQiOiIiLCJxdW90ZWRpdGVtX3NldC00LXR5cGUiOiIiLCJvcmdhbmlzYXRpb24iOiIxIiwicXVvdGVkaXRlbV9zZXQtMjItcXR5IjoiIiwicXVvdGVkaXRlbV9zZXQtNS1xdHkiOiIiLCJxdW90ZWRpdGVtX3NldC0yNy1pZCI6IiIsInF1b3RlZGl0ZW1fc2V0LTktaWQiOiIiLCJxdW90ZWRpdGVtX3NldC0xLXByaWNlX3Blcl91bml0IjoiIiwicXVvdGVkaXRlbV9zZXQtMjAtcXR5IjoiIiwicXVvdGVkaXRlbV9zZXQtMTYtcXR5IjoiIiwicXVvdGVkaXRlbV9zZXQtMjItcXVvdGVkX29yZGVyIjoiIiwicXVvdGVkaXRlbV9zZXQtNS1pZCI6IiIsInF1b3RlZGl0ZW1fc2V0LTAtcXVvdGVkX29yZGVyIjoiIiwicXVvdGVkaXRlbV9zZXQtX19wcmVmaXhfXy10eXBlIjoiIiwicXVvdGVkaXRlbV9zZXQtMjMtcHJpY2VfcGVyX3VuaXQiOiIiLCJxdW90ZWRpdGVtX3NldC0yMy1pZCI6IiIsInF1b3RlZGl0ZW1fc2V0LTE3LXF1b3RlZF9vcmRlciI6IiIsInF1b3RlZGl0ZW1fc2V0LTE4LXByaWNlX3Blcl91bml0IjoiIiwicXVvdGVkaXRlbV9zZXQtNy10eXBlIjoiIiwiYnV5ZXIiOiI2MjIiLCJxdW90ZWRpdGVtX3NldC0zLWlkIjoiIiwicXVvdGVkaXRlbV9zZXQtNy1xdHkiOiIiLCJxdW90ZWRpdGVtX3NldC01LXByaWNlX3Blcl91bml0IjoiIiwicXVvdGVkaXRlbV9zZXQtMi1wcmljZV9wZXJfdW5pdCI6IiIsInF1b3RlZGl0ZW1fc2V0LTI1LXByaWNlX3Blcl91bml0IjoiIiwicXVvdGVkaXRlbV9zZXQtMjEtdHlwZSI6IiIsImNoZXF1ZV9kZF9udW1iZXIiOiIiLCJxdW90ZWRpdGVtX3NldC0xNy1pZCI6IiIsInF1b3RlZGl0ZW1fc2V0LU1BWF9OVU1fRk9STVMiOiIxMDAwIiwicXVvdGVkaXRlbV9zZXQtMTYtaWQiOiIiLCJxdW90ZWRpdGVtX3NldC04LWlkIjoiIiwicXVvdGVkaXRlbV9zZXQtX19wcmVmaXhfXy1xdW90ZWRfb3JkZXIiOiIiLCJxdW90ZWRpdGVtX3NldC0yMi1wcmljZV9wZXJfdW5pdCI6IiIsInJlZmVyZW5jZSI6IkUtbWFpbCIsInF1b3RlZGl0ZW1fc2V0LTAtaXRlbSI6Ijg3NSIsInF1b3RlZGl0ZW1fc2V0LTE5LXByaWNlX3Blcl91bml0IjoiIiwicXVvdGVkaXRlbV9zZXQtMTEtdHlwZSI6IiIsInF1b3RlZGl0ZW1fc2V0LTEtcXR5IjoiIiwicXVvdGVkaXRlbV9zZXQtNi1pZCI6IiIsInF1b3RlZGl0ZW1fc2V0LV9fcHJlZml4X18taWQiOiIiLCJxdW90ZWRpdGVtX3NldC02LXF0eSI6IiIsInF1b3RlZGl0ZW1fc2V0LTExLXByaWNlX3Blcl91bml0IjoiIiwicXVvdGVkaXRlbV9zZXQtMTEtcXR5IjoiIiwicXVvdGVkaXRlbV9zZXQtMTAtaWQiOiIiLCJxdW90ZWRpdGVtX3NldC1fX3ByZWZpeF9fLXByaWNlX3Blcl91bml0IjoiIiwicXVvdGVkaXRlbV9zZXQtNC1pZCI6IiIsInF1b3RlZGl0ZW1fc2V0LTEyLXR5cGUiOiIiLCJxdW90ZWRpdGVtX3NldC03LWlkIjoiIiwicXVvdGVkaXRlbV9zZXQtMTMtdHlwZSI6IiIsInF1b3RlZGl0ZW1fc2V0LTIxLXByaWNlX3Blcl91bml0IjoiIiwicXVvdGVkaXRlbV9zZXQtNC1xdHkiOiIiLCJxdW90ZWRpdGVtX3NldC0yNC1xdW90ZWRfb3JkZXIiOiIiLCJxdW90ZWRpdGVtX3NldC0wLXN1Yl9jYXRlZ29yeSI6IjMzMyIsInF1b3RlZGl0ZW1fc2V0LTAtcXR5IjoiNCIsInF1b3RlZGl0ZW1fc2V0LTUtcXVvdGVkX29yZGVyIjoiIiwicXVvdGVkaXRlbV9zZXQtNC1wcmljZV9wZXJfdW5pdCI6IiIsInF1b3RlZGl0ZW1fc2V0LTMtdHlwZSI6IiIsInF1b3RlZGl0ZW1fc2V0LTI3LXF1b3RlZF9vcmRlciI6IiIsInF1b3RlZGl0ZW1fc2V0LTE4LXF0eSI6IiIsInF1b3RlZGl0ZW1fc2V0LTE2LXF1b3RlZF9vcmRlciI6IiIsInF1b3RlZGl0ZW1fc2V0LTE0LWlkIjoiIiwicXVvdGVkaXRlbV9zZXQtMTktcXR5IjoiIiwicXVvdGVkaXRlbV9zZXQtMTEtcXVvdGVkX29yZGVyIjoiIiwiZGVsaXZlcnlfYWRkcmVzcyI6IkNodXJjaCBDb21wbGV4IGF0IEJhcm5hbGEiLCJxdW90ZWRpdGVtX3NldC0xOS10eXBlIjoiIiwicXVvdGVkaXRlbV9zZXQtMTAtcXVvdGVkX29yZGVyIjoiIiwicXVvdGVkaXRlbV9zZXQtMTktcXVvdGVkX29yZGVyIjoiIiwiY2hlcXVlX2RkX2RhdGUiOiIiLCJxdW90ZWRpdGVtX3NldC0yNC1xdHkiOiIiLCJxdW90ZWRpdGVtX3NldC0yMy1xdW90ZWRfb3JkZXIiOiIiLCJxdW90ZWRpdGVtX3NldC0yMi1pZCI6IiIsInF1b3RlZGl0ZW1fc2V0LTI3LXF0eSI6IiIsInF1b3RlZGl0ZW1fc2V0LTE2LXByaWNlX3Blcl91bml0IjoiIiwicXVvdGVkaXRlbV9zZXQtMTAtcHJpY2VfcGVyX3VuaXQiOiIiLCJxdW90ZWRpdGVtX3NldC0xLXR5cGUiOiIiLCJxdW90ZWRpdGVtX3NldC04LXByaWNlX3Blcl91bml0IjoiIiwicXVvdGVkaXRlbV9zZXQtNC1xdW90ZWRfb3JkZXIiOiIiLCJxdW90ZWRpdGVtX3NldC0xMi1pZCI6IiIsInF1b3RlZGl0ZW1fc2V0LTE4LXF1b3RlZF9vcmRlciI6IiIsInF1b3RlZGl0ZW1fc2V0LTEwLXF0eSI6IiIsInF1b3RlZGl0ZW1fc2V0LTI4LWlkIjoiIiwicXVvdGVkaXRlbV9zZXQtMTQtcXVvdGVkX29yZGVyIjoiIiwicXVvdGVkaXRlbV9zZXQtMTYtdHlwZSI6IiIsInF1b3RlZGl0ZW1fc2V0LTEyLXByaWNlX3Blcl91bml0IjoiIiwicXVvdGVkaXRlbV9zZXQtMTMtcXVvdGVkX29yZGVyIjoiIiwicXVvdGVkaXRlbV9zZXQtMjUtcXVvdGVkX29yZGVyIjoiIiwicXVvdGVkaXRlbV9zZXQtMjktaWQiOiIiLCJidXllcl90ZXh0IjoiIiwicXVvdGVkaXRlbV9zZXQtOC1xdHkiOiIiLCJxdW90ZWRpdGVtX3NldC0yOC1xdW90ZWRfb3JkZXIiOiIiLCJxdW90ZWRpdGVtX3NldC03LXF1b3RlZF9vcmRlciI6IiIsInF1b3RlZGl0ZW1fc2V0LTMtcXVvdGVkX29yZGVyIjoiIiwicXVvdGVkaXRlbV9zZXQtX19wcmVmaXhfXy1xdHkiOiIiLCJxdW90ZWRpdGVtX3NldC0xMi1xdHkiOiIiLCJxdW90ZWRpdGVtX3NldC0xNS1wcmljZV9wZXJfdW5pdCI6IiIsIl9zYXZlIjoiIiwicXVvdGVkaXRlbV9zZXQtMi1xdW90ZWRfb3JkZXIiOiIiLCJxdW90ZWRpdGVtX3NldC0xNC10eXBlIjoiIiwicXVvdGVkaXRlbV9zZXQtMjYtcXVvdGVkX29yZGVyIjoiIiwicXVvdGVkaXRlbV9zZXQtMTctcXR5IjoiIiwicXVvdGVkaXRlbV9zZXQtMjQtdHlwZSI6IiIsInF1b3RlZGl0ZW1fc2V0LTIwLXF1b3RlZF9vcmRlciI6IiIsInF1b3RlZGl0ZW1fc2V0LTMtcXR5IjoiIiwicXVvdGVkaXRlbV9zZXQtMTgtdHlwZSI6IiIsInF1b3RlZGl0ZW1fc2V0LTEzLXByaWNlX3Blcl91bml0IjoiIiwicXVvdGVkaXRlbV9zZXQtMjYtdHlwZSI6IiIsInF1b3RlZGl0ZW1fc2V0LTE1LXF1b3RlZF9vcmRlciI6IiIsInF1b3RlZGl0ZW1fc2V0LTEwLXR5cGUiOiIiLCJxdW90ZWRpdGVtX3NldC0yOS1xdW90ZWRfb3JkZXIiOiIiLCJxdW90ZWRpdGVtX3NldC02LXR5cGUiOiIiLCJxdW90ZWRpdGVtX3NldC0yLXF0eSI6IiIsInF1b3RlZGl0ZW1fc2V0LTE4LWlkIjoiIiwicXVvdGVkaXRlbV9zZXQtMjYtaWQiOiIiLCJxdW90ZWRpdGVtX3NldC1NSU5fTlVNX0ZPUk1TIjoiMCIsInF1b3RlZGl0ZW1fc2V0LTEzLXF0eSI6IiIsInF1b3RlZGl0ZW1fc2V0LTI4LXR5cGUiOiIiLCJxdW90ZWRpdGVtX3NldC0wLXR5cGUiOiIyIiwicXVvdGVkaXRlbV9zZXQtMjktcHJpY2VfcGVyX3VuaXQiOiIiLCJxdW90ZWRpdGVtX3NldC0wLXBhcmVudF9jYXRlZ29yeSI6IjI3IiwicXVvdGVkaXRlbV9zZXQtOC10eXBlIjoiIiwicXVvdGVkaXRlbV9zZXQtNi1wcmljZV9wZXJfdW5pdCI6IiIsInF1b3RlZGl0ZW1fc2V0LTIxLXF0eSI6IiIsInF1b3RlZGl0ZW1fc2V0LTI1LXR5cGUiOiIiLCJxdW90ZWRpdGVtX3NldC0yMS1xdW90ZWRfb3JkZXIiOiIiLCJxdW90ZWRpdGVtX3NldC0yMy10eXBlIjoiIiwicmVmZXJlbmNlX2RhdGUiOiIyMDE1LTAxLTA1IiwicXVvdGVkaXRlbV9zZXQtOS1wcmljZV9wZXJfdW5pdCI6IiIsInF1b3RlZGl0ZW1fc2V0LTItdHlwZSI6IiIsInF1b3RlZGl0ZW1fc2V0LTIxLWlkIjoiIiwicXVvdGVkaXRlbV9zZXQtMTUtdHlwZSI6IiIsInF1b3RlZGl0ZW1fc2V0LTE5LWlkIjoiIiwicXVvdGVkaXRlbV9zZXQtMTQtcHJpY2VfcGVyX3VuaXQiOiIiLCJxdW90ZWRpdGVtX3NldC0yOC1wcmljZV9wZXJfdW5pdCI6IiIsInRvdGFsX2Rpc2NvdW50IjoiMCIsInF1b3RlZGl0ZW1fc2V0LUlOSVRJQUxfRk9STVMiOiIwIiwiY3NyZm1pZGRsZXdhcmV0b2tlbiI6IkVhUTJ4aThienBkMnhGSW9YT2t2MTgxMkJKYTZ4TFNGIiwicXVvdGVkaXRlbV9zZXQtMjItdHlwZSI6IiIsInF1b3RlZGl0ZW1fc2V0LTctcHJpY2VfcGVyX3VuaXQiOiIiLCJxdW90ZWRpdGVtX3NldC0yNS1pZCI6IiIsInF1b3RlZGl0ZW1fc2V0LTgtcXVvdGVkX29yZGVyIjoiIiwicXVvdGVkaXRlbV9zZXQtMjctcHJpY2VfcGVyX3VuaXQiOiIiLCJxdW90ZWRpdGVtX3NldC0yMC10eXBlIjoiIiwicXVvdGVkaXRlbV9zZXQtMjMtcXR5IjoiIiwicXVvdGVkaXRlbV9zZXQtMjAtaWQiOiIiLCJxdW90ZWRpdGVtX3NldC0xNy10eXBlIjoiIiwicXVvdGVkaXRlbV9zZXQtMTItcXVvdGVkX29yZGVyIjoiIiwicXVvdGVkaXRlbV9zZXQtMjctdHlwZSI6IiIsInF1b3RlZGl0ZW1fc2V0LTI0LXByaWNlX3Blcl91bml0IjoiIiwicXVvdGVkaXRlbV9zZXQtMjgtcXR5IjoiIiwicXVvdGVkaXRlbV9zZXQtMy1wcmljZV9wZXJfdW5pdCI6IiIsInF1b3RlZGl0ZW1fc2V0LTEtaWQiOiIiLCJxdW90ZWRpdGVtX3NldC0xMy1pZCI6IiIsInF1b3RlZGl0ZW1fc2V0LTI2LXF0eSI6IiIsInF1b3RlZGl0ZW1fc2V0LTE0LXF0eSI6IiIsInF1b3RlZGl0ZW1fc2V0LTI1LXF0eSI6IiIsInF1b3RlZGl0ZW1fc2V0LTI0LWlkIjoiIiwicXVvdGVkaXRlbV9zZXQtMTctcHJpY2VfcGVyX3VuaXQiOiIiLCJxdW90ZWRpdGVtX3NldC1UT1RBTF9GT1JNUyI6IjMwIiwicXVvdGVkaXRlbV9zZXQtMjktcXR5IjoiIiwicXVvdGVkaXRlbV9zZXQtMS1xdW90ZWRfb3JkZXIiOiIifSwicXVvdGVkX29yZGVyX2lkIjo4LCJfYXV0aF91c2VyX2hhc2giOiI5ZmQ1NjA3ZWRiNjU2M2MyYmUxMzUwNmRhOTVlMzI4ZGJlYTU4YjFiIiwiX2F1dGhfdXNlcl9pZCI6NTk4LCJfYXV0aF91c2VyX2JhY2tlbmQiOiJkamFuZ28uY29udHJpYi5hdXRoLmJhY2tlbmRzLk1vZGVsQmFja2VuZCJ9', '2015-01-20 05:36:25'),
('exti2uanvhaqe5ydg4edn1clvywskoyv', 'OTA0ZWVkNDc2N2FhYTI3OTc3YjdhN2JjODk4MzVmYjQwNGU4ZjJlNjp7Il9hdXRoX3VzZXJfaGFzaCI6IjkzZDQ2MDc4YjZhZTY5MWIxZWRkN2MxMDJlNzFiZTA4ZGE3YjUxY2MiLCJfYXV0aF91c2VyX2JhY2tlbmQiOiJkamFuZ28uY29udHJpYi5hdXRoLmJhY2tlbmRzLk1vZGVsQmFja2VuZCIsIl9hdXRoX3VzZXJfaWQiOjF9', '2014-09-24 09:28:41'),
('f0r7xz2k2sby268i8d32w1nuxxm2ghg0', 'ZDBkMjkzMDg4NzY0MzdmMDgxOTI2NDMzODlmM2M5ZDQ2OWJlYzNkMjp7Il9hdXRoX3VzZXJfaGFzaCI6IjI1OGUwNDVjODM1ZWRjOGNjYjMzYTBlYTRlYmMwY2MyZjNhODZiNDEiLCJfYXV0aF91c2VyX2JhY2tlbmQiOiJkamFuZ28uY29udHJpYi5hdXRoLmJhY2tlbmRzLk1vZGVsQmFja2VuZCIsIl9hdXRoX3VzZXJfaWQiOjQ2Mn0=', '2014-10-23 09:21:40');
INSERT INTO `django_session` (`session_key`, `session_data`, `expire_date`) VALUES
('fx02m5zgmmc0qzm58tmebi0bfzee9hdw', 'ZTU1NWQ4OTZjNjVjZWE1NDdlZTJmNWIxMzY5NjEwYzA5ZjNjZjUxNzp7Im9sZF9wb3N0Ijp7InB1cmNoYXNlZGl0ZW1fc2V0LTgtaWQiOiIiLCJwdXJjaGFzZWRpdGVtX3NldC04LXByaWNlX3Blcl91bml0IjoiIiwicHVyY2hhc2VkaXRlbV9zZXQtMjctcHJpY2VfcGVyX3VuaXQiOiIiLCJwdXJjaGFzZWRpdGVtX3NldC0xLXR5cGUiOiIiLCJwdXJjaGFzZWRpdGVtX3NldC00LXF0eSI6IiIsInB1cmNoYXNlZGl0ZW1fc2V0LTQtcHVyY2hhc2Vfb3JkZXIiOiIiLCJwdXJjaGFzZWRpdGVtX3NldC0xMi1wcmljZV9wZXJfdW5pdCI6IiIsInB1cmNoYXNlZGl0ZW1fc2V0LTEzLXByaWNlX3Blcl91bml0IjoiIiwicHVyY2hhc2VkaXRlbV9zZXQtMjMtdHlwZSI6IiIsInB1cmNoYXNlZGl0ZW1fc2V0LTQtaWQiOiIiLCJwdXJjaGFzZWRpdGVtX3NldC03LWlkIjoiIiwicHVyY2hhc2VkaXRlbV9zZXQtX19wcmVmaXhfXy1wcmljZV9wZXJfdW5pdCI6IiIsInB1cmNoYXNlZGl0ZW1fc2V0LTE0LWlkIjoiIiwicHVyY2hhc2VkaXRlbV9zZXQtMS1wcmljZV9wZXJfdW5pdCI6IiIsIm9yZ2FuaXNhdGlvbiI6IjEiLCJwdXJjaGFzZWRpdGVtX3NldC0yNy10eXBlIjoiIiwicHVyY2hhc2VkaXRlbV9zZXQtMC1xdHkiOiIxIiwicHVyY2hhc2VkaXRlbV9zZXQtMTUtcHJpY2VfcGVyX3VuaXQiOiIiLCJwdXJjaGFzZWRpdGVtX3NldC0xNi1wcmljZV9wZXJfdW5pdCI6IiIsInB1cmNoYXNlZGl0ZW1fc2V0LV9fcHJlZml4X18tcXR5IjoiIiwicHVyY2hhc2VkaXRlbV9zZXQtMy10eXBlIjoiIiwicHVyY2hhc2VkaXRlbV9zZXQtMjEtaWQiOiIiLCJwdXJjaGFzZWRpdGVtX3NldC0xMS1wdXJjaGFzZV9vcmRlciI6IiIsInR5cGVfb2Zfc2VydmljZSI6IjIiLCJwdXJjaGFzZWRpdGVtX3NldC0xMi1wdXJjaGFzZV9vcmRlciI6IiIsInB1cmNoYXNlZGl0ZW1fc2V0LTUtcHJpY2VfcGVyX3VuaXQiOiIiLCJwdXJjaGFzZWRpdGVtX3NldC0xNC1xdHkiOiIiLCJwdXJjaGFzZWRpdGVtX3NldC0yNS1wcmljZV9wZXJfdW5pdCI6IiIsInB1cmNoYXNlZGl0ZW1fc2V0LTE1LXF0eSI6IiIsImJ1eWVyIjoiMjQyIiwicHVyY2hhc2VkaXRlbV9zZXQtMTctcHJpY2VfcGVyX3VuaXQiOiIiLCJwdXJjaGFzZWRpdGVtX3NldC0xMC1wcmljZV9wZXJfdW5pdCI6IiIsInB1cmNoYXNlZGl0ZW1fc2V0LTE3LWlkIjoiIiwicHVyY2hhc2VkaXRlbV9zZXQtMjgtdHlwZSI6IiIsInB1cmNoYXNlZGl0ZW1fc2V0LTE3LXF0eSI6IiIsImNoZXF1ZV9kZF9udW1iZXIiOiIiLCJwdXJjaGFzZWRpdGVtX3NldC0yMi10eXBlIjoiIiwicHVyY2hhc2VkaXRlbV9zZXQtMTAtcHVyY2hhc2Vfb3JkZXIiOiIiLCJwdXJjaGFzZWRpdGVtX3NldC0yNi10eXBlIjoiIiwicHVyY2hhc2VkaXRlbV9zZXQtMjctcXR5IjoiIiwicHVyY2hhc2VkaXRlbV9zZXQtMy1wcmljZV9wZXJfdW5pdCI6IiIsInB1cmNoYXNlZGl0ZW1fc2V0LTI0LXByaWNlX3Blcl91bml0IjoiIiwicHVyY2hhc2VkaXRlbV9zZXQtTUlOX05VTV9GT1JNUyI6IjAiLCJwdXJjaGFzZWRpdGVtX3NldC0xLWlkIjoiIiwicHVyY2hhc2VkaXRlbV9zZXQtMTgtaWQiOiIiLCJyZWZlcmVuY2UiOiI2OTYvUFBIQy9KSyIsIm1vZGVfb2ZfcGF5bWVudCI6IjEiLCJwdXJjaGFzZWRpdGVtX3NldC0xNS1wdXJjaGFzZV9vcmRlciI6IiIsInB1cmNoYXNlZGl0ZW1fc2V0LTIwLXF0eSI6IiIsInB1cmNoYXNlZGl0ZW1fc2V0LV9fcHJlZml4X18tdHlwZSI6IiIsInB1cmNoYXNlZGl0ZW1fc2V0LTEyLXR5cGUiOiIiLCJwdXJjaGFzZWRpdGVtX3NldC0xMS1pZCI6IiIsInB1cmNoYXNlZGl0ZW1fc2V0LTI1LXF0eSI6IiIsInB1cmNoYXNlZGl0ZW1fc2V0LTIyLXF0eSI6IiIsInB1cmNoYXNlZGl0ZW1fc2V0LTktcXR5IjoiIiwicHVyY2hhc2VkaXRlbV9zZXQtMTMtdHlwZSI6IiIsInB1cmNoYXNlZGl0ZW1fc2V0LTE0LXB1cmNoYXNlX29yZGVyIjoiIiwicHVyY2hhc2VkaXRlbV9zZXQtMjItcHJpY2VfcGVyX3VuaXQiOiIiLCJwdXJjaGFzZWRpdGVtX3NldC0wLXB1cmNoYXNlX29yZGVyIjoiIiwicHVyY2hhc2VkaXRlbV9zZXQtOS1pZCI6IiIsInB1cmNoYXNlZGl0ZW1fc2V0LTItcHVyY2hhc2Vfb3JkZXIiOiIiLCJwdXJjaGFzZWRpdGVtX3NldC0yMC10eXBlIjoiIiwicHVyY2hhc2VkaXRlbV9zZXQtMjktdHlwZSI6IiIsInB1cmNoYXNlZGl0ZW1fc2V0LTItcXR5IjoiIiwicHVyY2hhc2VkaXRlbV9zZXQtMjktcXR5IjoiIiwicHVyY2hhc2VkaXRlbV9zZXQtNy1wdXJjaGFzZV9vcmRlciI6IiIsInB1cmNoYXNlZGl0ZW1fc2V0LTIwLWlkIjoiIiwicHVyY2hhc2VkaXRlbV9zZXQtOC10eXBlIjoiIiwicHVyY2hhc2VkaXRlbV9zZXQtMTAtdHlwZSI6IiIsInB1cmNoYXNlZGl0ZW1fc2V0LTI2LXB1cmNoYXNlX29yZGVyIjoiIiwidGRzIjoiMCIsInB1cmNoYXNlZGl0ZW1fc2V0LTI5LXB1cmNoYXNlX29yZGVyIjoiIiwicHVyY2hhc2VkaXRlbV9zZXQtMi10eXBlIjoiIiwiZGVsaXZlcnlfYWRkcmVzcyI6IlN0b3JlIFBQSEMsIEphaGFua2hlbGFuIiwicHVyY2hhc2VkaXRlbV9zZXQtMTYtaWQiOiIiLCJwdXJjaGFzZWRpdGVtX3NldC0zLWlkIjoiIiwiY2hlcXVlX2RkX2RhdGUiOiIiLCJwdXJjaGFzZWRpdGVtX3NldC0yMy1wcmljZV9wZXJfdW5pdCI6IiIsInB1cmNoYXNlZGl0ZW1fc2V0LTItaWQiOiIiLCJwdXJjaGFzZWRpdGVtX3NldC0xNi10eXBlIjoiIiwicHVyY2hhc2VkaXRlbV9zZXQtOS1wdXJjaGFzZV9vcmRlciI6IiIsInB1cmNoYXNlZGl0ZW1fc2V0LTE5LXByaWNlX3Blcl91bml0IjoiIiwicHVyY2hhc2VkaXRlbV9zZXQtNS10eXBlIjoiIiwicHVyY2hhc2VkaXRlbV9zZXQtNS1pZCI6IiIsInB1cmNoYXNlZGl0ZW1fc2V0LTI4LXB1cmNoYXNlX29yZGVyIjoiIiwicHVyY2hhc2VkaXRlbV9zZXQtMjgtcHJpY2VfcGVyX3VuaXQiOiIiLCJwdXJjaGFzZWRpdGVtX3NldC0yOC1xdHkiOiIiLCJwdXJjaGFzZWRpdGVtX3NldC1UT1RBTF9GT1JNUyI6IjMwIiwicHVyY2hhc2VkaXRlbV9zZXQtMjEtcXR5IjoiIiwicHVyY2hhc2VkaXRlbV9zZXQtSU5JVElBTF9GT1JNUyI6IjAiLCJwdXJjaGFzZWRpdGVtX3NldC0yMC1wcmljZV9wZXJfdW5pdCI6IiIsInB1cmNoYXNlZGl0ZW1fc2V0LTI0LWlkIjoiIiwicHVyY2hhc2VkaXRlbV9zZXQtNC1wcmljZV9wZXJfdW5pdCI6IiIsInB1cmNoYXNlZGl0ZW1fc2V0LTItcHJpY2VfcGVyX3VuaXQiOiIiLCJwdXJjaGFzZWRpdGVtX3NldC0yMy1pZCI6IiIsInB1cmNoYXNlZGl0ZW1fc2V0LTE2LXB1cmNoYXNlX29yZGVyIjoiIiwicHVyY2hhc2VkaXRlbV9zZXQtMTctdHlwZSI6IiIsInB1cmNoYXNlZGl0ZW1fc2V0LTE5LXB1cmNoYXNlX29yZGVyIjoiIiwiYnV5ZXJfdGV4dCI6IiIsInB1cmNoYXNlZGl0ZW1fc2V0LTUtcHVyY2hhc2Vfb3JkZXIiOiIiLCJwdXJjaGFzZWRpdGVtX3NldC0xMy1pZCI6IiIsInB1cmNoYXNlZGl0ZW1fc2V0LTE3LXB1cmNoYXNlX29yZGVyIjoiIiwicHVyY2hhc2VkaXRlbV9zZXQtMS1wdXJjaGFzZV9vcmRlciI6IiIsInB1cmNoYXNlZGl0ZW1fc2V0LTIyLWlkIjoiIiwicHVyY2hhc2VkaXRlbV9zZXQtX19wcmVmaXhfXy1pZCI6IiIsInB1cmNoYXNlZGl0ZW1fc2V0LTAtcGFyZW50X2NhdGVnb3J5IjoiOSIsInB1cmNoYXNlZGl0ZW1fc2V0LTktcHJpY2VfcGVyX3VuaXQiOiIiLCJwdXJjaGFzZWRpdGVtX3NldC01LXF0eSI6IiIsIl9zYXZlIjoiIiwicHVyY2hhc2VkaXRlbV9zZXQtMjUtcHVyY2hhc2Vfb3JkZXIiOiIiLCJwdXJjaGFzZWRpdGVtX3NldC0yNi1wcmljZV9wZXJfdW5pdCI6IiIsInB1cmNoYXNlZGl0ZW1fc2V0LTAtdHlwZSI6IjEiLCJwdXJjaGFzZWRpdGVtX3NldC0yOS1pZCI6IiIsInB1cmNoYXNlZGl0ZW1fc2V0LTI0LXB1cmNoYXNlX29yZGVyIjoiIiwicHVyY2hhc2VkaXRlbV9zZXQtMjUtdHlwZSI6IiIsInB1cmNoYXNlZGl0ZW1fc2V0LTEyLXF0eSI6IiIsInB1cmNoYXNlZGl0ZW1fc2V0LTEtcXR5IjoiIiwicHVyY2hhc2VkaXRlbV9zZXQtMTktaWQiOiIiLCJwdXJjaGFzZWRpdGVtX3NldC04LXF0eSI6IiIsInB1cmNoYXNlZGl0ZW1fc2V0LTIxLXB1cmNoYXNlX29yZGVyIjoiIiwicHVyY2hhc2VkaXRlbV9zZXQtMTAtcXR5IjoiIiwicHVyY2hhc2VkaXRlbV9zZXQtNy1xdHkiOiIiLCJwdXJjaGFzZWRpdGVtX3NldC0yMS1wcmljZV9wZXJfdW5pdCI6IiIsInB1cmNoYXNlZGl0ZW1fc2V0LTE0LXR5cGUiOiIiLCJwdXJjaGFzZWRpdGVtX3NldC0xOS10eXBlIjoiIiwicHVyY2hhc2VkaXRlbV9zZXQtOS10eXBlIjoiIiwicHVyY2hhc2VkaXRlbV9zZXQtMTEtdHlwZSI6IiIsInB1cmNoYXNlZGl0ZW1fc2V0LTAtaXRlbSI6IjQ2NiIsInB1cmNoYXNlZGl0ZW1fc2V0LTYtcHVyY2hhc2Vfb3JkZXIiOiIiLCJwdXJjaGFzZWRpdGVtX3NldC03LXByaWNlX3Blcl91bml0IjoiIiwicHVyY2hhc2VkaXRlbV9zZXQtMTMtcXR5IjoiIiwicHVyY2hhc2VkaXRlbV9zZXQtMTgtcHVyY2hhc2Vfb3JkZXIiOiIiLCJwdXJjaGFzZWRpdGVtX3NldC00LXR5cGUiOiIiLCJwdXJjaGFzZWRpdGVtX3NldC0yMy1xdHkiOiIiLCJwdXJjaGFzZWRpdGVtX3NldC0xNi1xdHkiOiIiLCJyZWZlcmVuY2VfZGF0ZSI6IjIwMTQtMTItMjMiLCJwdXJjaGFzZWRpdGVtX3NldC0xNC1wcmljZV9wZXJfdW5pdCI6IiIsInB1cmNoYXNlZGl0ZW1fc2V0LTI3LWlkIjoiIiwicHVyY2hhc2VkaXRlbV9zZXQtNi10eXBlIjoiIiwicHVyY2hhc2VkaXRlbV9zZXQtMjAtcHVyY2hhc2Vfb3JkZXIiOiIiLCJwdXJjaGFzZWRpdGVtX3NldC0zLXB1cmNoYXNlX29yZGVyIjoiIiwicHVyY2hhc2VkaXRlbV9zZXQtMjYtcXR5IjoiIiwicHVyY2hhc2VkaXRlbV9zZXQtNi1pZCI6IiIsInB1cmNoYXNlZGl0ZW1fc2V0LTE4LXF0eSI6IiIsInB1cmNoYXNlZGl0ZW1fc2V0LTYtcHJpY2VfcGVyX3VuaXQiOiIiLCJwdXJjaGFzZWRpdGVtX3NldC0yMi1wdXJjaGFzZV9vcmRlciI6IiIsInB1cmNoYXNlZGl0ZW1fc2V0LTMtcXR5IjoiIiwicHVyY2hhc2VkaXRlbV9zZXQtNy10eXBlIjoiIiwidG90YWxfZGlzY291bnQiOiIwIiwiY3NyZm1pZGRsZXdhcmV0b2tlbiI6InJ6VjVGRjFtT3hVeXEwRUJIaWNBUTMwM295bFhZTzFWIiwicHVyY2hhc2VkaXRlbV9zZXQtMTEtcHJpY2VfcGVyX3VuaXQiOiIiLCJwdXJjaGFzZWRpdGVtX3NldC0xOC1wcmljZV9wZXJfdW5pdCI6IiIsInB1cmNoYXNlZGl0ZW1fc2V0LU1BWF9OVU1fRk9STVMiOiIxMDAwIiwicHVyY2hhc2VkaXRlbV9zZXQtMTgtdHlwZSI6IiIsInB1cmNoYXNlZGl0ZW1fc2V0LTgtcHVyY2hhc2Vfb3JkZXIiOiIiLCJwdXJjaGFzZWRpdGVtX3NldC0wLWlkIjoiIiwicHVyY2hhc2VkaXRlbV9zZXQtMTUtdHlwZSI6IiIsInB1cmNoYXNlZGl0ZW1fc2V0LTI4LWlkIjoiIiwicHVyY2hhc2VkaXRlbV9zZXQtMjEtdHlwZSI6IiIsInB1cmNoYXNlZGl0ZW1fc2V0LTEwLWlkIjoiIiwicHVyY2hhc2VkaXRlbV9zZXQtMjctcHVyY2hhc2Vfb3JkZXIiOiIiLCJwdXJjaGFzZWRpdGVtX3NldC0yMy1wdXJjaGFzZV9vcmRlciI6IiIsInB1cmNoYXNlZGl0ZW1fc2V0LTAtc3ViX2NhdGVnb3J5IjoiMTQ4IiwicHVyY2hhc2VkaXRlbV9zZXQtNi1xdHkiOiIiLCJwdXJjaGFzZWRpdGVtX3NldC0xMi1pZCI6IiIsInB1cmNoYXNlZGl0ZW1fc2V0LTI0LXF0eSI6IiIsInB1cmNoYXNlZGl0ZW1fc2V0LTI2LWlkIjoiIiwicHVyY2hhc2VkaXRlbV9zZXQtMC1wcmljZV9wZXJfdW5pdCI6IjI1MDAiLCJwdXJjaGFzZWRpdGVtX3NldC0yNS1pZCI6IiIsInB1cmNoYXNlZGl0ZW1fc2V0LV9fcHJlZml4X18tcHVyY2hhc2Vfb3JkZXIiOiIiLCJwdXJjaGFzZWRpdGVtX3NldC0xNS1pZCI6IiIsInB1cmNoYXNlZGl0ZW1fc2V0LTExLXF0eSI6IiIsInB1cmNoYXNlZGl0ZW1fc2V0LTEzLXB1cmNoYXNlX29yZGVyIjoiIiwicHVyY2hhc2VkaXRlbV9zZXQtMjktcHJpY2VfcGVyX3VuaXQiOiIiLCJwdXJjaGFzZWRpdGVtX3NldC0yNC10eXBlIjoiIiwicHVyY2hhc2VkaXRlbV9zZXQtMTktcXR5IjoiIn0sIl9hdXRoX3VzZXJfaGFzaCI6IjlmZDU2MDdlZGI2NTYzYzJiZTEzNTA2ZGE5NWUzMjhkYmVhNThiMWIiLCJfYXV0aF91c2VyX2JhY2tlbmQiOiJkamFuZ28uY29udHJpYi5hdXRoLmJhY2tlbmRzLk1vZGVsQmFja2VuZCIsIl9hdXRoX3VzZXJfaWQiOjU5OCwicHVyY2hhc2Vfb3JkZXJfaWQiOjIxfQ==', '2015-01-12 06:23:27'),
('fydmblyd4fh4gze4i1ikw2hhoobm6bq8', 'ODA5NTA5ZGNkNTQzMGQ5NjJlMDZhZmViZDc3MzQ3NmQwNDNiYTMzYTp7Im9sZF9wb3N0Ijp7InB1cmNoYXNlZGl0ZW1fc2V0LV9fcHJlZml4X18tdHlwZSI6IiIsInB1cmNoYXNlZGl0ZW1fc2V0LTAtaXRlbSI6IjM0MSIsInB1cmNoYXNlZGl0ZW1fc2V0LTYtcHVyY2hhc2Vfb3JkZXIiOiIiLCJyZWZlcmVuY2UiOiJOaWwiLCJwdXJjaGFzZWRpdGVtX3NldC1UT1RBTF9GT1JNUyI6IjEwIiwicHVyY2hhc2VkaXRlbV9zZXQtMC1xdHkiOiIxIiwicHVyY2hhc2VkaXRlbV9zZXQtMS10eXBlIjoiIiwicHVyY2hhc2VkaXRlbV9zZXQtSU5JVElBTF9GT1JNUyI6IjAiLCJwdXJjaGFzZWRpdGVtX3NldC00LXF0eSI6IiIsInB1cmNoYXNlZGl0ZW1fc2V0LTgtaWQiOiIiLCJwdXJjaGFzZWRpdGVtX3NldC00LXB1cmNoYXNlX29yZGVyIjoiIiwicHVyY2hhc2VkaXRlbV9zZXQtOC1xdHkiOiIiLCJwdXJjaGFzZWRpdGVtX3NldC00LWlkIjoiIiwicHVyY2hhc2VkaXRlbV9zZXQtNC1wcmljZV9wZXJfdW5pdCI6IiIsInJlZmVyZW5jZV9kYXRlIjoiMjAxNC0xMi0xNyIsInB1cmNoYXNlZGl0ZW1fc2V0LTItcHJpY2VfcGVyX3VuaXQiOiIiLCJwdXJjaGFzZWRpdGVtX3NldC02LXR5cGUiOiIiLCJwdXJjaGFzZWRpdGVtX3NldC03LWlkIjoiIiwicHVyY2hhc2VkaXRlbV9zZXQtX19wcmVmaXhfXy1wcmljZV9wZXJfdW5pdCI6IiIsInB1cmNoYXNlZGl0ZW1fc2V0LTYtcGFyZW50X2NhdGVnb3J5IjoiIiwicHVyY2hhc2VkaXRlbV9zZXQtMi1wYXJlbnRfY2F0ZWdvcnkiOiIiLCJwdXJjaGFzZWRpdGVtX3NldC00LXBhcmVudF9jYXRlZ29yeSI6IiIsInB1cmNoYXNlZGl0ZW1fc2V0LTktcXR5IjoiIiwicHVyY2hhc2VkaXRlbV9zZXQtMS1wYXJlbnRfY2F0ZWdvcnkiOiIiLCJwdXJjaGFzZWRpdGVtX3NldC0xLXByaWNlX3Blcl91bml0IjoiIiwib3JnYW5pc2F0aW9uIjoiMSIsInB1cmNoYXNlZGl0ZW1fc2V0LTgtcHJpY2VfcGVyX3VuaXQiOiIiLCJwdXJjaGFzZWRpdGVtX3NldC03LXBhcmVudF9jYXRlZ29yeSI6IiIsInB1cmNoYXNlZGl0ZW1fc2V0LTYtcHJpY2VfcGVyX3VuaXQiOiIiLCJidXllcl90ZXh0IjoiIiwicHVyY2hhc2VkaXRlbV9zZXQtMC1wdXJjaGFzZV9vcmRlciI6IiIsInB1cmNoYXNlZGl0ZW1fc2V0LTUtcHVyY2hhc2Vfb3JkZXIiOiIiLCJ0b3RhbF9kaXNjb3VudCI6IjAiLCJwdXJjaGFzZWRpdGVtX3NldC05LWlkIjoiIiwicHVyY2hhc2VkaXRlbV9zZXQtMy10eXBlIjoiIiwicHVyY2hhc2VkaXRlbV9zZXQtMi1wdXJjaGFzZV9vcmRlciI6IiIsImNzcmZtaWRkbGV3YXJldG9rZW4iOiJ5aFAzUXBuMkZYMmh0T3lEWHBnQ0gzVnBhQTRHRTNMSSIsInB1cmNoYXNlZGl0ZW1fc2V0LV9fcHJlZml4X18taWQiOiIiLCJwdXJjaGFzZWRpdGVtX3NldC0yLXF0eSI6IiIsInB1cmNoYXNlZGl0ZW1fc2V0LTAtcGFyZW50X2NhdGVnb3J5IjoiOSIsInB1cmNoYXNlZGl0ZW1fc2V0LTktcHJpY2VfcGVyX3VuaXQiOiIiLCJwdXJjaGFzZWRpdGVtX3NldC01LXF0eSI6IiIsInB1cmNoYXNlZGl0ZW1fc2V0LTctcHVyY2hhc2Vfb3JkZXIiOiIiLCJtb2RlX29mX3BheW1lbnQiOiIxIiwicHVyY2hhc2VkaXRlbV9zZXQtTUFYX05VTV9GT1JNUyI6IjEwMDAiLCJfc2F2ZSI6IiIsInB1cmNoYXNlZGl0ZW1fc2V0LTEtcHVyY2hhc2Vfb3JkZXIiOiIiLCJwdXJjaGFzZWRpdGVtX3NldC0zLXBhcmVudF9jYXRlZ29yeSI6IiIsInB1cmNoYXNlZGl0ZW1fc2V0LTUtcHJpY2VfcGVyX3VuaXQiOiIiLCJwdXJjaGFzZWRpdGVtX3NldC01LXBhcmVudF9jYXRlZ29yeSI6IiIsInB1cmNoYXNlZGl0ZW1fc2V0LTctdHlwZSI6IiIsInB1cmNoYXNlZGl0ZW1fc2V0LTAtaWQiOiIiLCJwdXJjaGFzZWRpdGVtX3NldC04LXB1cmNoYXNlX29yZGVyIjoiIiwicHVyY2hhc2VkaXRlbV9zZXQtMy1pZCI6IiIsInB1cmNoYXNlZGl0ZW1fc2V0LTktdHlwZSI6IiIsInB1cmNoYXNlZGl0ZW1fc2V0LTgtcGFyZW50X2NhdGVnb3J5IjoiIiwiYnV5ZXIiOiI2MDciLCJwdXJjaGFzZWRpdGVtX3NldC04LXR5cGUiOiIiLCJwdXJjaGFzZWRpdGVtX3NldC0xLXF0eSI6IiIsInB1cmNoYXNlZGl0ZW1fc2V0LTktcGFyZW50X2NhdGVnb3J5IjoiIiwicHVyY2hhc2VkaXRlbV9zZXQtMi10eXBlIjoiIiwicHVyY2hhc2VkaXRlbV9zZXQtMC1zdWJfY2F0ZWdvcnkiOiIxMjEiLCJkZWxpdmVyeV9hZGRyZXNzIjoiQWRpdHlhIE1lZGlzYWxlcyBMLlQuRC4gVmlsbC4gTGFscHVyLCBUZWhzaWwgQmh1bmdhLCBIb3NoaWFycHVyIiwicHVyY2hhc2VkaXRlbV9zZXQtNi1xdHkiOiIiLCJwdXJjaGFzZWRpdGVtX3NldC0zLXB1cmNoYXNlX29yZGVyIjoiIiwicHVyY2hhc2VkaXRlbV9zZXQtNy1wcmljZV9wZXJfdW5pdCI6IiIsInB1cmNoYXNlZGl0ZW1fc2V0LTAtdHlwZSI6IjEiLCJ0ZHMiOiIwIiwiY2hlcXVlX2RkX2RhdGUiOiIiLCJwdXJjaGFzZWRpdGVtX3NldC03LXF0eSI6IiIsImNoZXF1ZV9kZF9udW1iZXIiOiIiLCJwdXJjaGFzZWRpdGVtX3NldC00LXR5cGUiOiIiLCJwdXJjaGFzZWRpdGVtX3NldC0yLWlkIjoiIiwicHVyY2hhc2VkaXRlbV9zZXQtMC1wcmljZV9wZXJfdW5pdCI6IjgwMDAiLCJwdXJjaGFzZWRpdGVtX3NldC05LXB1cmNoYXNlX29yZGVyIjoiIiwicHVyY2hhc2VkaXRlbV9zZXQtX19wcmVmaXhfXy1wYXJlbnRfY2F0ZWdvcnkiOiIiLCJwdXJjaGFzZWRpdGVtX3NldC1fX3ByZWZpeF9fLXB1cmNoYXNlX29yZGVyIjoiIiwicHVyY2hhc2VkaXRlbV9zZXQtMy1xdHkiOiIiLCJwdXJjaGFzZWRpdGVtX3NldC0zLXByaWNlX3Blcl91bml0IjoiIiwicHVyY2hhc2VkaXRlbV9zZXQtNS10eXBlIjoiIiwicHVyY2hhc2VkaXRlbV9zZXQtX19wcmVmaXhfXy1xdHkiOiIiLCJwdXJjaGFzZWRpdGVtX3NldC01LWlkIjoiIiwicHVyY2hhc2VkaXRlbV9zZXQtNi1pZCI6IiIsInB1cmNoYXNlZGl0ZW1fc2V0LU1JTl9OVU1fRk9STVMiOiIwIiwicHVyY2hhc2VkaXRlbV9zZXQtMS1pZCI6IiJ9LCJfYXV0aF91c2VyX2hhc2giOiJmZTE3NTgzOWZkNWRlY2JhNmI4MjZjYzY0MmY4NWQzMjg1YmRkOTZkIiwiX2F1dGhfdXNlcl9pZCI6NTk2LCJfYXV0aF91c2VyX2JhY2tlbmQiOiJkamFuZ28uY29udHJpYi5hdXRoLmJhY2tlbmRzLk1vZGVsQmFja2VuZCIsInB1cmNoYXNlX29yZGVyX2lkIjoxMH0=', '2015-01-06 07:51:22'),
('g0fyl3f4hqgekdkcmdb6q4x8874zbjim', 'MDUxZmUxMTk3Nzk1NjJhNDVlMmVjODMzNTIzZjAwYTVmYWY4NDUwOTp7Il9hdXRoX3VzZXJfaGFzaCI6IjgyN2RkMmFlNjkxOGM2MjE2NmMxYWMxM2IxMDQxNDc0MGIzMjQ4ODUiLCJfYXV0aF91c2VyX2JhY2tlbmQiOiJkamFuZ28uY29udHJpYi5hdXRoLmJhY2tlbmRzLk1vZGVsQmFja2VuZCIsIl9hdXRoX3VzZXJfaWQiOjU5NX0=', '2015-01-06 08:59:59'),
('g4tacmcn4bdyqqjed636rwvt7a9grcoc', 'YjQ5OWRjZDEyNjJhZTI1ZDVlNGFjZDA0MWU1MmIyYTIxN2YyOGU0OTp7Il9hdXRoX3VzZXJfaGFzaCI6IjRiOWE0MmNjMWQxZjIzOWQwYTQwZGY3MjI5YzljNGM4ODNiZGM0NjQiLCJfYXV0aF91c2VyX2JhY2tlbmQiOiJkamFuZ28uY29udHJpYi5hdXRoLmJhY2tlbmRzLk1vZGVsQmFja2VuZCIsIl9hdXRoX3VzZXJfaWQiOjJ9', '2014-09-24 06:22:28'),
('g5bazvqj9nvix0pi4fhwlns2dob7kv87', 'NGQ4YjU2MzJkN2FiMzJjZjcwZThlMWM3MWUyYmMyYWU5ZTk3M2M3Njp7Il9hdXRoX3VzZXJfaGFzaCI6IjlmZDU2MDdlZGI2NTYzYzJiZTEzNTA2ZGE5NWUzMjhkYmVhNThiMWIiLCJfYXV0aF91c2VyX2JhY2tlbmQiOiJkamFuZ28uY29udHJpYi5hdXRoLmJhY2tlbmRzLk1vZGVsQmFja2VuZCIsIl9hdXRoX3VzZXJfaWQiOjU5OH0=', '2014-12-15 08:20:26'),
('g9nx44tcfbx5yoo88bb07uj3q6hmwryj', 'NzM3OTk4ZjMwZTIyY2EzOGExYTVlYzJjNzgyZWMzZDYzYzQ3YmVjNTp7fQ==', '2015-01-05 10:47:09'),
('gb2tzyaj99ki1fwl54z332z77nfnx0xq', 'ZjdmMjkzOTFhMDY1YjNmZDFlNTU5MjM3ZWE2ZDA2YTNmMDQxMTU4Nzp7Il9hdXRoX3VzZXJfaGFzaCI6IjU0MzA5MmZkNjY0ZWUzMzVjODZiNzlmODc5YWJkOTI2OTljM2E0ZjMiLCJfYXV0aF91c2VyX2JhY2tlbmQiOiJkamFuZ28uY29udHJpYi5hdXRoLmJhY2tlbmRzLk1vZGVsQmFja2VuZCIsIl9hdXRoX3VzZXJfaWQiOjR9', '2014-09-24 06:22:33'),
('grg4mhspmbtqpa3uhgexwiy1xz2cjjv4', 'MmQ0MGQ0NjY1YTNmOGRlOTlhNGY2NDdkOTIwYWE5ODBlNDVkMTQ3Mjp7Im9sZF9wb3N0Ijp7InB1cmNoYXNlZGl0ZW1fc2V0LTAtaXRlbSI6Ijg3NSIsInB1cmNoYXNlZGl0ZW1fc2V0LTYtcHVyY2hhc2Vfb3JkZXIiOiIiLCJyZWZlcmVuY2UiOiI1NTYzIGRhdGVkIDEwLjEyLjIwMTQiLCJwdXJjaGFzZWRpdGVtX3NldC1UT1RBTF9GT1JNUyI6IjEwIiwicHVyY2hhc2VkaXRlbV9zZXQtMC1xdHkiOiI3IiwicHVyY2hhc2VkaXRlbV9zZXQtSU5JVElBTF9GT1JNUyI6IjAiLCJwdXJjaGFzZWRpdGVtX3NldC00LXF0eSI6IiIsInB1cmNoYXNlZGl0ZW1fc2V0LTgtaWQiOiIiLCJwdXJjaGFzZWRpdGVtX3NldC00LXB1cmNoYXNlX29yZGVyIjoiIiwicHVyY2hhc2VkaXRlbV9zZXQtOC1xdHkiOiIiLCJ0ZHMiOiI0MjAwIiwicHVyY2hhc2VkaXRlbV9zZXQtNC1wcmljZV9wZXJfdW5pdCI6IiIsInB1cmNoYXNlZGl0ZW1fc2V0LTQtaWQiOiIiLCJwdXJjaGFzZWRpdGVtX3NldC0yLXByaWNlX3Blcl91bml0IjoiIiwicHVyY2hhc2VkaXRlbV9zZXQtNy1pZCI6IiIsInB1cmNoYXNlZGl0ZW1fc2V0LV9fcHJlZml4X18tcHJpY2VfcGVyX3VuaXQiOiIiLCJfc2F2ZSI6IiIsInB1cmNoYXNlZGl0ZW1fc2V0LTItcGFyZW50X2NhdGVnb3J5IjoiIiwicHVyY2hhc2VkaXRlbV9zZXQtNC1wYXJlbnRfY2F0ZWdvcnkiOiIiLCJwdXJjaGFzZWRpdGVtX3NldC03LXByaWNlX3Blcl91bml0IjoiIiwicHVyY2hhc2VkaXRlbV9zZXQtMS1wYXJlbnRfY2F0ZWdvcnkiOiIiLCJwdXJjaGFzZWRpdGVtX3NldC0xLXByaWNlX3Blcl91bml0IjoiIiwib3JnYW5pc2F0aW9uIjoiMSIsInB1cmNoYXNlZGl0ZW1fc2V0LTgtcHJpY2VfcGVyX3VuaXQiOiIiLCJwdXJjaGFzZWRpdGVtX3NldC03LXBhcmVudF9jYXRlZ29yeSI6IiIsInB1cmNoYXNlZGl0ZW1fc2V0LTYtcHJpY2VfcGVyX3VuaXQiOiIiLCJidXllcl90ZXh0IjoiIiwicHVyY2hhc2VkaXRlbV9zZXQtMC1wdXJjaGFzZV9vcmRlciI6IiIsInB1cmNoYXNlZGl0ZW1fc2V0LTUtcHVyY2hhc2Vfb3JkZXIiOiIiLCJ0b3RhbF9kaXNjb3VudCI6IjAiLCJwdXJjaGFzZWRpdGVtX3NldC05LWlkIjoiIiwicHVyY2hhc2VkaXRlbV9zZXQtMS1wdXJjaGFzZV9vcmRlciI6IiIsInB1cmNoYXNlZGl0ZW1fc2V0LTItcHVyY2hhc2Vfb3JkZXIiOiIiLCJjc3JmbWlkZGxld2FyZXRva2VuIjoiOTFrakFxR2lwZFNqNGFjM0d0cEpkSzE3ZWhucXRLUFAiLCJwdXJjaGFzZWRpdGVtX3NldC1fX3ByZWZpeF9fLWlkIjoiIiwicHVyY2hhc2VkaXRlbV9zZXQtMi1xdHkiOiIiLCJwdXJjaGFzZWRpdGVtX3NldC0wLXBhcmVudF9jYXRlZ29yeSI6IjI3IiwicHVyY2hhc2VkaXRlbV9zZXQtOS1wcmljZV9wZXJfdW5pdCI6IiIsInB1cmNoYXNlZGl0ZW1fc2V0LTUtcXR5IjoiIiwicHVyY2hhc2VkaXRlbV9zZXQtNy1wdXJjaGFzZV9vcmRlciI6IiIsIm1vZGVfb2ZfcGF5bWVudCI6IjIiLCJwdXJjaGFzZWRpdGVtX3NldC1NQVhfTlVNX0ZPUk1TIjoiMTAwMCIsInB1cmNoYXNlZGl0ZW1fc2V0LTYtcGFyZW50X2NhdGVnb3J5IjoiIiwicHVyY2hhc2VkaXRlbV9zZXQtMy1wYXJlbnRfY2F0ZWdvcnkiOiIiLCJwdXJjaGFzZWRpdGVtX3NldC01LXByaWNlX3Blcl91bml0IjoiIiwicHVyY2hhc2VkaXRlbV9zZXQtNS1wYXJlbnRfY2F0ZWdvcnkiOiIiLCJwdXJjaGFzZWRpdGVtX3NldC04LXB1cmNoYXNlX29yZGVyIjoiIiwicHVyY2hhc2VkaXRlbV9zZXQtMC1pZCI6IiIsInB1cmNoYXNlZGl0ZW1fc2V0LTMtaWQiOiIiLCJwdXJjaGFzZWRpdGVtX3NldC04LXBhcmVudF9jYXRlZ29yeSI6IiIsImJ1eWVyIjoiMzUiLCJwdXJjaGFzZWRpdGVtX3NldC0xLXF0eSI6IiIsInB1cmNoYXNlZGl0ZW1fc2V0LTktcGFyZW50X2NhdGVnb3J5IjoiIiwicHVyY2hhc2VkaXRlbV9zZXQtOS1xdHkiOiIiLCJwdXJjaGFzZWRpdGVtX3NldC0wLXN1Yl9jYXRlZ29yeSI6IjMzMyIsImRlbGl2ZXJ5X2FkZHJlc3MiOiIyMjAgS1YgTGluZSBHb2luZHdhbCBTYWhpYiB0byBCb3RpYW53YWxhIiwicHVyY2hhc2VkaXRlbV9zZXQtNi1xdHkiOiIiLCJwdXJjaGFzZWRpdGVtX3NldC0zLXB1cmNoYXNlX29yZGVyIjoiIiwicHVyY2hhc2VkaXRlbV9zZXQtNy1xdHkiOiIiLCJwdXJjaGFzZWRpdGVtX3NldC1fX3ByZWZpeF9fLXBhcmVudF9jYXRlZ29yeSI6IiIsImNoZXF1ZV9kZF9kYXRlIjoiMjAxNC0xMi0wOCIsImNoZXF1ZV9kZF9udW1iZXIiOiIyNTEyMjIiLCJwdXJjaGFzZWRpdGVtX3NldC0yLWlkIjoiIiwicHVyY2hhc2VkaXRlbV9zZXQtMC1wcmljZV9wZXJfdW5pdCI6IjYwMDAiLCJwdXJjaGFzZWRpdGVtX3NldC05LXB1cmNoYXNlX29yZGVyIjoiIiwicHVyY2hhc2VkaXRlbV9zZXQtX19wcmVmaXhfXy1wdXJjaGFzZV9vcmRlciI6IiIsInB1cmNoYXNlZGl0ZW1fc2V0LTMtcXR5IjoiIiwicHVyY2hhc2VkaXRlbV9zZXQtMy1wcmljZV9wZXJfdW5pdCI6IiIsInB1cmNoYXNlZGl0ZW1fc2V0LV9fcHJlZml4X18tcXR5IjoiIiwicHVyY2hhc2VkaXRlbV9zZXQtNS1pZCI6IiIsInB1cmNoYXNlZGl0ZW1fc2V0LTYtaWQiOiIiLCJwdXJjaGFzZWRpdGVtX3NldC1NSU5fTlVNX0ZPUk1TIjoiMCIsInB1cmNoYXNlZGl0ZW1fc2V0LTEtaWQiOiIifSwiX2F1dGhfdXNlcl9oYXNoIjoiNzcxZDRiMTkwZGY1YTQ4ZmZjODk5ZWRlOGMxNTZiNTU5NTI4NWI5NSIsIl9hdXRoX3VzZXJfYmFja2VuZCI6ImRqYW5nby5jb250cmliLmF1dGguYmFja2VuZHMuTW9kZWxCYWNrZW5kIiwiX2F1dGhfdXNlcl9pZCI6NTk3LCJwdXJjaGFzZV9vcmRlcl9pZCI6NH0=', '2014-12-25 09:53:23'),
('gwqqnbnuddbnyeisdbigctck3j8ng397', 'NTAyZDlmZTRlNzc4MzkyZTIyMTg0MzE3YzRjZjdlMDdjZmZkNzRjMjp7Im9sZF9wb3N0Ijp7InB1cmNoYXNlZGl0ZW1fc2V0LTAtaXRlbSI6IjU1NyIsInB1cmNoYXNlZGl0ZW1fc2V0LTYtcHVyY2hhc2Vfb3JkZXIiOiIiLCJyZWZlcmVuY2UiOiJsZXR0ZXIgbm8uIDIzMTIiLCJwdXJjaGFzZWRpdGVtX3NldC1UT1RBTF9GT1JNUyI6IjEwIiwicHVyY2hhc2VkaXRlbV9zZXQtMC1xdHkiOiIyIiwicHVyY2hhc2VkaXRlbV9zZXQtSU5JVElBTF9GT1JNUyI6IjAiLCJwdXJjaGFzZWRpdGVtX3NldC00LXF0eSI6IiIsInB1cmNoYXNlZGl0ZW1fc2V0LTQtcHVyY2hhc2Vfb3JkZXIiOiIiLCJwdXJjaGFzZWRpdGVtX3NldC04LXF0eSI6IiIsInRkcyI6IjAiLCJwdXJjaGFzZWRpdGVtX3NldC0zLWl0ZW0iOiIyNDIiLCJwdXJjaGFzZWRpdGVtX3NldC00LWlkIjoiIiwicHVyY2hhc2VkaXRlbV9zZXQtOC1pZCI6IiIsInB1cmNoYXNlZGl0ZW1fc2V0LTctaWQiOiIiLCJwdXJjaGFzZWRpdGVtX3NldC0xLWl0ZW0iOiIyNTAiLCJwdXJjaGFzZWRpdGVtX3NldC0yLXBhcmVudF9jYXRlZ29yeSI6IjEwIiwicHVyY2hhc2VkaXRlbV9zZXQtMi1pdGVtIjoiMjQ2IiwicHVyY2hhc2VkaXRlbV9zZXQtNC1wYXJlbnRfY2F0ZWdvcnkiOiIiLCJwdXJjaGFzZWRpdGVtX3NldC05LXF0eSI6IiIsInB1cmNoYXNlZGl0ZW1fc2V0LTEtcGFyZW50X2NhdGVnb3J5IjoiMTAiLCJwdXJjaGFzZWRpdGVtX3NldC02LWlkIjoiIiwicHVyY2hhc2VkaXRlbV9zZXQtMi1zdWJfY2F0ZWdvcnkiOiIxNCIsInB1cmNoYXNlZGl0ZW1fc2V0LTctcGFyZW50X2NhdGVnb3J5IjoiIiwiYnV5ZXJfdGV4dCI6IiIsInB1cmNoYXNlZGl0ZW1fc2V0LTAtcHVyY2hhc2Vfb3JkZXIiOiIiLCJwdXJjaGFzZWRpdGVtX3NldC01LXB1cmNoYXNlX29yZGVyIjoiIiwidG90YWxfZGlzY291bnQiOiIwIiwicHVyY2hhc2VkaXRlbV9zZXQtOS1pZCI6IiIsInB1cmNoYXNlZGl0ZW1fc2V0LTEtcHVyY2hhc2Vfb3JkZXIiOiIiLCJwdXJjaGFzZWRpdGVtX3NldC0yLXB1cmNoYXNlX29yZGVyIjoiIiwiY3NyZm1pZGRsZXdhcmV0b2tlbiI6IllpMEdFcTdwck9aenEwMHRtbDlvdWN1SnNFajhiNHZUIiwicHVyY2hhc2VkaXRlbV9zZXQtX19wcmVmaXhfXy1pZCI6IiIsInB1cmNoYXNlZGl0ZW1fc2V0LTItcXR5IjoiNCIsInB1cmNoYXNlZGl0ZW1fc2V0LTAtcGFyZW50X2NhdGVnb3J5IjoiMzUiLCJwdXJjaGFzZWRpdGVtX3NldC01LXF0eSI6IiIsInB1cmNoYXNlZGl0ZW1fc2V0LTctcHVyY2hhc2Vfb3JkZXIiOiIiLCJtb2RlX29mX3BheW1lbnQiOiIxIiwicHVyY2hhc2VkaXRlbV9zZXQtTUFYX05VTV9GT1JNUyI6IjEwMDAiLCJwdXJjaGFzZWRpdGVtX3NldC02LXBhcmVudF9jYXRlZ29yeSI6IiIsInB1cmNoYXNlZGl0ZW1fc2V0LTMtcGFyZW50X2NhdGVnb3J5IjoiMTAiLCJwdXJjaGFzZWRpdGVtX3NldC01LXBhcmVudF9jYXRlZ29yeSI6IiIsInB1cmNoYXNlZGl0ZW1fc2V0LTgtcHVyY2hhc2Vfb3JkZXIiOiIiLCJwdXJjaGFzZWRpdGVtX3NldC0wLWlkIjoiIiwicHVyY2hhc2VkaXRlbV9zZXQtMy1zdWJfY2F0ZWdvcnkiOiIxNCIsInB1cmNoYXNlZGl0ZW1fc2V0LTgtcGFyZW50X2NhdGVnb3J5IjoiIiwiYnV5ZXIiOiI3IiwicHVyY2hhc2VkaXRlbV9zZXQtMS1xdHkiOiI0IiwicHVyY2hhc2VkaXRlbV9zZXQtOS1wYXJlbnRfY2F0ZWdvcnkiOiIiLCJwdXJjaGFzZWRpdGVtX3NldC0xLXN1Yl9jYXRlZ29yeSI6IjE0IiwicHVyY2hhc2VkaXRlbV9zZXQtMC1zdWJfY2F0ZWdvcnkiOiIxNjUiLCJkZWxpdmVyeV9hZGRyZXNzIjoiMSIsInB1cmNoYXNlZGl0ZW1fc2V0LTYtcXR5IjoiIiwicHVyY2hhc2VkaXRlbV9zZXQtMy1wdXJjaGFzZV9vcmRlciI6IiIsInB1cmNoYXNlZGl0ZW1fc2V0LTMtaWQiOiIiLCJwdXJjaGFzZWRpdGVtX3NldC1fX3ByZWZpeF9fLXBhcmVudF9jYXRlZ29yeSI6IiIsInB1cmNoYXNlZGl0ZW1fc2V0LV9fcHJlZml4X18tcXR5IjoiIiwicHVyY2hhc2VkaXRlbV9zZXQtNy1xdHkiOiIiLCJwdXJjaGFzZWRpdGVtX3NldC0yLWlkIjoiIiwiX3NhdmUiOiIiLCJwdXJjaGFzZWRpdGVtX3NldC05LXB1cmNoYXNlX29yZGVyIjoiIiwicHVyY2hhc2VkaXRlbV9zZXQtX19wcmVmaXhfXy1wdXJjaGFzZV9vcmRlciI6IiIsInB1cmNoYXNlZGl0ZW1fc2V0LTMtcXR5IjoiMiIsInB1cmNoYXNlZGl0ZW1fc2V0LTUtaWQiOiIiLCJvcmdhbmlzYXRpb24iOiIxIiwicHVyY2hhc2VkaXRlbV9zZXQtTUlOX05VTV9GT1JNUyI6IjAiLCJwdXJjaGFzZWRpdGVtX3NldC0xLWlkIjoiIn0sIl9hdXRoX3VzZXJfaGFzaCI6IjkzZDQ2MDc4YjZhZTY5MWIxZWRkN2MxMDJlNzFiZTA4ZGE3YjUxY2MiLCJfYXV0aF91c2VyX2lkIjoxLCJfYXV0aF91c2VyX2JhY2tlbmQiOiJkamFuZ28uY29udHJpYi5hdXRoLmJhY2tlbmRzLk1vZGVsQmFja2VuZCIsInB1cmNoYXNlX29yZGVyX2lkIjoyN30=', '2014-10-06 06:45:39'),
('h8tyb8fd1gwlz5qlz99qtis81dc2y293', 'ZjlhNGI3M2YyMzYwYzE5YWEwYzc1ZjRmOTViYjI1MDBmZjA4ZjJlZDp7Il9hdXRoX3VzZXJfaGFzaCI6ImM2YzA5M2EyMjNhNjFjYzA4YWViZGYyN2Y2M2FhYmNiOTBhYzExZjIiLCJfYXV0aF91c2VyX2JhY2tlbmQiOiJkamFuZ28uY29udHJpYi5hdXRoLmJhY2tlbmRzLk1vZGVsQmFja2VuZCIsIl9hdXRoX3VzZXJfaWQiOjUzMH0=', '2014-11-26 04:50:20'),
('halrcggyfv6f0ejwqot9o22iju0zz7et', 'OTdlOGIzNTNiZDA5MTAzZmViM2NjOTRjZWYwNjZlZjllODRjZTFmODp7Il9hdXRoX3VzZXJfaGFzaCI6ImQzM2EwODU2NjNiYzAxZGE4YjMwMTk1NzRmMzM5NzE4ODQ3ZDEyZjIiLCJfYXV0aF91c2VyX2JhY2tlbmQiOiJkamFuZ28uY29udHJpYi5hdXRoLmJhY2tlbmRzLk1vZGVsQmFja2VuZCIsIl9hdXRoX3VzZXJfaWQiOjYxMn0=', '2015-01-13 12:06:18'),
('hhganj6tz170yyyv1sugsnbxuu3fbcqw', 'YjIxODVkNzJhZTllNDcyOGI0NTNhYWYzZTU2OThmMWU1NjcwNzk0MDp7Im9sZF9wb3N0Ijp7InB1cmNoYXNlZGl0ZW1fc2V0LTAtaXRlbSI6IjQ2NiIsInB1cmNoYXNlZGl0ZW1fc2V0LTYtcHVyY2hhc2Vfb3JkZXIiOiIiLCJyZWZlcmVuY2UiOiJTcGwuNCIsInB1cmNoYXNlZGl0ZW1fc2V0LVRPVEFMX0ZPUk1TIjoiMTAiLCJwdXJjaGFzZWRpdGVtX3NldC0wLXF0eSI6IjEiLCJwdXJjaGFzZWRpdGVtX3NldC1JTklUSUFMX0ZPUk1TIjoiMCIsInB1cmNoYXNlZGl0ZW1fc2V0LTQtcXR5IjoiIiwicHVyY2hhc2VkaXRlbV9zZXQtOC1pZCI6IiIsInB1cmNoYXNlZGl0ZW1fc2V0LTQtcHVyY2hhc2Vfb3JkZXIiOiIiLCJwdXJjaGFzZWRpdGVtX3NldC04LXF0eSI6IiIsImJ1eWVyIjoiMTg4IiwicHVyY2hhc2VkaXRlbV9zZXQtNC1wcmljZV9wZXJfdW5pdCI6IiIsInB1cmNoYXNlZGl0ZW1fc2V0LTItaWQiOiIiLCJwdXJjaGFzZWRpdGVtX3NldC00LWlkIjoiIiwicHVyY2hhc2VkaXRlbV9zZXQtMi1wcmljZV9wZXJfdW5pdCI6IjE1MDAiLCJwdXJjaGFzZWRpdGVtX3NldC03LWlkIjoiIiwicHVyY2hhc2VkaXRlbV9zZXQtX19wcmVmaXhfXy1wcmljZV9wZXJfdW5pdCI6IiIsInB1cmNoYXNlZGl0ZW1fc2V0LTEtaXRlbSI6IjE5MSIsInB1cmNoYXNlZGl0ZW1fc2V0LTItcGFyZW50X2NhdGVnb3J5IjoiOSIsInB1cmNoYXNlZGl0ZW1fc2V0LTItaXRlbSI6IjU4NSIsInB1cmNoYXNlZGl0ZW1fc2V0LTQtcGFyZW50X2NhdGVnb3J5IjoiIiwicHVyY2hhc2VkaXRlbV9zZXQtOS1xdHkiOiIiLCJwdXJjaGFzZWRpdGVtX3NldC0xLXBhcmVudF9jYXRlZ29yeSI6IjkiLCJwdXJjaGFzZWRpdGVtX3NldC0xLXByaWNlX3Blcl91bml0IjoiMTIwMCIsInB1cmNoYXNlZGl0ZW1fc2V0LTItc3ViX2NhdGVnb3J5IjoiMjA5IiwicHVyY2hhc2VkaXRlbV9zZXQtOC1wcmljZV9wZXJfdW5pdCI6IiIsInB1cmNoYXNlZGl0ZW1fc2V0LTctcGFyZW50X2NhdGVnb3J5IjoiIiwicHVyY2hhc2VkaXRlbV9zZXQtNi1wcmljZV9wZXJfdW5pdCI6IiIsImJ1eWVyX3RleHQiOiIiLCJwdXJjaGFzZWRpdGVtX3NldC0wLXB1cmNoYXNlX29yZGVyIjoiIiwicHVyY2hhc2VkaXRlbV9zZXQtNS1wdXJjaGFzZV9vcmRlciI6IiIsInRvdGFsX2Rpc2NvdW50IjoiMCIsInB1cmNoYXNlZGl0ZW1fc2V0LTktaWQiOiIiLCJwdXJjaGFzZWRpdGVtX3NldC0xLXB1cmNoYXNlX29yZGVyIjoiIiwicHVyY2hhc2VkaXRlbV9zZXQtMi1wdXJjaGFzZV9vcmRlciI6IiIsImNzcmZtaWRkbGV3YXJldG9rZW4iOiJyRUlUaTNCY2I1UlRPZXN2eUdwSzlLTVhqaWd3MTZrbiIsInB1cmNoYXNlZGl0ZW1fc2V0LV9fcHJlZml4X18taWQiOiIiLCJwdXJjaGFzZWRpdGVtX3NldC0yLXF0eSI6IjEiLCJwdXJjaGFzZWRpdGVtX3NldC0wLXBhcmVudF9jYXRlZ29yeSI6IjkiLCJwdXJjaGFzZWRpdGVtX3NldC05LXByaWNlX3Blcl91bml0IjoiIiwicHVyY2hhc2VkaXRlbV9zZXQtNS1xdHkiOiIiLCJwdXJjaGFzZWRpdGVtX3NldC03LXB1cmNoYXNlX29yZGVyIjoiIiwibW9kZV9vZl9wYXltZW50IjoiMSIsInB1cmNoYXNlZGl0ZW1fc2V0LU1BWF9OVU1fRk9STVMiOiIxMDAwIiwiX3NhdmUiOiIiLCJwdXJjaGFzZWRpdGVtX3NldC0zLXBhcmVudF9jYXRlZ29yeSI6IiIsInB1cmNoYXNlZGl0ZW1fc2V0LTUtcHJpY2VfcGVyX3VuaXQiOiIiLCJwdXJjaGFzZWRpdGVtX3NldC01LXBhcmVudF9jYXRlZ29yeSI6IiIsInB1cmNoYXNlZGl0ZW1fc2V0LTgtcHVyY2hhc2Vfb3JkZXIiOiIiLCJwdXJjaGFzZWRpdGVtX3NldC0wLWlkIjoiIiwicHVyY2hhc2VkaXRlbV9zZXQtNi1pZCI6IiIsInB1cmNoYXNlZGl0ZW1fc2V0LTMtaWQiOiIiLCJwdXJjaGFzZWRpdGVtX3NldC04LXBhcmVudF9jYXRlZ29yeSI6IiIsImRhdGUiOiIyMDE0LTEyLTA0IiwicHVyY2hhc2VkaXRlbV9zZXQtMS1xdHkiOiIxIiwicHVyY2hhc2VkaXRlbV9zZXQtOS1wYXJlbnRfY2F0ZWdvcnkiOiIiLCJwdXJjaGFzZWRpdGVtX3NldC0xLXN1Yl9jYXRlZ29yeSI6IjcwIiwicHVyY2hhc2VkaXRlbV9zZXQtMC1zdWJfY2F0ZWdvcnkiOiIxNDgiLCJkZWxpdmVyeV9hZGRyZXNzIjoiQ29uc3RyY3V0aW9uIG9mIENvbGxlZ2Ugb2YgRmlzaGVyaWVzIiwicHVyY2hhc2VkaXRlbV9zZXQtNi1xdHkiOiIiLCJwdXJjaGFzZWRpdGVtX3NldC0zLXB1cmNoYXNlX29yZGVyIjoiIiwicHVyY2hhc2VkaXRlbV9zZXQtNy1wcmljZV9wZXJfdW5pdCI6IiIsInB1cmNoYXNlZGl0ZW1fc2V0LTctcXR5IjoiIiwidGRzIjoiMCIsImNoZXF1ZV9kZF9kYXRlIjoiIiwiY2hlcXVlX2RkX251bWJlciI6IiIsInB1cmNoYXNlZGl0ZW1fc2V0LTYtcGFyZW50X2NhdGVnb3J5IjoiIiwicHVyY2hhc2VkaXRlbV9zZXQtMC1wcmljZV9wZXJfdW5pdCI6IjI1MDAiLCJwdXJjaGFzZWRpdGVtX3NldC05LXB1cmNoYXNlX29yZGVyIjoiIiwicHVyY2hhc2VkaXRlbV9zZXQtX19wcmVmaXhfXy1wYXJlbnRfY2F0ZWdvcnkiOiIiLCJwdXJjaGFzZWRpdGVtX3NldC1fX3ByZWZpeF9fLXB1cmNoYXNlX29yZGVyIjoiIiwicHVyY2hhc2VkaXRlbV9zZXQtMy1xdHkiOiIiLCJwdXJjaGFzZWRpdGVtX3NldC0zLXByaWNlX3Blcl91bml0IjoiIiwicHVyY2hhc2VkaXRlbV9zZXQtX19wcmVmaXhfXy1xdHkiOiIiLCJwdXJjaGFzZWRpdGVtX3NldC01LWlkIjoiIiwib3JnYW5pc2F0aW9uIjoiMSIsInB1cmNoYXNlZGl0ZW1fc2V0LU1JTl9OVU1fRk9STVMiOiIwIiwicHVyY2hhc2VkaXRlbV9zZXQtMS1pZCI6IiJ9LCJfYXV0aF91c2VyX2hhc2giOiI3NzFkNGIxOTBkZjVhNDhmZmM4OTllZGU4YzE1NmI1NTk1Mjg1Yjk1IiwiX2F1dGhfdXNlcl9iYWNrZW5kIjoiZGphbmdvLmNvbnRyaWIuYXV0aC5iYWNrZW5kcy5Nb2RlbEJhY2tlbmQiLCJfYXV0aF91c2VyX2lkIjo1OTcsInB1cmNoYXNlX29yZGVyX2lkIjoxfQ==', '2014-12-29 05:35:37'),
('hjmnd6o3awtn0kqx0oewxj7xunni6ftu', 'OTA0ZWVkNDc2N2FhYTI3OTc3YjdhN2JjODk4MzVmYjQwNGU4ZjJlNjp7Il9hdXRoX3VzZXJfaGFzaCI6IjkzZDQ2MDc4YjZhZTY5MWIxZWRkN2MxMDJlNzFiZTA4ZGE3YjUxY2MiLCJfYXV0aF91c2VyX2JhY2tlbmQiOiJkamFuZ28uY29udHJpYi5hdXRoLmJhY2tlbmRzLk1vZGVsQmFja2VuZCIsIl9hdXRoX3VzZXJfaWQiOjF9', '2014-10-03 13:24:19'),
('i1vmf88kpn8d74fjf1z9azihtwgh39g2', 'NzM3OTk4ZjMwZTIyY2EzOGExYTVlYzJjNzgyZWMzZDYzYzQ3YmVjNTp7fQ==', '2014-09-24 10:17:51'),
('i6gzi5da2ptylz0atg615cf9uu78ik44', 'NGQ4YjU2MzJkN2FiMzJjZjcwZThlMWM3MWUyYmMyYWU5ZTk3M2M3Njp7Il9hdXRoX3VzZXJfaGFzaCI6IjlmZDU2MDdlZGI2NTYzYzJiZTEzNTA2ZGE5NWUzMjhkYmVhNThiMWIiLCJfYXV0aF91c2VyX2JhY2tlbmQiOiJkamFuZ28uY29udHJpYi5hdXRoLmJhY2tlbmRzLk1vZGVsQmFja2VuZCIsIl9hdXRoX3VzZXJfaWQiOjU5OH0=', '2015-01-05 04:47:17'),
('iav73d3idc26mcz5dwzw38dyozvmoa6b', 'NzQ0MjMxYzE1Y2RmNjc4MjhhMjc1Mzc3ZWE2MTZkMzZlY2Y5MDBjMDp7Il9hdXRoX3VzZXJfaGFzaCI6Ijc3MWQ0YjE5MGRmNWE0OGZmYzg5OWVkZThjMTU2YjU1OTUyODViOTUiLCJfYXV0aF91c2VyX2JhY2tlbmQiOiJkamFuZ28uY29udHJpYi5hdXRoLmJhY2tlbmRzLk1vZGVsQmFja2VuZCIsIl9hdXRoX3VzZXJfaWQiOjU5N30=', '2015-01-14 05:25:06'),
('ig6o86i0miqsj79pszokdkt51uro71jp', 'NmY3NjRjNDYwNWNkZGRmODlhMjIyZTA2NmM0YTI2ZDA5ZjhhZDgxNjp7Im9sZF9wb3N0Ijp7InF1b3RlZGl0ZW1fc2V0LTAtcXVvdGVkX29yZGVyIjoiIiwicmVmZXJlbmNlIjoiMyIsInF1b3RlZGl0ZW1fc2V0LTAtcGFyZW50X2NhdGVnb3J5IjoiMzYiLCJxdW90ZWRpdGVtX3NldC0wLWl0ZW0iOiIzNDgiLCJxdW90ZWRpdGVtX3NldC0yLWlkIjoiIiwibW9kZV9vZl9wYXltZW50IjoiMSIsInF1b3RlZGl0ZW1fc2V0LTEtcXR5IjoiIiwicXVvdGVkaXRlbV9zZXQtNi1pZCI6IiIsInF1b3RlZGl0ZW1fc2V0LTctcGFyZW50X2NhdGVnb3J5IjoiIiwidGRzIjoiMCIsInF1b3RlZGl0ZW1fc2V0LTYtcXR5IjoiIiwicXVvdGVkaXRlbV9zZXQtOS1xdHkiOiIiLCJxdW90ZWRpdGVtX3NldC04LXBhcmVudF9jYXRlZ29yeSI6IiIsInF1b3RlZGl0ZW1fc2V0LVRPVEFMX0ZPUk1TIjoiMTAiLCJxdW90ZWRpdGVtX3NldC05LXF1b3RlZF9vcmRlciI6IiIsInF1b3RlZGl0ZW1fc2V0LV9fcHJlZml4X18tcGFyZW50X2NhdGVnb3J5IjoiIiwicXVvdGVkaXRlbV9zZXQtNC1pZCI6IiIsIm9yZ2FuaXNhdGlvbiI6IjEiLCJxdW90ZWRpdGVtX3NldC0zLXBhcmVudF9jYXRlZ29yeSI6IiIsInF1b3RlZGl0ZW1fc2V0LTctaWQiOiIiLCJidXllcl90ZXh0IjoiIiwicXVvdGVkaXRlbV9zZXQtNS1xdHkiOiIiLCJxdW90ZWRpdGVtX3NldC05LWlkIjoiIiwicXVvdGVkaXRlbV9zZXQtNC1xdHkiOiIiLCJxdW90ZWRpdGVtX3NldC03LXF1b3RlZF9vcmRlciI6IiIsInF1b3RlZGl0ZW1fc2V0LTUtcGFyZW50X2NhdGVnb3J5IjoiIiwicXVvdGVkaXRlbV9zZXQtSU5JVElBTF9GT1JNUyI6IjAiLCJxdW90ZWRpdGVtX3NldC0zLXF1b3RlZF9vcmRlciI6IiIsImNzcmZtaWRkbGV3YXJldG9rZW4iOiJhWHlXT0xId2Z6V0xXODc5V3RHQTNRUndNQWN1VVB1OSIsInF1b3RlZGl0ZW1fc2V0LTQtcGFyZW50X2NhdGVnb3J5IjoiIiwicXVvdGVkaXRlbV9zZXQtNC1xdW90ZWRfb3JkZXIiOiIiLCJxdW90ZWRpdGVtX3NldC05LXBhcmVudF9jYXRlZ29yeSI6IiIsInF1b3RlZGl0ZW1fc2V0LV9fcHJlZml4X18tcXR5IjoiIiwicXVvdGVkaXRlbV9zZXQtNS1pZCI6IiIsInF1b3RlZGl0ZW1fc2V0LTAtcXR5IjoiMSIsInF1b3RlZGl0ZW1fc2V0LTYtcXVvdGVkX29yZGVyIjoiIiwiX3NhdmUiOiIiLCJxdW90ZWRpdGVtX3NldC0yLXF1b3RlZF9vcmRlciI6IiIsInF1b3RlZGl0ZW1fc2V0LTUtcXVvdGVkX29yZGVyIjoiIiwicXVvdGVkaXRlbV9zZXQtOC1xdW90ZWRfb3JkZXIiOiIiLCJxdW90ZWRpdGVtX3NldC0xLXBhcmVudF9jYXRlZ29yeSI6IiIsInF1b3RlZGl0ZW1fc2V0LTItcGFyZW50X2NhdGVnb3J5IjoiIiwicXVvdGVkaXRlbV9zZXQtNi1wYXJlbnRfY2F0ZWdvcnkiOiIiLCJidXllciI6IjYwIiwicXVvdGVkaXRlbV9zZXQtMy1pZCI6IiIsInF1b3RlZGl0ZW1fc2V0LTMtcXR5IjoiIiwicXVvdGVkaXRlbV9zZXQtNy1xdHkiOiIiLCJkZWxpdmVyeV9hZGRyZXNzIjoibHVkIiwicXVvdGVkaXRlbV9zZXQtMS1pZCI6IiIsInF1b3RlZGl0ZW1fc2V0LTAtc3ViX2NhdGVnb3J5IjoiNjMiLCJ0b3RhbF9kaXNjb3VudCI6IjAiLCJjaGVxdWVfZGRfbnVtYmVyIjoiIiwicXVvdGVkaXRlbV9zZXQtX19wcmVmaXhfXy1pZCI6IiIsInF1b3RlZGl0ZW1fc2V0LTItcXR5IjoiIiwicXVvdGVkaXRlbV9zZXQtMC1pZCI6IiIsInF1b3RlZGl0ZW1fc2V0LU1BWF9OVU1fRk9STVMiOiIxMDAwIiwicXVvdGVkaXRlbV9zZXQtTUlOX05VTV9GT1JNUyI6IjAiLCJjaGVxdWVfZGRfZGF0ZSI6IiIsInF1b3RlZGl0ZW1fc2V0LTgtcXR5IjoiIiwicXVvdGVkaXRlbV9zZXQtMS1xdW90ZWRfb3JkZXIiOiIiLCJxdW90ZWRpdGVtX3NldC04LWlkIjoiIiwicXVvdGVkaXRlbV9zZXQtX19wcmVmaXhfXy1xdW90ZWRfb3JkZXIiOiIifSwicXVvdGVkX29yZGVyX2lkIjozLCJfYXV0aF91c2VyX2hhc2giOiI5MmZjM2U2MzQ3MzI4MGIzYTZmM2EzOWU4MGVhOWRlN2I3YzRiZjhmIiwiX2F1dGhfdXNlcl9pZCI6NTk2LCJfYXV0aF91c2VyX2JhY2tlbmQiOiJkamFuZ28uY29udHJpYi5hdXRoLmJhY2tlbmRzLk1vZGVsQmFja2VuZCJ9', '2014-12-11 07:04:39'),
('itid1ja5cvypgc0piku2j4ixjc7kengo', 'NzQ0MjMxYzE1Y2RmNjc4MjhhMjc1Mzc3ZWE2MTZkMzZlY2Y5MDBjMDp7Il9hdXRoX3VzZXJfaGFzaCI6Ijc3MWQ0YjE5MGRmNWE0OGZmYzg5OWVkZThjMTU2YjU1OTUyODViOTUiLCJfYXV0aF91c2VyX2JhY2tlbmQiOiJkamFuZ28uY29udHJpYi5hdXRoLmJhY2tlbmRzLk1vZGVsQmFja2VuZCIsIl9hdXRoX3VzZXJfaWQiOjU5N30=', '2015-01-19 10:44:41'),
('ivte5rexrcn5huwck9fbruc8flibzcv2', 'ZjlhNGI3M2YyMzYwYzE5YWEwYzc1ZjRmOTViYjI1MDBmZjA4ZjJlZDp7Il9hdXRoX3VzZXJfaGFzaCI6ImM2YzA5M2EyMjNhNjFjYzA4YWViZGYyN2Y2M2FhYmNiOTBhYzExZjIiLCJfYXV0aF91c2VyX2JhY2tlbmQiOiJkamFuZ28uY29udHJpYi5hdXRoLmJhY2tlbmRzLk1vZGVsQmFja2VuZCIsIl9hdXRoX3VzZXJfaWQiOjUzMH0=', '2014-12-10 06:42:37'),
('j04nw2w2m00tanzb201jsaxch37k3mec', 'OTA0ZWVkNDc2N2FhYTI3OTc3YjdhN2JjODk4MzVmYjQwNGU4ZjJlNjp7Il9hdXRoX3VzZXJfaGFzaCI6IjkzZDQ2MDc4YjZhZTY5MWIxZWRkN2MxMDJlNzFiZTA4ZGE3YjUxY2MiLCJfYXV0aF91c2VyX2JhY2tlbmQiOiJkamFuZ28uY29udHJpYi5hdXRoLmJhY2tlbmRzLk1vZGVsQmFja2VuZCIsIl9hdXRoX3VzZXJfaWQiOjF9', '2014-09-29 08:55:52'),
('juwqrkgw3cepif7917u04528poqwtizr', 'MDUxZmUxMTk3Nzk1NjJhNDVlMmVjODMzNTIzZjAwYTVmYWY4NDUwOTp7Il9hdXRoX3VzZXJfaGFzaCI6IjgyN2RkMmFlNjkxOGM2MjE2NmMxYWMxM2IxMDQxNDc0MGIzMjQ4ODUiLCJfYXV0aF91c2VyX2JhY2tlbmQiOiJkamFuZ28uY29udHJpYi5hdXRoLmJhY2tlbmRzLk1vZGVsQmFja2VuZCIsIl9hdXRoX3VzZXJfaWQiOjU5NX0=', '2015-01-01 08:37:11'),
('khz0l8z8h40kasdcrluuqnikzmtspwfd', 'NGQ4YjU2MzJkN2FiMzJjZjcwZThlMWM3MWUyYmMyYWU5ZTk3M2M3Njp7Il9hdXRoX3VzZXJfaGFzaCI6IjlmZDU2MDdlZGI2NTYzYzJiZTEzNTA2ZGE5NWUzMjhkYmVhNThiMWIiLCJfYXV0aF91c2VyX2JhY2tlbmQiOiJkamFuZ28uY29udHJpYi5hdXRoLmJhY2tlbmRzLk1vZGVsQmFja2VuZCIsIl9hdXRoX3VzZXJfaWQiOjU5OH0=', '2014-12-22 04:57:40'),
('kkxc3jmxg11d7z4hyemc7ob00zsed2e3', 'ZDhlYjhiOTM0NDUwOGQzMmU1ZTE5ZDg5MzNmYjdhYWU2NTc2ZjNjNDp7Il9hdXRoX3VzZXJfaGFzaCI6ImZlMTc1ODM5ZmQ1ZGVjYmE2YjgyNmNjNjQyZjg1ZDMyODViZGQ5NmQiLCJfYXV0aF91c2VyX2JhY2tlbmQiOiJkamFuZ28uY29udHJpYi5hdXRoLmJhY2tlbmRzLk1vZGVsQmFja2VuZCIsIl9hdXRoX3VzZXJfaWQiOjU5Nn0=', '2015-01-07 06:15:49'),
('l56788bhw8u5zqhzy24yj6wkd0jcreqg', 'NGQ4YjU2MzJkN2FiMzJjZjcwZThlMWM3MWUyYmMyYWU5ZTk3M2M3Njp7Il9hdXRoX3VzZXJfaGFzaCI6IjlmZDU2MDdlZGI2NTYzYzJiZTEzNTA2ZGE5NWUzMjhkYmVhNThiMWIiLCJfYXV0aF91c2VyX2JhY2tlbmQiOiJkamFuZ28uY29udHJpYi5hdXRoLmJhY2tlbmRzLk1vZGVsQmFja2VuZCIsIl9hdXRoX3VzZXJfaWQiOjU5OH0=', '2015-01-20 06:09:34'),
('lkij3z09o10raow0xu9vt8rrbwpiaafe', 'ZjljOThkNjIxODNmZjhkOThmZGNjN2U3MDFjZTgyY2ZmNjI3NmQ3Njp7Il9hdXRoX3VzZXJfaGFzaCI6IjEyOGNiNDgyODIzZmQxMTYyYWM1YjgxODA4NjM3ZTU4ZDIyYjQzOTMiLCJfYXV0aF91c2VyX2JhY2tlbmQiOiJkamFuZ28uY29udHJpYi5hdXRoLmJhY2tlbmRzLk1vZGVsQmFja2VuZCIsIl9hdXRoX3VzZXJfaWQiOjQ1OH0=', '2014-10-19 07:51:38'),
('mdw57cue2q015zy3hme5ooyr14nirmkk', 'MGMxMDFmYTZkZWI3MzMwYjA5ZjYxZTVkNWVhMWY0NWM4OTIxMzE0ODp7InF1b3RlZF9vcmRlcl9pZCI6MywiX2F1dGhfdXNlcl9pZCI6NTk4LCJvbGRfcG9zdCI6eyJxdW90ZWRpdGVtX3NldC0xNS1pZCI6IiIsInF1b3RlZGl0ZW1fc2V0LTUtdHlwZSI6IjEiLCJxdW90ZWRpdGVtX3NldC0yLWlkIjoiIiwicXVvdGVkaXRlbV9zZXQtMTEtaWQiOiIiLCJxdW90ZWRpdGVtX3NldC02LXF1b3RlZF9vcmRlciI6IiIsInF1b3RlZGl0ZW1fc2V0LTktcXR5IjoiMSIsInF1b3RlZGl0ZW1fc2V0LTEwLXBhcmVudF9jYXRlZ29yeSI6IjkiLCJxdW90ZWRpdGVtX3NldC05LXR5cGUiOiIxIiwicXVvdGVkaXRlbV9zZXQtMC1wcmljZV9wZXJfdW5pdCI6IjE1MDAiLCJxdW90ZWRpdGVtX3NldC0xNS1xdHkiOiIiLCJxdW90ZWRpdGVtX3NldC05LXF1b3RlZF9vcmRlciI6IiIsInF1b3RlZGl0ZW1fc2V0LTAtaWQiOiIiLCJxdW90ZWRpdGVtX3NldC0xLXN1Yl9jYXRlZ29yeSI6IjE0OCIsInF1b3RlZGl0ZW1fc2V0LTEwLWl0ZW0iOiIzNDQiLCJxdW90ZWRpdGVtX3NldC00LXR5cGUiOiIxIiwib3JnYW5pc2F0aW9uIjoiMSIsInF1b3RlZGl0ZW1fc2V0LTMtcGFyZW50X2NhdGVnb3J5IjoiOSIsInF1b3RlZGl0ZW1fc2V0LTUtcXR5IjoiMSIsInF1b3RlZGl0ZW1fc2V0LTktaWQiOiIiLCJxdW90ZWRpdGVtX3NldC0xLXByaWNlX3Blcl91bml0IjoiMjUwMCIsInF1b3RlZGl0ZW1fc2V0LTUtcGFyZW50X2NhdGVnb3J5IjoiOSIsInF1b3RlZGl0ZW1fc2V0LTE2LXF0eSI6IiIsInF1b3RlZGl0ZW1fc2V0LTUtaWQiOiIiLCJxdW90ZWRpdGVtX3NldC0wLXF1b3RlZF9vcmRlciI6IiIsInF1b3RlZGl0ZW1fc2V0LTItaXRlbSI6IjU4NSIsInF1b3RlZGl0ZW1fc2V0LV9fcHJlZml4X18tdHlwZSI6IiIsInF1b3RlZGl0ZW1fc2V0LUlOSVRJQUxfRk9STVMiOiIwIiwicXVvdGVkaXRlbV9zZXQtMS1pZCI6IiIsInF1b3RlZGl0ZW1fc2V0LTctdHlwZSI6IjEiLCJxdW90ZWRpdGVtX3NldC0xLXBhcmVudF9jYXRlZ29yeSI6IjkiLCJidXllciI6IjM5OCIsInF1b3RlZGl0ZW1fc2V0LTMtaWQiOiIiLCJxdW90ZWRpdGVtX3NldC03LXF0eSI6IjEiLCJxdW90ZWRpdGVtX3NldC01LXByaWNlX3Blcl91bml0IjoiMTUwMCIsInF1b3RlZGl0ZW1fc2V0LTItcHJpY2VfcGVyX3VuaXQiOiIxNTAwIiwicXVvdGVkaXRlbV9zZXQtOS1pdGVtIjoiMzQxIiwicXVvdGVkaXRlbV9zZXQtNC1xdW90ZWRfb3JkZXIiOiIiLCJxdW90ZWRpdGVtX3NldC0xOS1wcmljZV9wZXJfdW5pdCI6IiIsInF1b3RlZGl0ZW1fc2V0LV9fcHJlZml4X18taWQiOiIiLCJxdW90ZWRpdGVtX3NldC04LWl0ZW0iOiI1NTIiLCJxdW90ZWRpdGVtX3NldC03LXByaWNlX3Blcl91bml0IjoiMjUwMCIsInF1b3RlZGl0ZW1fc2V0LTgtaWQiOiIiLCJxdW90ZWRpdGVtX3NldC02LWl0ZW0iOiI1OTEiLCJxdW90ZWRpdGVtX3NldC1fX3ByZWZpeF9fLXF1b3RlZF9vcmRlciI6IiIsInF1b3RlZGl0ZW1fc2V0LTYtdHlwZSI6IjEiLCJxdW90ZWRpdGVtX3NldC04LXN1Yl9jYXRlZ29yeSI6IjE1NiIsInJlZmVyZW5jZSI6IkwmVC80ME1MRC9MRTE0MDc3My8xNC0xNS8wMSIsInF1b3RlZGl0ZW1fc2V0LTAtaXRlbSI6IjMxNiIsImNoZXF1ZV9kZF9udW1iZXIiOiIiLCJxdW90ZWRpdGVtX3NldC05LXBhcmVudF9jYXRlZ29yeSI6IjkiLCJxdW90ZWRpdGVtX3NldC0xLXF0eSI6IjEiLCJxdW90ZWRpdGVtX3NldC02LWlkIjoiIiwicXVvdGVkaXRlbV9zZXQtMTctaWQiOiIiLCJxdW90ZWRpdGVtX3NldC03LXN1Yl9jYXRlZ29yeSI6IjIxNCIsInF1b3RlZGl0ZW1fc2V0LTYtcXR5IjoiMSIsInF1b3RlZGl0ZW1fc2V0LTQtaXRlbSI6IjU4NiIsInF1b3RlZGl0ZW1fc2V0LTExLXF0eSI6IiIsInF1b3RlZGl0ZW1fc2V0LTEwLWlkIjoiIiwicXVvdGVkaXRlbV9zZXQtX19wcmVmaXhfXy1wcmljZV9wZXJfdW5pdCI6IiIsInF1b3RlZGl0ZW1fc2V0LU1BWF9OVU1fRk9STVMiOiIxMDAwIiwicXVvdGVkaXRlbV9zZXQtNC1pZCI6IiIsInF1b3RlZGl0ZW1fc2V0LTctaWQiOiIiLCJxdW90ZWRpdGVtX3NldC04LXF1b3RlZF9vcmRlciI6IiIsInF1b3RlZGl0ZW1fc2V0LTEyLXR5cGUiOiIiLCJxdW90ZWRpdGVtX3NldC00LXF0eSI6IjEiLCJxdW90ZWRpdGVtX3NldC02LXBhcmVudF9jYXRlZ29yeSI6IjkiLCJxdW90ZWRpdGVtX3NldC0wLXN1Yl9jYXRlZ29yeSI6IjE3IiwicXVvdGVkaXRlbV9zZXQtMC1xdHkiOiIxIiwicXVvdGVkaXRlbV9zZXQtNS1xdW90ZWRfb3JkZXIiOiIiLCJxdW90ZWRpdGVtX3NldC00LXByaWNlX3Blcl91bml0IjoiMTUwMCIsInF1b3RlZGl0ZW1fc2V0LTMtdHlwZSI6IjEiLCJxdW90ZWRpdGVtX3NldC0xOC1xdHkiOiIiLCJxdW90ZWRpdGVtX3NldC0xNi1xdW90ZWRfb3JkZXIiOiIiLCJxdW90ZWRpdGVtX3NldC0xNC1pZCI6IiIsInF1b3RlZGl0ZW1fc2V0LTE5LXF0eSI6IiIsInF1b3RlZGl0ZW1fc2V0LTExLXF1b3RlZF9vcmRlciI6IiIsImRlbGl2ZXJ5X2FkZHJlc3MiOiI0MCBNTEQgQ0VUUCwgTHVkaGlhbmEiLCJxdW90ZWRpdGVtX3NldC0xOS10eXBlIjoiIiwicXVvdGVkaXRlbV9zZXQtMTAtcXVvdGVkX29yZGVyIjoiIiwicXVvdGVkaXRlbV9zZXQtMTktcXVvdGVkX29yZGVyIjoiIiwiY2hlcXVlX2RkX2RhdGUiOiIiLCJxdW90ZWRpdGVtX3NldC0zLXN1Yl9jYXRlZ29yeSI6IjIxMCIsInF1b3RlZGl0ZW1fc2V0LTEwLXR5cGUiOiIxIiwicXVvdGVkaXRlbV9zZXQtMy1pdGVtIjoiNTg3IiwicXVvdGVkaXRlbV9zZXQtOC1xdHkiOiIyIiwicXVvdGVkaXRlbV9zZXQtMTYtcHJpY2VfcGVyX3VuaXQiOiIiLCJxdW90ZWRpdGVtX3NldC0xMC1wcmljZV9wZXJfdW5pdCI6IjEwMDAwIiwicXVvdGVkaXRlbV9zZXQtMS10eXBlIjoiMSIsInF1b3RlZGl0ZW1fc2V0LTgtcHJpY2VfcGVyX3VuaXQiOiI4MDAiLCJxdW90ZWRpdGVtX3NldC0xMi1pZCI6IiIsInF1b3RlZGl0ZW1fc2V0LTE4LXF1b3RlZF9vcmRlciI6IiIsInF1b3RlZGl0ZW1fc2V0LTEwLXF0eSI6IjEiLCJxdW90ZWRpdGVtX3NldC0xNC1xdW90ZWRfb3JkZXIiOiIiLCJidXllcl90ZXh0IjoiIiwicXVvdGVkaXRlbV9zZXQtMTItcHJpY2VfcGVyX3VuaXQiOiIiLCJxdW90ZWRpdGVtX3NldC0xMy1xdW90ZWRfb3JkZXIiOiIiLCJxdW90ZWRpdGVtX3NldC0xNi10eXBlIjoiIiwicXVvdGVkaXRlbV9zZXQtMTAtc3ViX2NhdGVnb3J5IjoiMTI0IiwicXVvdGVkaXRlbV9zZXQtNy1xdW90ZWRfb3JkZXIiOiIiLCJxdW90ZWRpdGVtX3NldC0zLXF1b3RlZF9vcmRlciI6IiIsInF1b3RlZGl0ZW1fc2V0LV9fcHJlZml4X18tcXR5IjoiIiwicXVvdGVkaXRlbV9zZXQtMTEtdHlwZSI6IiIsInF1b3RlZGl0ZW1fc2V0LTEyLXF0eSI6IiIsInF1b3RlZGl0ZW1fc2V0LTE1LXByaWNlX3Blcl91bml0IjoiIiwiX3NhdmUiOiIiLCJxdW90ZWRpdGVtX3NldC0yLXF1b3RlZF9vcmRlciI6IiIsInF1b3RlZGl0ZW1fc2V0LTE0LXR5cGUiOiIiLCJxdW90ZWRpdGVtX3NldC05LXN1Yl9jYXRlZ29yeSI6IjEyMSIsInF1b3RlZGl0ZW1fc2V0LTQtc3ViX2NhdGVnb3J5IjoiMjExIiwicXVvdGVkaXRlbV9zZXQtMi1wYXJlbnRfY2F0ZWdvcnkiOiI5IiwicXVvdGVkaXRlbV9zZXQtMy1xdHkiOiIxIiwicXVvdGVkaXRlbV9zZXQtMTgtdHlwZSI6IiIsInF1b3RlZGl0ZW1fc2V0LTEzLXByaWNlX3Blcl91bml0IjoiIiwicXVvdGVkaXRlbV9zZXQtNC1wYXJlbnRfY2F0ZWdvcnkiOiI5IiwicXVvdGVkaXRlbV9zZXQtMTUtcXVvdGVkX29yZGVyIjoiIiwicXVvdGVkaXRlbV9zZXQtMTctcXVvdGVkX29yZGVyIjoiIiwicXVvdGVkaXRlbV9zZXQtNS1zdWJfY2F0ZWdvcnkiOiIyMTIiLCJxdW90ZWRpdGVtX3NldC0yLXF0eSI6IjEiLCJxdW90ZWRpdGVtX3NldC0xOC1pZCI6IiIsInF1b3RlZGl0ZW1fc2V0LU1JTl9OVU1fRk9STVMiOiIwIiwicXVvdGVkaXRlbV9zZXQtMTMtcXR5IjoiIiwicXVvdGVkaXRlbV9zZXQtNi1zdWJfY2F0ZWdvcnkiOiIyMTMiLCJxdW90ZWRpdGVtX3NldC0wLXR5cGUiOiIxIiwicXVvdGVkaXRlbV9zZXQtMTEtcHJpY2VfcGVyX3VuaXQiOiIiLCJxdW90ZWRpdGVtX3NldC0wLXBhcmVudF9jYXRlZ29yeSI6IjEwIiwicXVvdGVkaXRlbV9zZXQtOC10eXBlIjoiMSIsInF1b3RlZGl0ZW1fc2V0LTYtcHJpY2VfcGVyX3VuaXQiOiIxNTAwIiwicXVvdGVkaXRlbV9zZXQtNy1wYXJlbnRfY2F0ZWdvcnkiOiI5IiwicmVmZXJlbmNlX2RhdGUiOiIyMDE0LTEyLTA0IiwicXVvdGVkaXRlbV9zZXQtOS1wcmljZV9wZXJfdW5pdCI6IjgwMDAiLCJxdW90ZWRpdGVtX3NldC0xLWl0ZW0iOiI0NjYiLCJxdW90ZWRpdGVtX3NldC0yLXR5cGUiOiIxIiwicXVvdGVkaXRlbV9zZXQtMTUtdHlwZSI6IiIsInF1b3RlZGl0ZW1fc2V0LTE5LWlkIjoiIiwicXVvdGVkaXRlbV9zZXQtMTQtcHJpY2VfcGVyX3VuaXQiOiIiLCJxdW90ZWRpdGVtX3NldC04LXBhcmVudF9jYXRlZ29yeSI6IjEyIiwidG90YWxfZGlzY291bnQiOiIwIiwicXVvdGVkaXRlbV9zZXQtMTgtcHJpY2VfcGVyX3VuaXQiOiIiLCJjc3JmbWlkZGxld2FyZXRva2VuIjoialo3OVRucVRkNkRnbW1vaWJ2RXB4VmFYc3JVVzBSUWoiLCJxdW90ZWRpdGVtX3NldC0yLXN1Yl9jYXRlZ29yeSI6IjIwOSIsInF1b3RlZGl0ZW1fc2V0LTE2LWlkIjoiIiwicXVvdGVkaXRlbV9zZXQtMTMtdHlwZSI6IiIsInF1b3RlZGl0ZW1fc2V0LTUtaXRlbSI6IjU5MiIsInF1b3RlZGl0ZW1fc2V0LTE3LXR5cGUiOiIiLCJxdW90ZWRpdGVtX3NldC0xMi1xdW90ZWRfb3JkZXIiOiIiLCJxdW90ZWRpdGVtX3NldC0xNy1xdHkiOiIiLCJxdW90ZWRpdGVtX3NldC0zLXByaWNlX3Blcl91bml0IjoiMTUwMCIsInF1b3RlZGl0ZW1fc2V0LTEtcXVvdGVkX29yZGVyIjoiIiwicXVvdGVkaXRlbV9zZXQtMTMtaWQiOiIiLCJxdW90ZWRpdGVtX3NldC0xNC1xdHkiOiIiLCJxdW90ZWRpdGVtX3NldC03LWl0ZW0iOiI1ODkiLCJxdW90ZWRpdGVtX3NldC0xNy1wcmljZV9wZXJfdW5pdCI6IiIsInF1b3RlZGl0ZW1fc2V0LVRPVEFMX0ZPUk1TIjoiMjAifSwicHVyY2hhc2Vfb3JkZXJfaWQiOjksIl9hdXRoX3VzZXJfYmFja2VuZCI6ImRqYW5nby5jb250cmliLmF1dGguYmFja2VuZHMuTW9kZWxCYWNrZW5kIiwiX2F1dGhfdXNlcl9oYXNoIjoiOWZkNTYwN2VkYjY1NjNjMmJlMTM1MDZkYTk1ZTMyOGRiZWE1OGIxYiJ9', '2015-01-06 07:32:32'),
('mn8pk8dphxclqglm7tx4jie7rusb60lo', 'MzZjMjIwMTgwNDNiOGJlMTY0MmNjOGIxYjAxZTVmZTgzOWFhYTBkMjp7Im9sZF9wb3N0Ijp7InB1cmNoYXNlZGl0ZW1fc2V0LTgtaWQiOiIiLCJwdXJjaGFzZWRpdGVtX3NldC04LXByaWNlX3Blcl91bml0IjoiIiwicHVyY2hhc2VkaXRlbV9zZXQtMjctcHJpY2VfcGVyX3VuaXQiOiIiLCJwdXJjaGFzZWRpdGVtX3NldC0xLXR5cGUiOiIxIiwicHVyY2hhc2VkaXRlbV9zZXQtNC1xdHkiOiIiLCJwdXJjaGFzZWRpdGVtX3NldC00LXB1cmNoYXNlX29yZGVyIjoiIiwicHVyY2hhc2VkaXRlbV9zZXQtMTItcHJpY2VfcGVyX3VuaXQiOiIiLCJwdXJjaGFzZWRpdGVtX3NldC0xMy1wcmljZV9wZXJfdW5pdCI6IiIsInB1cmNoYXNlZGl0ZW1fc2V0LTIzLXR5cGUiOiIiLCJwdXJjaGFzZWRpdGVtX3NldC00LWlkIjoiIiwicHVyY2hhc2VkaXRlbV9zZXQtNy1pZCI6IiIsInB1cmNoYXNlZGl0ZW1fc2V0LV9fcHJlZml4X18tcHJpY2VfcGVyX3VuaXQiOiIiLCJwdXJjaGFzZWRpdGVtX3NldC0xNC1pZCI6IiIsInB1cmNoYXNlZGl0ZW1fc2V0LTEtcGFyZW50X2NhdGVnb3J5IjoiMTI5IiwicHVyY2hhc2VkaXRlbV9zZXQtMS1wcmljZV9wZXJfdW5pdCI6IjE1MDAwIiwib3JnYW5pc2F0aW9uIjoiMSIsInB1cmNoYXNlZGl0ZW1fc2V0LTI3LXR5cGUiOiIiLCJwdXJjaGFzZWRpdGVtX3NldC0wLXF0eSI6IjEiLCJwdXJjaGFzZWRpdGVtX3NldC0xNS1wcmljZV9wZXJfdW5pdCI6IiIsInB1cmNoYXNlZGl0ZW1fc2V0LTE2LXByaWNlX3Blcl91bml0IjoiIiwicHVyY2hhc2VkaXRlbV9zZXQtX19wcmVmaXhfXy1xdHkiOiIiLCJwdXJjaGFzZWRpdGVtX3NldC0zLXR5cGUiOiIiLCJwdXJjaGFzZWRpdGVtX3NldC0yMS1pZCI6IiIsInB1cmNoYXNlZGl0ZW1fc2V0LTExLXB1cmNoYXNlX29yZGVyIjoiIiwidHlwZV9vZl9zZXJ2aWNlIjoiMiIsInB1cmNoYXNlZGl0ZW1fc2V0LTE5LXF0eSI6IiIsInB1cmNoYXNlZGl0ZW1fc2V0LTUtcHJpY2VfcGVyX3VuaXQiOiIiLCJwdXJjaGFzZWRpdGVtX3NldC0xNC1xdHkiOiIiLCJwdXJjaGFzZWRpdGVtX3NldC0yNS1wcmljZV9wZXJfdW5pdCI6IiIsInB1cmNoYXNlZGl0ZW1fc2V0LTE1LXF0eSI6IiIsImJ1eWVyIjoiNjA0IiwicHVyY2hhc2VkaXRlbV9zZXQtMTctcHJpY2VfcGVyX3VuaXQiOiIiLCJwdXJjaGFzZWRpdGVtX3NldC0xMC1wcmljZV9wZXJfdW5pdCI6IiIsInB1cmNoYXNlZGl0ZW1fc2V0LTEtc3ViX2NhdGVnb3J5IjoiMzY1IiwicHVyY2hhc2VkaXRlbV9zZXQtMTctaWQiOiIiLCJwdXJjaGFzZWRpdGVtX3NldC0yOC10eXBlIjoiIiwicHVyY2hhc2VkaXRlbV9zZXQtMTctcXR5IjoiIiwiY2hlcXVlX2RkX251bWJlciI6IjAwNjQ5OCIsInB1cmNoYXNlZGl0ZW1fc2V0LTIyLXR5cGUiOiIiLCJwdXJjaGFzZWRpdGVtX3NldC0xMC1wdXJjaGFzZV9vcmRlciI6IiIsInB1cmNoYXNlZGl0ZW1fc2V0LTI2LXR5cGUiOiIiLCJwdXJjaGFzZWRpdGVtX3NldC0yNy1xdHkiOiIiLCJwdXJjaGFzZWRpdGVtX3NldC0zLXByaWNlX3Blcl91bml0IjoiIiwicHVyY2hhc2VkaXRlbV9zZXQtMjQtcHJpY2VfcGVyX3VuaXQiOiIiLCJwdXJjaGFzZWRpdGVtX3NldC1NSU5fTlVNX0ZPUk1TIjoiMCIsInB1cmNoYXNlZGl0ZW1fc2V0LTEtaWQiOiIiLCJwdXJjaGFzZWRpdGVtX3NldC0xOC1pZCI6IiIsInJlZmVyZW5jZSI6IjMyMjMgKFAuQmlsbC0xODIpIiwibW9kZV9vZl9wYXltZW50IjoiMyIsInB1cmNoYXNlZGl0ZW1fc2V0LTE1LXB1cmNoYXNlX29yZGVyIjoiIiwicHVyY2hhc2VkaXRlbV9zZXQtMjAtcXR5IjoiIiwicHVyY2hhc2VkaXRlbV9zZXQtX19wcmVmaXhfXy10eXBlIjoiIiwicHVyY2hhc2VkaXRlbV9zZXQtMTItdHlwZSI6IiIsInB1cmNoYXNlZGl0ZW1fc2V0LTExLWlkIjoiIiwicHVyY2hhc2VkaXRlbV9zZXQtMjUtcXR5IjoiIiwicHVyY2hhc2VkaXRlbV9zZXQtMS1pdGVtIjoiOTY0IiwicHVyY2hhc2VkaXRlbV9zZXQtMjItcXR5IjoiIiwicHVyY2hhc2VkaXRlbV9zZXQtOS1xdHkiOiIiLCJwdXJjaGFzZWRpdGVtX3NldC0xMy10eXBlIjoiIiwicHVyY2hhc2VkaXRlbV9zZXQtMTQtcHVyY2hhc2Vfb3JkZXIiOiIiLCJwdXJjaGFzZWRpdGVtX3NldC0yMi1wcmljZV9wZXJfdW5pdCI6IiIsInB1cmNoYXNlZGl0ZW1fc2V0LTAtcHVyY2hhc2Vfb3JkZXIiOiIiLCJwdXJjaGFzZWRpdGVtX3NldC05LWlkIjoiIiwicHVyY2hhc2VkaXRlbV9zZXQtMi1wdXJjaGFzZV9vcmRlciI6IiIsInB1cmNoYXNlZGl0ZW1fc2V0LTIwLXR5cGUiOiIiLCJwdXJjaGFzZWRpdGVtX3NldC0yOS10eXBlIjoiIiwicHVyY2hhc2VkaXRlbV9zZXQtMi1xdHkiOiIiLCJwdXJjaGFzZWRpdGVtX3NldC0yOS1xdHkiOiIiLCJwdXJjaGFzZWRpdGVtX3NldC03LXB1cmNoYXNlX29yZGVyIjoiIiwicHVyY2hhc2VkaXRlbV9zZXQtMjAtaWQiOiIiLCJwdXJjaGFzZWRpdGVtX3NldC04LXR5cGUiOiIiLCJwdXJjaGFzZWRpdGVtX3NldC0xMC10eXBlIjoiIiwicHVyY2hhc2VkaXRlbV9zZXQtMjYtcHVyY2hhc2Vfb3JkZXIiOiIiLCJ0ZHMiOiIwIiwicHVyY2hhc2VkaXRlbV9zZXQtMjktcHVyY2hhc2Vfb3JkZXIiOiIiLCJwdXJjaGFzZWRpdGVtX3NldC0yLXR5cGUiOiIiLCJkZWxpdmVyeV9hZGRyZXNzIjoiRGhhbmd1IFJvYWQsIFBhdGhhbmtvdCIsInB1cmNoYXNlZGl0ZW1fc2V0LTE2LWlkIjoiIiwicHVyY2hhc2VkaXRlbV9zZXQtMy1pZCI6IiIsImNoZXF1ZV9kZF9kYXRlIjoiMjAxNC0xMi0yOSIsInB1cmNoYXNlZGl0ZW1fc2V0LTIzLXByaWNlX3Blcl91bml0IjoiIiwicHVyY2hhc2VkaXRlbV9zZXQtMi1pZCI6IiIsInB1cmNoYXNlZGl0ZW1fc2V0LTE0LXByaWNlX3Blcl91bml0IjoiIiwicHVyY2hhc2VkaXRlbV9zZXQtOS1wdXJjaGFzZV9vcmRlciI6IiIsInB1cmNoYXNlZGl0ZW1fc2V0LTE5LXByaWNlX3Blcl91bml0IjoiIiwicHVyY2hhc2VkaXRlbV9zZXQtNS10eXBlIjoiIiwicHVyY2hhc2VkaXRlbV9zZXQtNS1pZCI6IiIsInB1cmNoYXNlZGl0ZW1fc2V0LTI4LXB1cmNoYXNlX29yZGVyIjoiIiwicHVyY2hhc2VkaXRlbV9zZXQtOC1xdHkiOiIiLCJwdXJjaGFzZWRpdGVtX3NldC0yOC1wcmljZV9wZXJfdW5pdCI6IiIsInB1cmNoYXNlZGl0ZW1fc2V0LTI4LXF0eSI6IiIsInB1cmNoYXNlZGl0ZW1fc2V0LVRPVEFMX0ZPUk1TIjoiMzAiLCJwdXJjaGFzZWRpdGVtX3NldC0yMS1xdHkiOiIiLCJwdXJjaGFzZWRpdGVtX3NldC1JTklUSUFMX0ZPUk1TIjoiMCIsInB1cmNoYXNlZGl0ZW1fc2V0LTIwLXByaWNlX3Blcl91bml0IjoiIiwicHVyY2hhc2VkaXRlbV9zZXQtMjQtaWQiOiIiLCJwdXJjaGFzZWRpdGVtX3NldC00LXByaWNlX3Blcl91bml0IjoiIiwicHVyY2hhc2VkaXRlbV9zZXQtMi1wcmljZV9wZXJfdW5pdCI6IiIsInB1cmNoYXNlZGl0ZW1fc2V0LTIzLWlkIjoiIiwicHVyY2hhc2VkaXRlbV9zZXQtMTYtcHVyY2hhc2Vfb3JkZXIiOiIiLCJwdXJjaGFzZWRpdGVtX3NldC0xNy10eXBlIjoiIiwicHVyY2hhc2VkaXRlbV9zZXQtMTktcHVyY2hhc2Vfb3JkZXIiOiIiLCJidXllcl90ZXh0IjoiIiwicHVyY2hhc2VkaXRlbV9zZXQtNS1wdXJjaGFzZV9vcmRlciI6IiIsInB1cmNoYXNlZGl0ZW1fc2V0LTEzLWlkIjoiIiwicHVyY2hhc2VkaXRlbV9zZXQtMTctcHVyY2hhc2Vfb3JkZXIiOiIiLCJwdXJjaGFzZWRpdGVtX3NldC0xLXB1cmNoYXNlX29yZGVyIjoiIiwicHVyY2hhc2VkaXRlbV9zZXQtMjItaWQiOiIiLCJwdXJjaGFzZWRpdGVtX3NldC1fX3ByZWZpeF9fLWlkIjoiIiwicHVyY2hhc2VkaXRlbV9zZXQtMC1wYXJlbnRfY2F0ZWdvcnkiOiI5IiwicHVyY2hhc2VkaXRlbV9zZXQtOS1wcmljZV9wZXJfdW5pdCI6IiIsInB1cmNoYXNlZGl0ZW1fc2V0LTUtcXR5IjoiIiwiX3NhdmUiOiIiLCJwdXJjaGFzZWRpdGVtX3NldC0yNS1wdXJjaGFzZV9vcmRlciI6IiIsInB1cmNoYXNlZGl0ZW1fc2V0LTI2LXByaWNlX3Blcl91bml0IjoiIiwicHVyY2hhc2VkaXRlbV9zZXQtMC10eXBlIjoiMSIsInB1cmNoYXNlZGl0ZW1fc2V0LTI5LWlkIjoiIiwicHVyY2hhc2VkaXRlbV9zZXQtMjQtcHVyY2hhc2Vfb3JkZXIiOiIiLCJwdXJjaGFzZWRpdGVtX3NldC0yNS10eXBlIjoiIiwicHVyY2hhc2VkaXRlbV9zZXQtMTItcXR5IjoiIiwicHVyY2hhc2VkaXRlbV9zZXQtMS1xdHkiOiIxIiwicHVyY2hhc2VkaXRlbV9zZXQtMTktaWQiOiIiLCJwdXJjaGFzZWRpdGVtX3NldC0xMi1wdXJjaGFzZV9vcmRlciI6IiIsInB1cmNoYXNlZGl0ZW1fc2V0LTIxLXB1cmNoYXNlX29yZGVyIjoiIiwicHVyY2hhc2VkaXRlbV9zZXQtMTAtcXR5IjoiIiwicHVyY2hhc2VkaXRlbV9zZXQtNy1xdHkiOiIiLCJwdXJjaGFzZWRpdGVtX3NldC0yMS1wcmljZV9wZXJfdW5pdCI6IiIsInB1cmNoYXNlZGl0ZW1fc2V0LTE0LXR5cGUiOiIiLCJwdXJjaGFzZWRpdGVtX3NldC0xOS10eXBlIjoiIiwicHVyY2hhc2VkaXRlbV9zZXQtOS10eXBlIjoiIiwicHVyY2hhc2VkaXRlbV9zZXQtMTEtdHlwZSI6IiIsInB1cmNoYXNlZGl0ZW1fc2V0LTAtaXRlbSI6IjM0NCIsInB1cmNoYXNlZGl0ZW1fc2V0LTYtcHVyY2hhc2Vfb3JkZXIiOiIiLCJwdXJjaGFzZWRpdGVtX3NldC03LXByaWNlX3Blcl91bml0IjoiIiwicHVyY2hhc2VkaXRlbV9zZXQtMTMtcXR5IjoiIiwicHVyY2hhc2VkaXRlbV9zZXQtMTgtcHVyY2hhc2Vfb3JkZXIiOiIiLCJwdXJjaGFzZWRpdGVtX3NldC00LXR5cGUiOiIiLCJwdXJjaGFzZWRpdGVtX3NldC0yMy1xdHkiOiIiLCJwdXJjaGFzZWRpdGVtX3NldC0xNi1xdHkiOiIiLCJyZWZlcmVuY2VfZGF0ZSI6IjIwMTQtMTItMjkiLCJwdXJjaGFzZWRpdGVtX3NldC0xNi10eXBlIjoiIiwicHVyY2hhc2VkaXRlbV9zZXQtMjctaWQiOiIiLCJwdXJjaGFzZWRpdGVtX3NldC02LXR5cGUiOiIiLCJwdXJjaGFzZWRpdGVtX3NldC0yMC1wdXJjaGFzZV9vcmRlciI6IiIsInB1cmNoYXNlZGl0ZW1fc2V0LTMtcHVyY2hhc2Vfb3JkZXIiOiIiLCJwdXJjaGFzZWRpdGVtX3NldC0yNi1xdHkiOiIiLCJwdXJjaGFzZWRpdGVtX3NldC02LWlkIjoiIiwicHVyY2hhc2VkaXRlbV9zZXQtMTgtcXR5IjoiIiwicHVyY2hhc2VkaXRlbV9zZXQtNi1wcmljZV9wZXJfdW5pdCI6IiIsInB1cmNoYXNlZGl0ZW1fc2V0LTIyLXB1cmNoYXNlX29yZGVyIjoiIiwicHVyY2hhc2VkaXRlbV9zZXQtMy1xdHkiOiIiLCJwdXJjaGFzZWRpdGVtX3NldC03LXR5cGUiOiIiLCJ0b3RhbF9kaXNjb3VudCI6IjAiLCJjc3JmbWlkZGxld2FyZXRva2VuIjoiZ0NsWDR3ZW95UXFmaXhKS2tURlVmUjdzRDJvdmZ3c2YiLCJwdXJjaGFzZWRpdGVtX3NldC0xMS1wcmljZV9wZXJfdW5pdCI6IiIsInB1cmNoYXNlZGl0ZW1fc2V0LTE4LXByaWNlX3Blcl91bml0IjoiIiwicHVyY2hhc2VkaXRlbV9zZXQtTUFYX05VTV9GT1JNUyI6IjEwMDAiLCJwdXJjaGFzZWRpdGVtX3NldC0xOC10eXBlIjoiIiwicHVyY2hhc2VkaXRlbV9zZXQtOC1wdXJjaGFzZV9vcmRlciI6IiIsInB1cmNoYXNlZGl0ZW1fc2V0LTAtaWQiOiIiLCJwdXJjaGFzZWRpdGVtX3NldC0xNS10eXBlIjoiIiwicHVyY2hhc2VkaXRlbV9zZXQtMjgtaWQiOiIiLCJwdXJjaGFzZWRpdGVtX3NldC0yMS10eXBlIjoiIiwicHVyY2hhc2VkaXRlbV9zZXQtMTAtaWQiOiIiLCJwdXJjaGFzZWRpdGVtX3NldC0yNy1wdXJjaGFzZV9vcmRlciI6IiIsInB1cmNoYXNlZGl0ZW1fc2V0LTIzLXB1cmNoYXNlX29yZGVyIjoiIiwicHVyY2hhc2VkaXRlbV9zZXQtMC1zdWJfY2F0ZWdvcnkiOiIxMjQiLCJwdXJjaGFzZWRpdGVtX3NldC02LXF0eSI6IiIsInB1cmNoYXNlZGl0ZW1fc2V0LTEyLWlkIjoiIiwicHVyY2hhc2VkaXRlbV9zZXQtMjQtcXR5IjoiIiwicHVyY2hhc2VkaXRlbV9zZXQtMjYtaWQiOiIiLCJwdXJjaGFzZWRpdGVtX3NldC0wLXByaWNlX3Blcl91bml0IjoiMTAwMDAiLCJwdXJjaGFzZWRpdGVtX3NldC0yNS1pZCI6IiIsInB1cmNoYXNlZGl0ZW1fc2V0LV9fcHJlZml4X18tcHVyY2hhc2Vfb3JkZXIiOiIiLCJwdXJjaGFzZWRpdGVtX3NldC0xNS1pZCI6IiIsInB1cmNoYXNlZGl0ZW1fc2V0LTExLXF0eSI6IiIsInB1cmNoYXNlZGl0ZW1fc2V0LTEzLXB1cmNoYXNlX29yZGVyIjoiIiwicHVyY2hhc2VkaXRlbV9zZXQtMjQtdHlwZSI6IiIsInB1cmNoYXNlZGl0ZW1fc2V0LTI5LXByaWNlX3Blcl91bml0IjoiIn0sIl9hdXRoX3VzZXJfaGFzaCI6IjlmZDU2MDdlZGI2NTYzYzJiZTEzNTA2ZGE5NWUzMjhkYmVhNThiMWIiLCJfYXV0aF91c2VyX2JhY2tlbmQiOiJkamFuZ28uY29udHJpYi5hdXRoLmJhY2tlbmRzLk1vZGVsQmFja2VuZCIsIl9hdXRoX3VzZXJfaWQiOjU5OCwicHVyY2hhc2Vfb3JkZXJfaWQiOjI0fQ==', '2015-01-13 09:17:28');
INSERT INTO `django_session` (`session_key`, `session_data`, `expire_date`) VALUES
('n5yo8fb81ybuelb8bdz5xhii5ocxndhl', 'ZDRhNTM1MTNiOWMyNWEzNDc1NDk2ODIwODVmYjMxYmU0ZDk2ZmZhNDp7Im9sZF9wb3N0Ijp7InB1cmNoYXNlZGl0ZW1fc2V0LTAtaXRlbSI6Ijg3NSIsInB1cmNoYXNlZGl0ZW1fc2V0LTYtcHVyY2hhc2Vfb3JkZXIiOiIiLCJyZWZlcmVuY2UiOiI1NTYzIGRhdGVkIDEwLjEyLjIwMTQiLCJwdXJjaGFzZWRpdGVtX3NldC1UT1RBTF9GT1JNUyI6IjEwIiwicHVyY2hhc2VkaXRlbV9zZXQtMC1xdHkiOiI3IiwicHVyY2hhc2VkaXRlbV9zZXQtSU5JVElBTF9GT1JNUyI6IjAiLCJwdXJjaGFzZWRpdGVtX3NldC00LXF0eSI6IiIsInB1cmNoYXNlZGl0ZW1fc2V0LTgtaWQiOiIiLCJwdXJjaGFzZWRpdGVtX3NldC00LXB1cmNoYXNlX29yZGVyIjoiIiwicHVyY2hhc2VkaXRlbV9zZXQtOC1xdHkiOiIiLCJ0ZHMiOiIwIiwicHVyY2hhc2VkaXRlbV9zZXQtNC1wcmljZV9wZXJfdW5pdCI6IiIsInB1cmNoYXNlZGl0ZW1fc2V0LTQtaWQiOiIiLCJwdXJjaGFzZWRpdGVtX3NldC0yLXByaWNlX3Blcl91bml0IjoiIiwicHVyY2hhc2VkaXRlbV9zZXQtNy1pZCI6IiIsInB1cmNoYXNlZGl0ZW1fc2V0LV9fcHJlZml4X18tcHJpY2VfcGVyX3VuaXQiOiIiLCJfc2F2ZSI6IiIsInB1cmNoYXNlZGl0ZW1fc2V0LTItcGFyZW50X2NhdGVnb3J5IjoiIiwicHVyY2hhc2VkaXRlbV9zZXQtNC1wYXJlbnRfY2F0ZWdvcnkiOiIiLCJwdXJjaGFzZWRpdGVtX3NldC03LXByaWNlX3Blcl91bml0IjoiIiwicHVyY2hhc2VkaXRlbV9zZXQtMS1wYXJlbnRfY2F0ZWdvcnkiOiIiLCJwdXJjaGFzZWRpdGVtX3NldC0xLXByaWNlX3Blcl91bml0IjoiIiwib3JnYW5pc2F0aW9uIjoiMSIsInB1cmNoYXNlZGl0ZW1fc2V0LTgtcHJpY2VfcGVyX3VuaXQiOiIiLCJwdXJjaGFzZWRpdGVtX3NldC03LXBhcmVudF9jYXRlZ29yeSI6IiIsInB1cmNoYXNlZGl0ZW1fc2V0LTYtcHJpY2VfcGVyX3VuaXQiOiIiLCJidXllcl90ZXh0IjoiIiwicHVyY2hhc2VkaXRlbV9zZXQtMC1wdXJjaGFzZV9vcmRlciI6IiIsInB1cmNoYXNlZGl0ZW1fc2V0LTUtcHVyY2hhc2Vfb3JkZXIiOiIiLCJ0b3RhbF9kaXNjb3VudCI6IjAiLCJwdXJjaGFzZWRpdGVtX3NldC05LWlkIjoiIiwicHVyY2hhc2VkaXRlbV9zZXQtMS1wdXJjaGFzZV9vcmRlciI6IiIsInB1cmNoYXNlZGl0ZW1fc2V0LTItcHVyY2hhc2Vfb3JkZXIiOiIiLCJjc3JmbWlkZGxld2FyZXRva2VuIjoibVFTYVJ2b1VnbnFKOEV2Wlhmd0JTWEo1Z1NLakFzQnEiLCJwdXJjaGFzZWRpdGVtX3NldC1fX3ByZWZpeF9fLWlkIjoiIiwicHVyY2hhc2VkaXRlbV9zZXQtMi1xdHkiOiIiLCJwdXJjaGFzZWRpdGVtX3NldC0wLXBhcmVudF9jYXRlZ29yeSI6IjI3IiwicHVyY2hhc2VkaXRlbV9zZXQtOS1wcmljZV9wZXJfdW5pdCI6IiIsInB1cmNoYXNlZGl0ZW1fc2V0LTUtcXR5IjoiIiwicHVyY2hhc2VkaXRlbV9zZXQtNy1wdXJjaGFzZV9vcmRlciI6IiIsIm1vZGVfb2ZfcGF5bWVudCI6IjIiLCJwdXJjaGFzZWRpdGVtX3NldC1NQVhfTlVNX0ZPUk1TIjoiMTAwMCIsInB1cmNoYXNlZGl0ZW1fc2V0LTYtcGFyZW50X2NhdGVnb3J5IjoiIiwicHVyY2hhc2VkaXRlbV9zZXQtMy1wYXJlbnRfY2F0ZWdvcnkiOiIiLCJwdXJjaGFzZWRpdGVtX3NldC01LXByaWNlX3Blcl91bml0IjoiIiwicHVyY2hhc2VkaXRlbV9zZXQtNS1wYXJlbnRfY2F0ZWdvcnkiOiIiLCJwdXJjaGFzZWRpdGVtX3NldC04LXB1cmNoYXNlX29yZGVyIjoiIiwicHVyY2hhc2VkaXRlbV9zZXQtMC1pZCI6IiIsInB1cmNoYXNlZGl0ZW1fc2V0LTMtaWQiOiIiLCJwdXJjaGFzZWRpdGVtX3NldC04LXBhcmVudF9jYXRlZ29yeSI6IiIsImJ1eWVyIjoiMzUiLCJwdXJjaGFzZWRpdGVtX3NldC0xLXF0eSI6IiIsInB1cmNoYXNlZGl0ZW1fc2V0LTktcGFyZW50X2NhdGVnb3J5IjoiIiwicHVyY2hhc2VkaXRlbV9zZXQtOS1xdHkiOiIiLCJwdXJjaGFzZWRpdGVtX3NldC0wLXN1Yl9jYXRlZ29yeSI6IjMzMyIsImRlbGl2ZXJ5X2FkZHJlc3MiOiIyMjAgS1YgTGluZSBHb2luZHdhbCBTYWhpYiB0byBCb3RpYW53YWxhIiwicHVyY2hhc2VkaXRlbV9zZXQtNi1xdHkiOiIiLCJwdXJjaGFzZWRpdGVtX3NldC0zLXB1cmNoYXNlX29yZGVyIjoiIiwicHVyY2hhc2VkaXRlbV9zZXQtNy1xdHkiOiIiLCJwdXJjaGFzZWRpdGVtX3NldC1fX3ByZWZpeF9fLXBhcmVudF9jYXRlZ29yeSI6IiIsImNoZXF1ZV9kZF9kYXRlIjoiMjAxNC0xMi0wOCIsImNoZXF1ZV9kZF9udW1iZXIiOiIzNTQzMjgiLCJwdXJjaGFzZWRpdGVtX3NldC0yLWlkIjoiIiwicHVyY2hhc2VkaXRlbV9zZXQtMC1wcmljZV9wZXJfdW5pdCI6IjYwMDAiLCJwdXJjaGFzZWRpdGVtX3NldC05LXB1cmNoYXNlX29yZGVyIjoiIiwicHVyY2hhc2VkaXRlbV9zZXQtX19wcmVmaXhfXy1wdXJjaGFzZV9vcmRlciI6IiIsInB1cmNoYXNlZGl0ZW1fc2V0LTMtcXR5IjoiIiwicHVyY2hhc2VkaXRlbV9zZXQtMy1wcmljZV9wZXJfdW5pdCI6IiIsInB1cmNoYXNlZGl0ZW1fc2V0LV9fcHJlZml4X18tcXR5IjoiIiwicHVyY2hhc2VkaXRlbV9zZXQtNS1pZCI6IiIsInB1cmNoYXNlZGl0ZW1fc2V0LTYtaWQiOiIiLCJwdXJjaGFzZWRpdGVtX3NldC1NSU5fTlVNX0ZPUk1TIjoiMCIsInB1cmNoYXNlZGl0ZW1fc2V0LTEtaWQiOiIifSwiX2F1dGhfdXNlcl9oYXNoIjoiNzcxZDRiMTkwZGY1YTQ4ZmZjODk5ZWRlOGMxNTZiNTU5NTI4NWI5NSIsIl9hdXRoX3VzZXJfYmFja2VuZCI6ImRqYW5nby5jb250cmliLmF1dGguYmFja2VuZHMuTW9kZWxCYWNrZW5kIiwiX2F1dGhfdXNlcl9pZCI6NTk3LCJwdXJjaGFzZV9vcmRlcl9pZCI6M30=', '2014-12-25 09:38:14'),
('n71hnko4fa7lsxm88sezbx1izjqzuevc', 'OWMwZDgzZDkzN2IxMWQ2OTBlZWFmNjgwNWZiNjA1ZDI1YjI2MzI0Zjp7Im9sZF9wb3N0Ijp7InB1cmNoYXNlZGl0ZW1fc2V0LTAtaXRlbSI6Ijc1NSIsInB1cmNoYXNlZGl0ZW1fc2V0LTYtcHVyY2hhc2Vfb3JkZXIiOiIiLCJyZWZlcmVuY2UiOiIzNDE0IiwicHVyY2hhc2VkaXRlbV9zZXQtVE9UQUxfRk9STVMiOiIxMCIsInB1cmNoYXNlZGl0ZW1fc2V0LTAtcXR5IjoiMiIsInB1cmNoYXNlZGl0ZW1fc2V0LUlOSVRJQUxfRk9STVMiOiIwIiwicHVyY2hhc2VkaXRlbV9zZXQtNC1xdHkiOiIiLCJwdXJjaGFzZWRpdGVtX3NldC04LWlkIjoiIiwicHVyY2hhc2VkaXRlbV9zZXQtNC1wdXJjaGFzZV9vcmRlciI6IiIsInB1cmNoYXNlZGl0ZW1fc2V0LTgtcXR5IjoiIiwiYnV5ZXIiOiIxIiwicHVyY2hhc2VkaXRlbV9zZXQtNC1wcmljZV9wZXJfdW5pdCI6IiIsInB1cmNoYXNlZGl0ZW1fc2V0LTItaWQiOiIiLCJwdXJjaGFzZWRpdGVtX3NldC00LWlkIjoiIiwicHVyY2hhc2VkaXRlbV9zZXQtMi1wcmljZV9wZXJfdW5pdCI6IjIxMDAiLCJwdXJjaGFzZWRpdGVtX3NldC03LWlkIjoiIiwicHVyY2hhc2VkaXRlbV9zZXQtX19wcmVmaXhfXy1wcmljZV9wZXJfdW5pdCI6IiIsInB1cmNoYXNlZGl0ZW1fc2V0LTEtaXRlbSI6IjY1MyIsInB1cmNoYXNlZGl0ZW1fc2V0LTItcGFyZW50X2NhdGVnb3J5IjoiMzUiLCJwdXJjaGFzZWRpdGVtX3NldC0yLWl0ZW0iOiI0NTQiLCJwdXJjaGFzZWRpdGVtX3NldC00LXBhcmVudF9jYXRlZ29yeSI6IiIsInB1cmNoYXNlZGl0ZW1fc2V0LTktcXR5IjoiIiwicHVyY2hhc2VkaXRlbV9zZXQtMS1wYXJlbnRfY2F0ZWdvcnkiOiI0NCIsInB1cmNoYXNlZGl0ZW1fc2V0LTEtcHJpY2VfcGVyX3VuaXQiOiIyMDAwIiwicHVyY2hhc2VkaXRlbV9zZXQtMi1zdWJfY2F0ZWdvcnkiOiI0OCIsInB1cmNoYXNlZGl0ZW1fc2V0LTgtcHJpY2VfcGVyX3VuaXQiOiIiLCJwdXJjaGFzZWRpdGVtX3NldC03LXBhcmVudF9jYXRlZ29yeSI6IiIsInB1cmNoYXNlZGl0ZW1fc2V0LTYtcHJpY2VfcGVyX3VuaXQiOiIiLCJidXllcl90ZXh0IjoiIiwicHVyY2hhc2VkaXRlbV9zZXQtMC1wdXJjaGFzZV9vcmRlciI6IiIsInB1cmNoYXNlZGl0ZW1fc2V0LTUtcHVyY2hhc2Vfb3JkZXIiOiIiLCJ0b3RhbF9kaXNjb3VudCI6IjAiLCJwdXJjaGFzZWRpdGVtX3NldC05LWlkIjoiIiwicHVyY2hhc2VkaXRlbV9zZXQtMS1wdXJjaGFzZV9vcmRlciI6IiIsInB1cmNoYXNlZGl0ZW1fc2V0LTItcHVyY2hhc2Vfb3JkZXIiOiIiLCJjc3JmbWlkZGxld2FyZXRva2VuIjoiZGNUc05jM05mRFBoNjhHSUZkU0xrdnVWOWFkZGN4TFIiLCJwdXJjaGFzZWRpdGVtX3NldC1fX3ByZWZpeF9fLWlkIjoiIiwicHVyY2hhc2VkaXRlbV9zZXQtMi1xdHkiOiI0IiwicHVyY2hhc2VkaXRlbV9zZXQtMC1wYXJlbnRfY2F0ZWdvcnkiOiIxMjkiLCJwdXJjaGFzZWRpdGVtX3NldC05LXByaWNlX3Blcl91bml0IjoiIiwicHVyY2hhc2VkaXRlbV9zZXQtNS1xdHkiOiIiLCJwdXJjaGFzZWRpdGVtX3NldC03LXB1cmNoYXNlX29yZGVyIjoiIiwibW9kZV9vZl9wYXltZW50IjoiMSIsInB1cmNoYXNlZGl0ZW1fc2V0LU1BWF9OVU1fRk9STVMiOiIxMDAwIiwiX3NhdmUiOiIiLCJwdXJjaGFzZWRpdGVtX3NldC0zLXBhcmVudF9jYXRlZ29yeSI6IiIsInB1cmNoYXNlZGl0ZW1fc2V0LTUtcHJpY2VfcGVyX3VuaXQiOiIiLCJwdXJjaGFzZWRpdGVtX3NldC01LXBhcmVudF9jYXRlZ29yeSI6IiIsInB1cmNoYXNlZGl0ZW1fc2V0LTgtcHVyY2hhc2Vfb3JkZXIiOiIiLCJwdXJjaGFzZWRpdGVtX3NldC0wLWlkIjoiIiwicHVyY2hhc2VkaXRlbV9zZXQtNi1pZCI6IiIsInB1cmNoYXNlZGl0ZW1fc2V0LTMtaWQiOiIiLCJwdXJjaGFzZWRpdGVtX3NldC04LXBhcmVudF9jYXRlZ29yeSI6IiIsImRhdGUiOiIyMDE0LTEyLTE4IiwicHVyY2hhc2VkaXRlbV9zZXQtMS1xdHkiOiIzIiwicHVyY2hhc2VkaXRlbV9zZXQtOS1wYXJlbnRfY2F0ZWdvcnkiOiIiLCJwdXJjaGFzZWRpdGVtX3NldC0xLXN1Yl9jYXRlZ29yeSI6IjQ2IiwicHVyY2hhc2VkaXRlbV9zZXQtMC1zdWJfY2F0ZWdvcnkiOiIyNjgiLCJkZWxpdmVyeV9hZGRyZXNzIjoiTGRoIiwicHVyY2hhc2VkaXRlbV9zZXQtNi1xdHkiOiIiLCJwdXJjaGFzZWRpdGVtX3NldC0zLXB1cmNoYXNlX29yZGVyIjoiIiwicHVyY2hhc2VkaXRlbV9zZXQtNy1wcmljZV9wZXJfdW5pdCI6IiIsInB1cmNoYXNlZGl0ZW1fc2V0LTctcXR5IjoiIiwidGRzIjoiMCIsImNoZXF1ZV9kZF9kYXRlIjoiIiwiY2hlcXVlX2RkX251bWJlciI6IiIsInB1cmNoYXNlZGl0ZW1fc2V0LTYtcGFyZW50X2NhdGVnb3J5IjoiIiwicHVyY2hhc2VkaXRlbV9zZXQtMC1wcmljZV9wZXJfdW5pdCI6IjIwMDAwIiwicHVyY2hhc2VkaXRlbV9zZXQtOS1wdXJjaGFzZV9vcmRlciI6IiIsInB1cmNoYXNlZGl0ZW1fc2V0LV9fcHJlZml4X18tcGFyZW50X2NhdGVnb3J5IjoiIiwicHVyY2hhc2VkaXRlbV9zZXQtX19wcmVmaXhfXy1wdXJjaGFzZV9vcmRlciI6IiIsInB1cmNoYXNlZGl0ZW1fc2V0LTMtcXR5IjoiIiwicHVyY2hhc2VkaXRlbV9zZXQtMy1wcmljZV9wZXJfdW5pdCI6IiIsInB1cmNoYXNlZGl0ZW1fc2V0LV9fcHJlZml4X18tcXR5IjoiIiwicHVyY2hhc2VkaXRlbV9zZXQtNS1pZCI6IiIsIm9yZ2FuaXNhdGlvbiI6IjEiLCJwdXJjaGFzZWRpdGVtX3NldC1NSU5fTlVNX0ZPUk1TIjoiMCIsInB1cmNoYXNlZGl0ZW1fc2V0LTEtaWQiOiIifSwiX2F1dGhfdXNlcl9oYXNoIjoiODI3ZGQyYWU2OTE4YzYyMTY2YzFhYzEzYjEwNDE0NzQwYjMyNDg4NSIsIl9hdXRoX3VzZXJfYmFja2VuZCI6ImRqYW5nby5jb250cmliLmF1dGguYmFja2VuZHMuTW9kZWxCYWNrZW5kIiwiX2F1dGhfdXNlcl9pZCI6NTk1LCJwdXJjaGFzZV9vcmRlcl9pZCI6MX0=', '2015-01-01 04:46:56'),
('oikx3xuaxz0kj56c2b9ndyc2536doi87', 'MDUxZmUxMTk3Nzk1NjJhNDVlMmVjODMzNTIzZjAwYTVmYWY4NDUwOTp7Il9hdXRoX3VzZXJfaGFzaCI6IjgyN2RkMmFlNjkxOGM2MjE2NmMxYWMxM2IxMDQxNDc0MGIzMjQ4ODUiLCJfYXV0aF91c2VyX2JhY2tlbmQiOiJkamFuZ28uY29udHJpYi5hdXRoLmJhY2tlbmRzLk1vZGVsQmFja2VuZCIsIl9hdXRoX3VzZXJfaWQiOjU5NX0=', '2015-01-06 11:04:20'),
('os9gya6ehoxrr2krnmhvrjj9qlia7dlb', 'NzcyNTQ0YjIzNmRkNjFmMzI0ZDk3MDRiM2M5NTMwNDIxMDZkZDEzNjp7Im9sZF9wb3N0Ijp7InB1cmNoYXNlZGl0ZW1fc2V0LTAtaXRlbSI6IjM0OSIsInB1cmNoYXNlZGl0ZW1fc2V0LTYtcHVyY2hhc2Vfb3JkZXIiOiIiLCJyZWZlcmVuY2UiOiJsZXR0ZXIgbm8uIDIzMTIiLCJwdXJjaGFzZWRpdGVtX3NldC1UT1RBTF9GT1JNUyI6IjEwIiwicHVyY2hhc2VkaXRlbV9zZXQtMC1xdHkiOiIyIiwicHVyY2hhc2VkaXRlbV9zZXQtSU5JVElBTF9GT1JNUyI6IjAiLCJwdXJjaGFzZWRpdGVtX3NldC00LXF0eSI6IiIsInB1cmNoYXNlZGl0ZW1fc2V0LTQtcHVyY2hhc2Vfb3JkZXIiOiIiLCJwdXJjaGFzZWRpdGVtX3NldC04LXF0eSI6IiIsInRkcyI6IjAiLCJwdXJjaGFzZWRpdGVtX3NldC00LWlkIjoiIiwicHVyY2hhc2VkaXRlbV9zZXQtOC1pZCI6IiIsInB1cmNoYXNlZGl0ZW1fc2V0LTctaWQiOiIiLCJfc2F2ZSI6IiIsInB1cmNoYXNlZGl0ZW1fc2V0LTItcGFyZW50X2NhdGVnb3J5IjoiIiwicHVyY2hhc2VkaXRlbV9zZXQtNC1wYXJlbnRfY2F0ZWdvcnkiOiIiLCJwdXJjaGFzZWRpdGVtX3NldC05LXF0eSI6IiIsImNoZWNrX2RkX251bWJlciI6IiIsIm9yZ2FuaXNhdGlvbiI6IjEiLCJwdXJjaGFzZWRpdGVtX3NldC03LXBhcmVudF9jYXRlZ29yeSI6IiIsImJ1eWVyX3RleHQiOiIiLCJwdXJjaGFzZWRpdGVtX3NldC0wLXB1cmNoYXNlX29yZGVyIjoiIiwicHVyY2hhc2VkaXRlbV9zZXQtNS1wdXJjaGFzZV9vcmRlciI6IiIsInRvdGFsX2Rpc2NvdW50IjoiMCIsInB1cmNoYXNlZGl0ZW1fc2V0LTktaWQiOiIiLCJwdXJjaGFzZWRpdGVtX3NldC0xLXB1cmNoYXNlX29yZGVyIjoiIiwicHVyY2hhc2VkaXRlbV9zZXQtMi1wdXJjaGFzZV9vcmRlciI6IiIsImNzcmZtaWRkbGV3YXJldG9rZW4iOiJJYWlBcGJwRHcyc0ZjUDgyWW0xTVlEbncwUUdLTk1SdiIsInB1cmNoYXNlZGl0ZW1fc2V0LTEtcGFyZW50X2NhdGVnb3J5IjoiIiwicHVyY2hhc2VkaXRlbV9zZXQtX19wcmVmaXhfXy1pZCI6IiIsInB1cmNoYXNlZGl0ZW1fc2V0LTItcXR5IjoiIiwicHVyY2hhc2VkaXRlbV9zZXQtMC1wYXJlbnRfY2F0ZWdvcnkiOiIzNSIsInB1cmNoYXNlZGl0ZW1fc2V0LTUtcXR5IjoiIiwicHVyY2hhc2VkaXRlbV9zZXQtNy1wdXJjaGFzZV9vcmRlciI6IiIsIm1vZGVfb2ZfcGF5bWVudCI6IjEiLCJwdXJjaGFzZWRpdGVtX3NldC1NQVhfTlVNX0ZPUk1TIjoiMTAwMCIsInB1cmNoYXNlZGl0ZW1fc2V0LTYtcGFyZW50X2NhdGVnb3J5IjoiIiwicHVyY2hhc2VkaXRlbV9zZXQtMy1wYXJlbnRfY2F0ZWdvcnkiOiIiLCJwdXJjaGFzZWRpdGVtX3NldC01LXBhcmVudF9jYXRlZ29yeSI6IiIsInB1cmNoYXNlZGl0ZW1fc2V0LTgtcHVyY2hhc2Vfb3JkZXIiOiIiLCJwdXJjaGFzZWRpdGVtX3NldC0wLWlkIjoiIiwicHVyY2hhc2VkaXRlbV9zZXQtMy1pZCI6IiIsInB1cmNoYXNlZGl0ZW1fc2V0LTgtcGFyZW50X2NhdGVnb3J5IjoiIiwiYnV5ZXIiOiI3NSIsInB1cmNoYXNlZGl0ZW1fc2V0LTEtcXR5IjoiIiwicHVyY2hhc2VkaXRlbV9zZXQtOS1wYXJlbnRfY2F0ZWdvcnkiOiIiLCJwdXJjaGFzZWRpdGVtX3NldC0wLXN1Yl9jYXRlZ29yeSI6IjY0IiwiZGVsaXZlcnlfYWRkcmVzcyI6IiMzMDQiLCJwdXJjaGFzZWRpdGVtX3NldC02LXF0eSI6IiIsImNoZWNrX2RkX2RhdGUiOiIiLCJwdXJjaGFzZWRpdGVtX3NldC0zLXB1cmNoYXNlX29yZGVyIjoiIiwicHVyY2hhc2VkaXRlbV9zZXQtNy1xdHkiOiIiLCJwdXJjaGFzZWRpdGVtX3NldC1fX3ByZWZpeF9fLXBhcmVudF9jYXRlZ29yeSI6IiIsInB1cmNoYXNlZGl0ZW1fc2V0LV9fcHJlZml4X18tcXR5IjoiIiwicHVyY2hhc2VkaXRlbV9zZXQtMi1pZCI6IiIsInB1cmNoYXNlZGl0ZW1fc2V0LTktcHVyY2hhc2Vfb3JkZXIiOiIiLCJwdXJjaGFzZWRpdGVtX3NldC1fX3ByZWZpeF9fLXB1cmNoYXNlX29yZGVyIjoiIiwicHVyY2hhc2VkaXRlbV9zZXQtMy1xdHkiOiIiLCJwdXJjaGFzZWRpdGVtX3NldC01LWlkIjoiIiwicHVyY2hhc2VkaXRlbV9zZXQtNi1pZCI6IiIsInB1cmNoYXNlZGl0ZW1fc2V0LU1JTl9OVU1fRk9STVMiOiIwIiwicHVyY2hhc2VkaXRlbV9zZXQtMS1pZCI6IiJ9LCJfYXV0aF91c2VyX2hhc2giOiIxMjhjYjQ4MjgyM2ZkMTE2MmFjNWI4MTgwODYzN2U1OGQyMmI0MzkzIiwiX2F1dGhfdXNlcl9pZCI6NDU4LCJfYXV0aF91c2VyX2JhY2tlbmQiOiJkamFuZ28uY29udHJpYi5hdXRoLmJhY2tlbmRzLk1vZGVsQmFja2VuZCIsInB1cmNoYXNlX29yZGVyX2lkIjoxfQ==', '2014-10-18 17:08:59'),
('oxsbuxszptunnbvvsiyzrgmgrxcvdvd7', 'YWRkZWExMDgwZGQ1ODFmNzI4ODc3ZTZlMjZjMTI3MGRkNjBhODUwOTp7Im9sZF9wb3N0Ijp7InB1cmNoYXNlZGl0ZW1fc2V0LTAtaXRlbSI6IjQ1MyIsInB1cmNoYXNlZGl0ZW1fc2V0LTYtcHVyY2hhc2Vfb3JkZXIiOiIiLCJyZWZlcmVuY2UiOiJsZXR0ZXIgbm8uIDIzMTIiLCJwdXJjaGFzZWRpdGVtX3NldC1UT1RBTF9GT1JNUyI6IjEwIiwicHVyY2hhc2VkaXRlbV9zZXQtMC1xdHkiOiIyIiwicHVyY2hhc2VkaXRlbV9zZXQtSU5JVElBTF9GT1JNUyI6IjAiLCJwdXJjaGFzZWRpdGVtX3NldC00LXF0eSI6IiIsInB1cmNoYXNlZGl0ZW1fc2V0LTQtcHVyY2hhc2Vfb3JkZXIiOiIiLCJwdXJjaGFzZWRpdGVtX3NldC04LXF0eSI6IiIsInRkcyI6IjAiLCJwdXJjaGFzZWRpdGVtX3NldC00LWlkIjoiIiwicHVyY2hhc2VkaXRlbV9zZXQtOC1pZCI6IiIsInB1cmNoYXNlZGl0ZW1fc2V0LTctaWQiOiIiLCJfc2F2ZSI6IiIsInB1cmNoYXNlZGl0ZW1fc2V0LTItcGFyZW50X2NhdGVnb3J5IjoiIiwicHVyY2hhc2VkaXRlbV9zZXQtNC1wYXJlbnRfY2F0ZWdvcnkiOiIiLCJwdXJjaGFzZWRpdGVtX3NldC05LXF0eSI6IiIsInB1cmNoYXNlZGl0ZW1fc2V0LTEtcGFyZW50X2NhdGVnb3J5IjoiIiwib3JnYW5pc2F0aW9uIjoiMSIsInB1cmNoYXNlZGl0ZW1fc2V0LTctcGFyZW50X2NhdGVnb3J5IjoiIiwiYnV5ZXJfdGV4dCI6IiIsInB1cmNoYXNlZGl0ZW1fc2V0LTAtcHVyY2hhc2Vfb3JkZXIiOiIiLCJwdXJjaGFzZWRpdGVtX3NldC01LXB1cmNoYXNlX29yZGVyIjoiIiwidG90YWxfZGlzY291bnQiOiIwIiwicHVyY2hhc2VkaXRlbV9zZXQtOS1pZCI6IiIsInB1cmNoYXNlZGl0ZW1fc2V0LTEtcHVyY2hhc2Vfb3JkZXIiOiIiLCJwdXJjaGFzZWRpdGVtX3NldC0yLXB1cmNoYXNlX29yZGVyIjoiIiwiY3NyZm1pZGRsZXdhcmV0b2tlbiI6Ik5wMDdWMkpkOWV6VEVSMzlyR2lDMXRIVDZxdG1lemZIIiwicHVyY2hhc2VkaXRlbV9zZXQtX19wcmVmaXhfXy1pZCI6IiIsInB1cmNoYXNlZGl0ZW1fc2V0LTItcXR5IjoiIiwicHVyY2hhc2VkaXRlbV9zZXQtMC1wYXJlbnRfY2F0ZWdvcnkiOiIzNiIsInB1cmNoYXNlZGl0ZW1fc2V0LTUtcXR5IjoiIiwicHVyY2hhc2VkaXRlbV9zZXQtNy1wdXJjaGFzZV9vcmRlciI6IiIsIm1vZGVfb2ZfcGF5bWVudCI6IjEiLCJwdXJjaGFzZWRpdGVtX3NldC1NQVhfTlVNX0ZPUk1TIjoiMTAwMCIsInB1cmNoYXNlZGl0ZW1fc2V0LTYtcGFyZW50X2NhdGVnb3J5IjoiIiwicHVyY2hhc2VkaXRlbV9zZXQtMy1wYXJlbnRfY2F0ZWdvcnkiOiIiLCJwdXJjaGFzZWRpdGVtX3NldC01LXBhcmVudF9jYXRlZ29yeSI6IiIsInB1cmNoYXNlZGl0ZW1fc2V0LTgtcHVyY2hhc2Vfb3JkZXIiOiIiLCJwdXJjaGFzZWRpdGVtX3NldC0wLWlkIjoiIiwicHVyY2hhc2VkaXRlbV9zZXQtMy1pZCI6IiIsInB1cmNoYXNlZGl0ZW1fc2V0LTgtcGFyZW50X2NhdGVnb3J5IjoiIiwiYnV5ZXIiOiI3NSIsInB1cmNoYXNlZGl0ZW1fc2V0LTEtcXR5IjoiIiwicHVyY2hhc2VkaXRlbV9zZXQtOS1wYXJlbnRfY2F0ZWdvcnkiOiIiLCJwdXJjaGFzZWRpdGVtX3NldC0wLXN1Yl9jYXRlZ29yeSI6IjQ3IiwiZGVsaXZlcnlfYWRkcmVzcyI6IiIsInB1cmNoYXNlZGl0ZW1fc2V0LTYtcXR5IjoiIiwicHVyY2hhc2VkaXRlbV9zZXQtMy1wdXJjaGFzZV9vcmRlciI6IiIsInB1cmNoYXNlZGl0ZW1fc2V0LTctcXR5IjoiIiwicHVyY2hhc2VkaXRlbV9zZXQtX19wcmVmaXhfXy1wYXJlbnRfY2F0ZWdvcnkiOiIiLCJjaGVxdWVfZGRfZGF0ZSI6IiIsImNoZXF1ZV9kZF9udW1iZXIiOiIiLCJwdXJjaGFzZWRpdGVtX3NldC0yLWlkIjoiIiwicHVyY2hhc2VkaXRlbV9zZXQtOS1wdXJjaGFzZV9vcmRlciI6IiIsInB1cmNoYXNlZGl0ZW1fc2V0LV9fcHJlZml4X18tcHVyY2hhc2Vfb3JkZXIiOiIiLCJwdXJjaGFzZWRpdGVtX3NldC0zLXF0eSI6IiIsInB1cmNoYXNlZGl0ZW1fc2V0LV9fcHJlZml4X18tcXR5IjoiIiwicHVyY2hhc2VkaXRlbV9zZXQtNS1pZCI6IiIsInB1cmNoYXNlZGl0ZW1fc2V0LTYtaWQiOiIiLCJwdXJjaGFzZWRpdGVtX3NldC1NSU5fTlVNX0ZPUk1TIjoiMCIsInB1cmNoYXNlZGl0ZW1fc2V0LTEtaWQiOiIifSwiX2F1dGhfdXNlcl9oYXNoIjoiMTI4Y2I0ODI4MjNmZDExNjJhYzViODE4MDg2MzdlNThkMjJiNDM5MyIsIl9hdXRoX3VzZXJfYmFja2VuZCI6ImRqYW5nby5jb250cmliLmF1dGguYmFja2VuZHMuTW9kZWxCYWNrZW5kIiwiX2F1dGhfdXNlcl9pZCI6NDU4LCJwdXJjaGFzZV9vcmRlcl9pZCI6Nn0=', '2014-10-19 11:20:32'),
('ptiu3niz6xp3drzqnz3p66hbemmkn13y', 'ZjljOThkNjIxODNmZjhkOThmZGNjN2U3MDFjZTgyY2ZmNjI3NmQ3Njp7Il9hdXRoX3VzZXJfaGFzaCI6IjEyOGNiNDgyODIzZmQxMTYyYWM1YjgxODA4NjM3ZTU4ZDIyYjQzOTMiLCJfYXV0aF91c2VyX2JhY2tlbmQiOiJkamFuZ28uY29udHJpYi5hdXRoLmJhY2tlbmRzLk1vZGVsQmFja2VuZCIsIl9hdXRoX3VzZXJfaWQiOjQ1OH0=', '2014-10-22 08:31:00'),
('py3ttjz6n4xc251cminfx2mr3avggurf', 'YTBmMDE0MTkzODNmOWU2ODc3MDJiMzE3NDg5Y2RhMDhjMWZhNGY3Mzp7Im9sZF9wb3N0Ijp7ImRlbGl2ZXJ5X2FkZHJlc3MiOiJMdWRoaWFuYSIsIl9zYXZlIjoiIiwicmVmZXJlbmNlIjoiTGV0dGVyIDIwNTYiLCJidXllciI6IjEiLCJidXllcl90ZXh0IjoiIiwiaXRlbV90eXBlIjoiY3ViZXMiLCJyZWZlcmVuY2VfZGF0ZSI6IjIwMTUtMDEtMDUiLCJjc3JmbWlkZGxld2FyZXRva2VuIjoia0pENm1FVTc5Q1dZQ014Z1RtTVZWeEpCejN0RXI3NWoifSwiX2F1dGhfdXNlcl9oYXNoIjoiODI3ZGQyYWU2OTE4YzYyMTY2YzFhYzEzYjEwNDE0NzQwYjMyNDg4NSIsIl9hdXRoX3VzZXJfYmFja2VuZCI6ImRqYW5nby5jb250cmliLmF1dGguYmFja2VuZHMuTW9kZWxCYWNrZW5kIiwiX2F1dGhfdXNlcl9pZCI6NTk1LCJub25wYXltZW50b3JkZXJfaWQiOjEwfQ==', '2015-01-19 04:48:06'),
('q014dgi8epy5eyg9j8cebdq7h44gypml', 'YjQ5OWRjZDEyNjJhZTI1ZDVlNGFjZDA0MWU1MmIyYTIxN2YyOGU0OTp7Il9hdXRoX3VzZXJfaGFzaCI6IjRiOWE0MmNjMWQxZjIzOWQwYTQwZGY3MjI5YzljNGM4ODNiZGM0NjQiLCJfYXV0aF91c2VyX2JhY2tlbmQiOiJkamFuZ28uY29udHJpYi5hdXRoLmJhY2tlbmRzLk1vZGVsQmFja2VuZCIsIl9hdXRoX3VzZXJfaWQiOjJ9', '2014-09-24 10:16:55'),
('q29c6xtzjsjmxk8alfaxxwp1hg2sg16u', 'ZjljOThkNjIxODNmZjhkOThmZGNjN2U3MDFjZTgyY2ZmNjI3NmQ3Njp7Il9hdXRoX3VzZXJfaGFzaCI6IjEyOGNiNDgyODIzZmQxMTYyYWM1YjgxODA4NjM3ZTU4ZDIyYjQzOTMiLCJfYXV0aF91c2VyX2JhY2tlbmQiOiJkamFuZ28uY29udHJpYi5hdXRoLmJhY2tlbmRzLk1vZGVsQmFja2VuZCIsIl9hdXRoX3VzZXJfaWQiOjQ1OH0=', '2014-10-24 04:01:16'),
('q6m9d3ayzudr19ur0wf04tv6jzocw94x', 'NzM3OTk4ZjMwZTIyY2EzOGExYTVlYzJjNzgyZWMzZDYzYzQ3YmVjNTp7fQ==', '2014-10-23 09:06:21'),
('qknvn52uj3livbmd5u42c0s9oc1v5r26', 'NGNiOTJlYTY2ZmFkNDM3ZTJiNmQ1YjRhNjM0YzQ0YjM3NGMxMmU2Njp7InF1b3RlZF9vcmRlcl9pZCI6NywiX2F1dGhfdXNlcl9pZCI6NTk4LCJub25wYXltZW50b3JkZXJfaWQiOjksIm9sZF9wb3N0Ijp7ImRlbGl2ZXJ5X2FkZHJlc3MiOiJTdWdhciBNaWxsLCBOYXdhbnNoYWhyIiwiX3NhdmUiOiIiLCJyZWZlcmVuY2UiOiJOUFBMLyIsIml0ZW1fdHlwZSI6IlN0cnVjdHVyZSBEZXNpZ24iLCJidXllcl90ZXh0IjoiIiwicmVmZXJlbmNlX2RhdGUiOiIyMDE1LTAxLTAyIiwiYnV5ZXIiOiI2MTgiLCJjc3JmbWlkZGxld2FyZXRva2VuIjoiYmNiS3Jiczh2QlJDMWJ1YnQ0RHBDRHpyM0dYVDcyWEQifSwicHVyY2hhc2Vfb3JkZXJfaWQiOjMyLCJfYXV0aF91c2VyX2JhY2tlbmQiOiJkamFuZ28uY29udHJpYi5hdXRoLmJhY2tlbmRzLk1vZGVsQmFja2VuZCIsIl9hdXRoX3VzZXJfaGFzaCI6IjlmZDU2MDdlZGI2NTYzYzJiZTEzNTA2ZGE5NWUzMjhkYmVhNThiMWIifQ==', '2015-01-19 04:21:06'),
('qtaeiy38tb15kcah9v8losijsdex812k', 'MDUxZmUxMTk3Nzk1NjJhNDVlMmVjODMzNTIzZjAwYTVmYWY4NDUwOTp7Il9hdXRoX3VzZXJfaGFzaCI6IjgyN2RkMmFlNjkxOGM2MjE2NmMxYWMxM2IxMDQxNDc0MGIzMjQ4ODUiLCJfYXV0aF91c2VyX2JhY2tlbmQiOiJkamFuZ28uY29udHJpYi5hdXRoLmJhY2tlbmRzLk1vZGVsQmFja2VuZCIsIl9hdXRoX3VzZXJfaWQiOjU5NX0=', '2015-01-19 10:50:04'),
('r1yjby73jfrrf4tj603n6unc9o7fhoig', 'NzM3OTk4ZjMwZTIyY2EzOGExYTVlYzJjNzgyZWMzZDYzYzQ3YmVjNTp7fQ==', '2014-10-14 04:57:36'),
('rkrddw8e4h53nvdsaozjnh49z55lfwba', 'ZjljOThkNjIxODNmZjhkOThmZGNjN2U3MDFjZTgyY2ZmNjI3NmQ3Njp7Il9hdXRoX3VzZXJfaGFzaCI6IjEyOGNiNDgyODIzZmQxMTYyYWM1YjgxODA4NjM3ZTU4ZDIyYjQzOTMiLCJfYXV0aF91c2VyX2JhY2tlbmQiOiJkamFuZ28uY29udHJpYi5hdXRoLmJhY2tlbmRzLk1vZGVsQmFja2VuZCIsIl9hdXRoX3VzZXJfaWQiOjQ1OH0=', '2014-10-21 14:10:34'),
('rtofmwu96z5z81v28uthv9dpo8izbzm1', 'ZjU4ZjU5YzZiMjY3YTgwODUxZDNkNmY0NzA3ZWZiOTdmOTFjNTY0OTp7Il9hdXRoX3VzZXJfaGFzaCI6IjkyZmMzZTYzNDczMjgwYjNhNmYzYTM5ZTgwZWE5ZGU3YjdjNGJmOGYiLCJfYXV0aF91c2VyX2JhY2tlbmQiOiJkamFuZ28uY29udHJpYi5hdXRoLmJhY2tlbmRzLk1vZGVsQmFja2VuZCIsIl9hdXRoX3VzZXJfaWQiOjU5Nn0=', '2014-12-11 06:22:28'),
('rwlm5p4edpxshuvncug5oqugtwq1i4sl', 'YTMwM2RiZTg4MTU2NzM3ODEyZjI5OWY4NzZjODliZWEzZWE2YmE4ZTp7Im9sZF9wb3N0Ijp7InB1cmNoYXNlZGl0ZW1fc2V0LTAtaXRlbSI6IjMxNiIsInB1cmNoYXNlZGl0ZW1fc2V0LTYtcHVyY2hhc2Vfb3JkZXIiOiIxMjUiLCJyZWZlcmVuY2UiOiJsZXR0ZXIgbm8uIE5JTCBEYXRlZCAyMDE0LTA0LTIzIiwicHVyY2hhc2VkaXRlbV9zZXQtVE9UQUxfRk9STVMiOiIxMCIsInB1cmNoYXNlZGl0ZW1fc2V0LTAtcXR5IjoiMSIsInB1cmNoYXNlZGl0ZW1fc2V0LUlOSVRJQUxfRk9STVMiOiIwIiwicHVyY2hhc2VkaXRlbV9zZXQtNC1xdHkiOiIiLCJwdXJjaGFzZWRpdGVtX3NldC00LXB1cmNoYXNlX29yZGVyIjoiMTI1IiwicHVyY2hhc2VkaXRlbV9zZXQtOC1xdHkiOiIiLCJ0ZHMiOiIwIiwicHVyY2hhc2VkaXRlbV9zZXQtNC1pZCI6IiIsInB1cmNoYXNlZGl0ZW1fc2V0LTgtaWQiOiIiLCJwdXJjaGFzZWRpdGVtX3NldC03LWlkIjoiIiwicHVyY2hhc2VkaXRlbV9zZXQtMS1pdGVtIjoiNDI5IiwicHVyY2hhc2VkaXRlbV9zZXQtMi1wYXJlbnRfY2F0ZWdvcnkiOiIiLCJwdXJjaGFzZWRpdGVtX3NldC00LXBhcmVudF9jYXRlZ29yeSI6IiIsInB1cmNoYXNlZGl0ZW1fc2V0LTktcXR5IjoiIiwicHVyY2hhc2VkaXRlbV9zZXQtMS1wYXJlbnRfY2F0ZWdvcnkiOiIxMCIsIm9yZ2FuaXNhdGlvbiI6IjEiLCJwdXJjaGFzZWRpdGVtX3NldC03LXBhcmVudF9jYXRlZ29yeSI6IiIsImJ1eWVyX3RleHQiOiIiLCJwdXJjaGFzZWRpdGVtX3NldC0wLXB1cmNoYXNlX29yZGVyIjoiMTI1IiwicHVyY2hhc2VkaXRlbV9zZXQtNS1wdXJjaGFzZV9vcmRlciI6IjEyNSIsInRvdGFsX2Rpc2NvdW50IjoiMCIsInB1cmNoYXNlZGl0ZW1fc2V0LTktaWQiOiIiLCJwdXJjaGFzZWRpdGVtX3NldC0xLXB1cmNoYXNlX29yZGVyIjoiMTI1IiwicHVyY2hhc2VkaXRlbV9zZXQtMi1wdXJjaGFzZV9vcmRlciI6IjEyNSIsImNzcmZtaWRkbGV3YXJldG9rZW4iOiJXbDRaNFZjejVQOGZESmFkUzU5SGpVTVVqYm1nYVg3OSIsInB1cmNoYXNlZGl0ZW1fc2V0LV9fcHJlZml4X18taWQiOiIiLCJwdXJjaGFzZWRpdGVtX3NldC0yLXF0eSI6IiIsInB1cmNoYXNlZGl0ZW1fc2V0LTAtcGFyZW50X2NhdGVnb3J5IjoiMTAiLCJwdXJjaGFzZWRpdGVtX3NldC01LXF0eSI6IiIsInB1cmNoYXNlZGl0ZW1fc2V0LTctcHVyY2hhc2Vfb3JkZXIiOiIxMjUiLCJtb2RlX29mX3BheW1lbnQiOiIxIiwicHVyY2hhc2VkaXRlbV9zZXQtTUFYX05VTV9GT1JNUyI6IjEwMDAiLCJwdXJjaGFzZWRpdGVtX3NldC02LXBhcmVudF9jYXRlZ29yeSI6IiIsInB1cmNoYXNlZGl0ZW1fc2V0LTMtcGFyZW50X2NhdGVnb3J5IjoiIiwicHVyY2hhc2VkaXRlbV9zZXQtNS1wYXJlbnRfY2F0ZWdvcnkiOiIiLCJwdXJjaGFzZWRpdGVtX3NldC04LXB1cmNoYXNlX29yZGVyIjoiMTI1IiwicHVyY2hhc2VkaXRlbV9zZXQtMC1pZCI6IiIsInB1cmNoYXNlZGl0ZW1fc2V0LTMtaWQiOiIiLCJwdXJjaGFzZWRpdGVtX3NldC04LXBhcmVudF9jYXRlZ29yeSI6IiIsImJ1eWVyIjoiMTA0IiwicHVyY2hhc2VkaXRlbV9zZXQtMS1xdHkiOiIxIiwicHVyY2hhc2VkaXRlbV9zZXQtOS1wYXJlbnRfY2F0ZWdvcnkiOiIiLCJwdXJjaGFzZWRpdGVtX3NldC0xLXN1Yl9jYXRlZ29yeSI6IjE5IiwicHVyY2hhc2VkaXRlbV9zZXQtMC1zdWJfY2F0ZWdvcnkiOiIxNyIsImRlbGl2ZXJ5X2FkZHJlc3MiOiJBbXJpdHNhci4iLCJwdXJjaGFzZWRpdGVtX3NldC02LXF0eSI6IiIsInB1cmNoYXNlZGl0ZW1fc2V0LTMtcHVyY2hhc2Vfb3JkZXIiOiIxMjUiLCJwdXJjaGFzZWRpdGVtX3NldC03LXF0eSI6IiIsInB1cmNoYXNlZGl0ZW1fc2V0LV9fcHJlZml4X18tcGFyZW50X2NhdGVnb3J5IjoiIiwiY2hlcXVlX2RkX2RhdGUiOiIiLCJjaGVxdWVfZGRfbnVtYmVyIjoiIiwicHVyY2hhc2VkaXRlbV9zZXQtMi1pZCI6IiIsIl9zYXZlIjoiIiwicHVyY2hhc2VkaXRlbV9zZXQtOS1wdXJjaGFzZV9vcmRlciI6IjEyNSIsInB1cmNoYXNlZGl0ZW1fc2V0LV9fcHJlZml4X18tcHVyY2hhc2Vfb3JkZXIiOiIxMjUiLCJwdXJjaGFzZWRpdGVtX3NldC0zLXF0eSI6IiIsInB1cmNoYXNlZGl0ZW1fc2V0LV9fcHJlZml4X18tcXR5IjoiIiwicHVyY2hhc2VkaXRlbV9zZXQtNS1pZCI6IiIsInB1cmNoYXNlZGl0ZW1fc2V0LTYtaWQiOiIiLCJwdXJjaGFzZWRpdGVtX3NldC1NSU5fTlVNX0ZPUk1TIjoiMCIsInB1cmNoYXNlZGl0ZW1fc2V0LTEtaWQiOiIifSwiX2F1dGhfdXNlcl9oYXNoIjoiYzZjMDkzYTIyM2E2MWNjMDhhZWJkZjI3ZjYzYWFiY2I5MGFjMTFmMiIsIl9hdXRoX3VzZXJfYmFja2VuZCI6ImRqYW5nby5jb250cmliLmF1dGguYmFja2VuZHMuTW9kZWxCYWNrZW5kIiwiX2F1dGhfdXNlcl9pZCI6NTMwLCJwdXJjaGFzZV9vcmRlcl9pZCI6MTI1fQ==', '2014-11-28 17:04:56'),
('sg95veyrvyiojgqy76xd508wyiuvg512', 'MDUxZmUxMTk3Nzk1NjJhNDVlMmVjODMzNTIzZjAwYTVmYWY4NDUwOTp7Il9hdXRoX3VzZXJfaGFzaCI6IjgyN2RkMmFlNjkxOGM2MjE2NmMxYWMxM2IxMDQxNDc0MGIzMjQ4ODUiLCJfYXV0aF91c2VyX2JhY2tlbmQiOiJkamFuZ28uY29udHJpYi5hdXRoLmJhY2tlbmRzLk1vZGVsQmFja2VuZCIsIl9hdXRoX3VzZXJfaWQiOjU5NX0=', '2015-01-19 06:56:16'),
('sgzhseq5uftsra5b6h5mbmfhm11hgfuw', 'YjQ5OWRjZDEyNjJhZTI1ZDVlNGFjZDA0MWU1MmIyYTIxN2YyOGU0OTp7Il9hdXRoX3VzZXJfaGFzaCI6IjRiOWE0MmNjMWQxZjIzOWQwYTQwZGY3MjI5YzljNGM4ODNiZGM0NjQiLCJfYXV0aF91c2VyX2JhY2tlbmQiOiJkamFuZ28uY29udHJpYi5hdXRoLmJhY2tlbmRzLk1vZGVsQmFja2VuZCIsIl9hdXRoX3VzZXJfaWQiOjJ9', '2014-09-25 07:07:03'),
('sh4yf46xmtqvccq9h9047729vzdggp2c', 'NzM3OTk4ZjMwZTIyY2EzOGExYTVlYzJjNzgyZWMzZDYzYzQ3YmVjNTp7fQ==', '2014-10-03 04:07:17'),
('sqc1ln5vxsqwtchaab7z8cuzfmjivdip', 'NzQ0MjMxYzE1Y2RmNjc4MjhhMjc1Mzc3ZWE2MTZkMzZlY2Y5MDBjMDp7Il9hdXRoX3VzZXJfaGFzaCI6Ijc3MWQ0YjE5MGRmNWE0OGZmYzg5OWVkZThjMTU2YjU1OTUyODViOTUiLCJfYXV0aF91c2VyX2JhY2tlbmQiOiJkamFuZ28uY29udHJpYi5hdXRoLmJhY2tlbmRzLk1vZGVsQmFja2VuZCIsIl9hdXRoX3VzZXJfaWQiOjU5N30=', '2014-12-25 10:08:13'),
('sz5r7zns5caxqmixx8s4lo72rzp3ejm3', 'ZjljOThkNjIxODNmZjhkOThmZGNjN2U3MDFjZTgyY2ZmNjI3NmQ3Njp7Il9hdXRoX3VzZXJfaGFzaCI6IjEyOGNiNDgyODIzZmQxMTYyYWM1YjgxODA4NjM3ZTU4ZDIyYjQzOTMiLCJfYXV0aF91c2VyX2JhY2tlbmQiOiJkamFuZ28uY29udHJpYi5hdXRoLmJhY2tlbmRzLk1vZGVsQmFja2VuZCIsIl9hdXRoX3VzZXJfaWQiOjQ1OH0=', '2014-10-19 06:17:56'),
('u0x96bw5b4mzxfx5xememsi40fsinmut', 'NjBlYTZlMzk4MDk2OGZhNWQyNmQ4ODc2MjNjNTAxM2JmNDFhMzI5ODp7InF1b3RlZF9vcmRlcl9pZCI6OSwiX2F1dGhfdXNlcl9pZCI6NTk4LCJvbGRfcG9zdCI6eyJwdXJjaGFzZWRpdGVtX3NldC04LWlkIjoiIiwicHVyY2hhc2VkaXRlbV9zZXQtOC1wcmljZV9wZXJfdW5pdCI6IiIsInB1cmNoYXNlZGl0ZW1fc2V0LTI3LXByaWNlX3Blcl91bml0IjoiIiwicHVyY2hhc2VkaXRlbV9zZXQtMS10eXBlIjoiIiwicHVyY2hhc2VkaXRlbV9zZXQtNC1xdHkiOiIiLCJwdXJjaGFzZWRpdGVtX3NldC00LXB1cmNoYXNlX29yZGVyIjoiIiwicHVyY2hhc2VkaXRlbV9zZXQtMTItcHJpY2VfcGVyX3VuaXQiOiIiLCJwdXJjaGFzZWRpdGVtX3NldC0xMy1wcmljZV9wZXJfdW5pdCI6IiIsInB1cmNoYXNlZGl0ZW1fc2V0LTIzLXR5cGUiOiIiLCJwdXJjaGFzZWRpdGVtX3NldC00LWlkIjoiIiwicHVyY2hhc2VkaXRlbV9zZXQtNy1pZCI6IiIsInB1cmNoYXNlZGl0ZW1fc2V0LV9fcHJlZml4X18tcHJpY2VfcGVyX3VuaXQiOiIiLCJwdXJjaGFzZWRpdGVtX3NldC0xNC1pZCI6IiIsInB1cmNoYXNlZGl0ZW1fc2V0LTEtcHJpY2VfcGVyX3VuaXQiOiIiLCJvcmdhbmlzYXRpb24iOiIxIiwicHVyY2hhc2VkaXRlbV9zZXQtMjctdHlwZSI6IiIsInB1cmNoYXNlZGl0ZW1fc2V0LTAtcXR5IjoiMiIsInB1cmNoYXNlZGl0ZW1fc2V0LTE1LXByaWNlX3Blcl91bml0IjoiIiwicHVyY2hhc2VkaXRlbV9zZXQtMTYtcHJpY2VfcGVyX3VuaXQiOiIiLCJwdXJjaGFzZWRpdGVtX3NldC1fX3ByZWZpeF9fLXF0eSI6IiIsInB1cmNoYXNlZGl0ZW1fc2V0LTMtdHlwZSI6IiIsInB1cmNoYXNlZGl0ZW1fc2V0LTIxLWlkIjoiIiwicHVyY2hhc2VkaXRlbV9zZXQtMTEtcHVyY2hhc2Vfb3JkZXIiOiIiLCJ0eXBlX29mX3NlcnZpY2UiOiIzIiwicHVyY2hhc2VkaXRlbV9zZXQtMTItcHVyY2hhc2Vfb3JkZXIiOiIiLCJwdXJjaGFzZWRpdGVtX3NldC01LXByaWNlX3Blcl91bml0IjoiIiwicHVyY2hhc2VkaXRlbV9zZXQtMTQtcXR5IjoiIiwicHVyY2hhc2VkaXRlbV9zZXQtMjUtcHJpY2VfcGVyX3VuaXQiOiIiLCJwdXJjaGFzZWRpdGVtX3NldC0xNS1xdHkiOiIiLCJidXllciI6IjYyNCIsInB1cmNoYXNlZGl0ZW1fc2V0LTE3LXByaWNlX3Blcl91bml0IjoiIiwicHVyY2hhc2VkaXRlbV9zZXQtMTAtcHJpY2VfcGVyX3VuaXQiOiIiLCJwdXJjaGFzZWRpdGVtX3NldC0xNy1pZCI6IiIsInB1cmNoYXNlZGl0ZW1fc2V0LTI4LXR5cGUiOiIiLCJwdXJjaGFzZWRpdGVtX3NldC0xNy1xdHkiOiIiLCJjaGVxdWVfZGRfbnVtYmVyIjoiIiwicHVyY2hhc2VkaXRlbV9zZXQtMjItdHlwZSI6IiIsInB1cmNoYXNlZGl0ZW1fc2V0LTEwLXB1cmNoYXNlX29yZGVyIjoiIiwicHVyY2hhc2VkaXRlbV9zZXQtMjYtdHlwZSI6IiIsInB1cmNoYXNlZGl0ZW1fc2V0LTI3LXF0eSI6IiIsInB1cmNoYXNlZGl0ZW1fc2V0LTMtcHJpY2VfcGVyX3VuaXQiOiIiLCJwdXJjaGFzZWRpdGVtX3NldC0yNC1wcmljZV9wZXJfdW5pdCI6IiIsInB1cmNoYXNlZGl0ZW1fc2V0LU1JTl9OVU1fRk9STVMiOiIwIiwicHVyY2hhc2VkaXRlbV9zZXQtMS1pZCI6IiIsInB1cmNoYXNlZGl0ZW1fc2V0LTE4LWlkIjoiIiwicmVmZXJlbmNlIjoiTmlsIiwibW9kZV9vZl9wYXltZW50IjoiMSIsInB1cmNoYXNlZGl0ZW1fc2V0LTE1LXB1cmNoYXNlX29yZGVyIjoiIiwicHVyY2hhc2VkaXRlbV9zZXQtMjAtcXR5IjoiIiwicHVyY2hhc2VkaXRlbV9zZXQtX19wcmVmaXhfXy10eXBlIjoiIiwicHVyY2hhc2VkaXRlbV9zZXQtMTItdHlwZSI6IiIsInB1cmNoYXNlZGl0ZW1fc2V0LTExLWlkIjoiIiwicHVyY2hhc2VkaXRlbV9zZXQtMjUtcXR5IjoiIiwicHVyY2hhc2VkaXRlbV9zZXQtMjItcXR5IjoiIiwicHVyY2hhc2VkaXRlbV9zZXQtOS1xdHkiOiIiLCJwdXJjaGFzZWRpdGVtX3NldC0xMy10eXBlIjoiIiwicHVyY2hhc2VkaXRlbV9zZXQtMTQtcHVyY2hhc2Vfb3JkZXIiOiIiLCJwdXJjaGFzZWRpdGVtX3NldC0yMi1wcmljZV9wZXJfdW5pdCI6IiIsInB1cmNoYXNlZGl0ZW1fc2V0LTAtcHVyY2hhc2Vfb3JkZXIiOiIiLCJwdXJjaGFzZWRpdGVtX3NldC05LWlkIjoiIiwicHVyY2hhc2VkaXRlbV9zZXQtMi1wdXJjaGFzZV9vcmRlciI6IiIsInB1cmNoYXNlZGl0ZW1fc2V0LTIwLXR5cGUiOiIiLCJwdXJjaGFzZWRpdGVtX3NldC0yOS10eXBlIjoiIiwicHVyY2hhc2VkaXRlbV9zZXQtMi1xdHkiOiIiLCJwdXJjaGFzZWRpdGVtX3NldC0yOS1xdHkiOiIiLCJwdXJjaGFzZWRpdGVtX3NldC03LXB1cmNoYXNlX29yZGVyIjoiIiwicHVyY2hhc2VkaXRlbV9zZXQtMjAtaWQiOiIiLCJwdXJjaGFzZWRpdGVtX3NldC04LXR5cGUiOiIiLCJwdXJjaGFzZWRpdGVtX3NldC0xMC10eXBlIjoiIiwicHVyY2hhc2VkaXRlbV9zZXQtMjYtcHVyY2hhc2Vfb3JkZXIiOiIiLCJ0ZHMiOiIwIiwicHVyY2hhc2VkaXRlbV9zZXQtMjktcHVyY2hhc2Vfb3JkZXIiOiIiLCJwdXJjaGFzZWRpdGVtX3NldC0yLXR5cGUiOiIiLCJkZWxpdmVyeV9hZGRyZXNzIjoiTHVkaGlhbmEiLCJwdXJjaGFzZWRpdGVtX3NldC0xNi1pZCI6IiIsInB1cmNoYXNlZGl0ZW1fc2V0LTMtaWQiOiIiLCJjaGVxdWVfZGRfZGF0ZSI6IiIsInB1cmNoYXNlZGl0ZW1fc2V0LTIzLXByaWNlX3Blcl91bml0IjoiIiwicHVyY2hhc2VkaXRlbV9zZXQtMi1pZCI6IiIsInB1cmNoYXNlZGl0ZW1fc2V0LTE2LXR5cGUiOiIiLCJwdXJjaGFzZWRpdGVtX3NldC05LXB1cmNoYXNlX29yZGVyIjoiIiwicHVyY2hhc2VkaXRlbV9zZXQtMTktcHJpY2VfcGVyX3VuaXQiOiIiLCJwdXJjaGFzZWRpdGVtX3NldC01LXR5cGUiOiIiLCJwdXJjaGFzZWRpdGVtX3NldC01LWlkIjoiIiwicHVyY2hhc2VkaXRlbV9zZXQtMjgtcHVyY2hhc2Vfb3JkZXIiOiIiLCJwdXJjaGFzZWRpdGVtX3NldC0yOC1wcmljZV9wZXJfdW5pdCI6IiIsInB1cmNoYXNlZGl0ZW1fc2V0LTI4LXF0eSI6IiIsInB1cmNoYXNlZGl0ZW1fc2V0LVRPVEFMX0ZPUk1TIjoiMzAiLCJwdXJjaGFzZWRpdGVtX3NldC0yMS1xdHkiOiIiLCJwdXJjaGFzZWRpdGVtX3NldC1JTklUSUFMX0ZPUk1TIjoiMCIsInB1cmNoYXNlZGl0ZW1fc2V0LTIwLXByaWNlX3Blcl91bml0IjoiIiwicHVyY2hhc2VkaXRlbV9zZXQtMjQtaWQiOiIiLCJwdXJjaGFzZWRpdGVtX3NldC00LXByaWNlX3Blcl91bml0IjoiIiwicHVyY2hhc2VkaXRlbV9zZXQtMi1wcmljZV9wZXJfdW5pdCI6IiIsInB1cmNoYXNlZGl0ZW1fc2V0LTIzLWlkIjoiIiwicHVyY2hhc2VkaXRlbV9zZXQtMTYtcHVyY2hhc2Vfb3JkZXIiOiIiLCJwdXJjaGFzZWRpdGVtX3NldC0xNy10eXBlIjoiIiwicHVyY2hhc2VkaXRlbV9zZXQtMTktcHVyY2hhc2Vfb3JkZXIiOiIiLCJidXllcl90ZXh0IjoiIiwicHVyY2hhc2VkaXRlbV9zZXQtNS1wdXJjaGFzZV9vcmRlciI6IiIsInB1cmNoYXNlZGl0ZW1fc2V0LTEzLWlkIjoiIiwicHVyY2hhc2VkaXRlbV9zZXQtMTctcHVyY2hhc2Vfb3JkZXIiOiIiLCJwdXJjaGFzZWRpdGVtX3NldC0xLXB1cmNoYXNlX29yZGVyIjoiIiwicHVyY2hhc2VkaXRlbV9zZXQtMjItaWQiOiIiLCJwdXJjaGFzZWRpdGVtX3NldC1fX3ByZWZpeF9fLWlkIjoiIiwicHVyY2hhc2VkaXRlbV9zZXQtMC1wYXJlbnRfY2F0ZWdvcnkiOiI5IiwicHVyY2hhc2VkaXRlbV9zZXQtOS1wcmljZV9wZXJfdW5pdCI6IiIsInB1cmNoYXNlZGl0ZW1fc2V0LTUtcXR5IjoiIiwiX3NhdmUiOiIiLCJwdXJjaGFzZWRpdGVtX3NldC0yNS1wdXJjaGFzZV9vcmRlciI6IiIsInB1cmNoYXNlZGl0ZW1fc2V0LTI2LXByaWNlX3Blcl91bml0IjoiIiwicHVyY2hhc2VkaXRlbV9zZXQtMC10eXBlIjoiMSIsInB1cmNoYXNlZGl0ZW1fc2V0LTI5LWlkIjoiIiwicHVyY2hhc2VkaXRlbV9zZXQtMjQtcHVyY2hhc2Vfb3JkZXIiOiIiLCJwdXJjaGFzZWRpdGVtX3NldC0yNS10eXBlIjoiIiwicHVyY2hhc2VkaXRlbV9zZXQtMTItcXR5IjoiIiwicHVyY2hhc2VkaXRlbV9zZXQtMS1xdHkiOiIiLCJwdXJjaGFzZWRpdGVtX3NldC0xOS1pZCI6IiIsInB1cmNoYXNlZGl0ZW1fc2V0LTgtcXR5IjoiIiwicHVyY2hhc2VkaXRlbV9zZXQtMjEtcHVyY2hhc2Vfb3JkZXIiOiIiLCJwdXJjaGFzZWRpdGVtX3NldC0xMC1xdHkiOiIiLCJwdXJjaGFzZWRpdGVtX3NldC03LXF0eSI6IiIsInB1cmNoYXNlZGl0ZW1fc2V0LTIxLXByaWNlX3Blcl91bml0IjoiIiwicHVyY2hhc2VkaXRlbV9zZXQtMTQtdHlwZSI6IiIsInB1cmNoYXNlZGl0ZW1fc2V0LTE5LXR5cGUiOiIiLCJwdXJjaGFzZWRpdGVtX3NldC05LXR5cGUiOiIiLCJwdXJjaGFzZWRpdGVtX3NldC0xMS10eXBlIjoiIiwicHVyY2hhc2VkaXRlbV9zZXQtMC1pdGVtIjoiNzc3IiwicHVyY2hhc2VkaXRlbV9zZXQtNi1wdXJjaGFzZV9vcmRlciI6IiIsInB1cmNoYXNlZGl0ZW1fc2V0LTctcHJpY2VfcGVyX3VuaXQiOiIiLCJwdXJjaGFzZWRpdGVtX3NldC0xMy1xdHkiOiIiLCJwdXJjaGFzZWRpdGVtX3NldC0xOC1wdXJjaGFzZV9vcmRlciI6IiIsInB1cmNoYXNlZGl0ZW1fc2V0LTQtdHlwZSI6IiIsInB1cmNoYXNlZGl0ZW1fc2V0LTIzLXF0eSI6IiIsInB1cmNoYXNlZGl0ZW1fc2V0LTE2LXF0eSI6IiIsInJlZmVyZW5jZV9kYXRlIjoiMjAxNS0wMS0wNyIsInB1cmNoYXNlZGl0ZW1fc2V0LTE0LXByaWNlX3Blcl91bml0IjoiIiwicHVyY2hhc2VkaXRlbV9zZXQtMjctaWQiOiIiLCJwdXJjaGFzZWRpdGVtX3NldC02LXR5cGUiOiIiLCJwdXJjaGFzZWRpdGVtX3NldC0yMC1wdXJjaGFzZV9vcmRlciI6IiIsInB1cmNoYXNlZGl0ZW1fc2V0LTMtcHVyY2hhc2Vfb3JkZXIiOiIiLCJwdXJjaGFzZWRpdGVtX3NldC0yNi1xdHkiOiIiLCJwdXJjaGFzZWRpdGVtX3NldC02LWlkIjoiIiwicHVyY2hhc2VkaXRlbV9zZXQtMTgtcXR5IjoiIiwicHVyY2hhc2VkaXRlbV9zZXQtNi1wcmljZV9wZXJfdW5pdCI6IiIsInB1cmNoYXNlZGl0ZW1fc2V0LTIyLXB1cmNoYXNlX29yZGVyIjoiIiwicHVyY2hhc2VkaXRlbV9zZXQtMy1xdHkiOiIiLCJwdXJjaGFzZWRpdGVtX3NldC03LXR5cGUiOiIiLCJ0b3RhbF9kaXNjb3VudCI6IjAiLCJjc3JmbWlkZGxld2FyZXRva2VuIjoiVktxQk5FeE1JWHhVWHRLVlpUSFJoZ0tnamcyU1JLeGYiLCJwdXJjaGFzZWRpdGVtX3NldC0xMS1wcmljZV9wZXJfdW5pdCI6IiIsInB1cmNoYXNlZGl0ZW1fc2V0LTE4LXByaWNlX3Blcl91bml0IjoiIiwicHVyY2hhc2VkaXRlbV9zZXQtTUFYX05VTV9GT1JNUyI6IjEwMDAiLCJwdXJjaGFzZWRpdGVtX3NldC0xOC10eXBlIjoiIiwicHVyY2hhc2VkaXRlbV9zZXQtOC1wdXJjaGFzZV9vcmRlciI6IiIsInB1cmNoYXNlZGl0ZW1fc2V0LTAtaWQiOiIiLCJwdXJjaGFzZWRpdGVtX3NldC0xNS10eXBlIjoiIiwicHVyY2hhc2VkaXRlbV9zZXQtMjgtaWQiOiIiLCJwdXJjaGFzZWRpdGVtX3NldC0yMS10eXBlIjoiIiwicHVyY2hhc2VkaXRlbV9zZXQtMTAtaWQiOiIiLCJwdXJjaGFzZWRpdGVtX3NldC0yNy1wdXJjaGFzZV9vcmRlciI6IiIsInB1cmNoYXNlZGl0ZW1fc2V0LTIzLXB1cmNoYXNlX29yZGVyIjoiIiwicHVyY2hhc2VkaXRlbV9zZXQtMC1zdWJfY2F0ZWdvcnkiOiIyODYiLCJwdXJjaGFzZWRpdGVtX3NldC02LXF0eSI6IiIsInB1cmNoYXNlZGl0ZW1fc2V0LTEyLWlkIjoiIiwicHVyY2hhc2VkaXRlbV9zZXQtMjQtcXR5IjoiIiwicHVyY2hhc2VkaXRlbV9zZXQtMjYtaWQiOiIiLCJwdXJjaGFzZWRpdGVtX3NldC0wLXByaWNlX3Blcl91bml0IjoiNTAwIiwicHVyY2hhc2VkaXRlbV9zZXQtMjUtaWQiOiIiLCJwdXJjaGFzZWRpdGVtX3NldC1fX3ByZWZpeF9fLXB1cmNoYXNlX29yZGVyIjoiIiwicHVyY2hhc2VkaXRlbV9zZXQtMTUtaWQiOiIiLCJwdXJjaGFzZWRpdGVtX3NldC0xMS1xdHkiOiIiLCJwdXJjaGFzZWRpdGVtX3NldC0xMy1wdXJjaGFzZV9vcmRlciI6IiIsInB1cmNoYXNlZGl0ZW1fc2V0LTI5LXByaWNlX3Blcl91bml0IjoiIiwicHVyY2hhc2VkaXRlbV9zZXQtMjQtdHlwZSI6IiIsInB1cmNoYXNlZGl0ZW1fc2V0LTE5LXF0eSI6IiJ9LCJwdXJjaGFzZV9vcmRlcl9pZCI6NDQsIl9hdXRoX3VzZXJfYmFja2VuZCI6ImRqYW5nby5jb250cmliLmF1dGguYmFja2VuZHMuTW9kZWxCYWNrZW5kIiwiX2F1dGhfdXNlcl9oYXNoIjoiOTc5YjBkOTk2ZDUxYTU5ZDA2ZWMyOWJlNmJiN2RjMGI5OWViODE3YSJ9', '2015-01-21 06:50:28'),
('u9gz6ehuw26qdu4vh2cm1sk270qzsj9f', 'MmE2Y2FjYjk0NWZjNGIwNGY4NGI5OGNiNmNlY2QyNjllNjQ1M2EzMDp7InF1b3RlZF9vcmRlcl9pZCI6MSwiX2F1dGhfdXNlcl9pZCI6NTk3LCJvbGRfcG9zdCI6eyJxdW90ZWRpdGVtX3NldC02LXByaWNlX3Blcl91bml0IjoiIiwicXVvdGVkaXRlbV9zZXQtMS10eXBlIjoiIiwicXVvdGVkaXRlbV9zZXQtVE9UQUxfRk9STVMiOiIxMCIsInJlZmVyZW5jZSI6Ik5pbCIsInF1b3RlZGl0ZW1fc2V0LTgtcHJpY2VfcGVyX3VuaXQiOiIiLCJxdW90ZWRpdGVtX3NldC0wLWl0ZW0iOiI5NjMiLCJxdW90ZWRpdGVtX3NldC0yLWlkIjoiIiwicXVvdGVkaXRlbV9zZXQtMS1xdHkiOiIiLCJxdW90ZWRpdGVtX3NldC02LWlkIjoiIiwicXVvdGVkaXRlbV9zZXQtNi1xdHkiOiIiLCJxdW90ZWRpdGVtX3NldC05LXF0eSI6IiIsInJlZmVyZW5jZV9kYXRlIjoiMjAxNC0xMi0yMiIsInF1b3RlZGl0ZW1fc2V0LTktdHlwZSI6IiIsInF1b3RlZGl0ZW1fc2V0LTktcHJpY2VfcGVyX3VuaXQiOiIiLCJxdW90ZWRpdGVtX3NldC1fX3ByZWZpeF9fLXByaWNlX3Blcl91bml0IjoiIiwicXVvdGVkaXRlbV9zZXQtMC1wcmljZV9wZXJfdW5pdCI6IjYwMDAwIiwicXVvdGVkaXRlbV9zZXQtMi1wcmljZV9wZXJfdW5pdCI6IiIsInF1b3RlZGl0ZW1fc2V0LTktcXVvdGVkX29yZGVyIjoiIiwicXVvdGVkaXRlbV9zZXQtMC1pZCI6IiIsInF1b3RlZGl0ZW1fc2V0LTUtdHlwZSI6IiIsInF1b3RlZGl0ZW1fc2V0LTQtaWQiOiIiLCJxdW90ZWRpdGVtX3NldC00LXR5cGUiOiIiLCJvcmdhbmlzYXRpb24iOiIxIiwicXVvdGVkaXRlbV9zZXQtNy1pZCI6IiIsInF1b3RlZGl0ZW1fc2V0LTAtcGFyZW50X2NhdGVnb3J5IjoiMTI5IiwiYnV5ZXJfdGV4dCI6IiIsInF1b3RlZGl0ZW1fc2V0LTUtcXR5IjoiIiwicXVvdGVkaXRlbV9zZXQtOS1pZCI6IiIsInF1b3RlZGl0ZW1fc2V0LTEtcHJpY2VfcGVyX3VuaXQiOiIiLCJxdW90ZWRpdGVtX3NldC03LXF1b3RlZF9vcmRlciI6IiIsInRvdGFsX2Rpc2NvdW50IjoiMCIsInF1b3RlZGl0ZW1fc2V0LUlOSVRJQUxfRk9STVMiOiIwIiwicXVvdGVkaXRlbV9zZXQtMy1xdW90ZWRfb3JkZXIiOiIiLCJjc3JmbWlkZGxld2FyZXRva2VuIjoiZEd5ZXBXUXcxbEJNR241VTd6VVl5dElaSGtuVkJXY08iLCJxdW90ZWRpdGVtX3NldC1fX3ByZWZpeF9fLXF0eSI6IiIsInF1b3RlZGl0ZW1fc2V0LTQtcXVvdGVkX29yZGVyIjoiIiwicXVvdGVkaXRlbV9zZXQtNy1wcmljZV9wZXJfdW5pdCI6IiIsInF1b3RlZGl0ZW1fc2V0LTUtaWQiOiIiLCJxdW90ZWRpdGVtX3NldC0wLXF0eSI6IjEiLCJxdW90ZWRpdGVtX3NldC02LXF1b3RlZF9vcmRlciI6IiIsInF1b3RlZGl0ZW1fc2V0LV9fcHJlZml4X18tdHlwZSI6IiIsIl9zYXZlIjoiIiwicXVvdGVkaXRlbV9zZXQtMi1xdW90ZWRfb3JkZXIiOiIiLCJxdW90ZWRpdGVtX3NldC01LXF1b3RlZF9vcmRlciI6IiIsInF1b3RlZGl0ZW1fc2V0LTgtcXVvdGVkX29yZGVyIjoiIiwicXVvdGVkaXRlbV9zZXQtNC1wcmljZV9wZXJfdW5pdCI6IiIsInF1b3RlZGl0ZW1fc2V0LTMtdHlwZSI6IiIsInF1b3RlZGl0ZW1fc2V0LTctdHlwZSI6IiIsInF1b3RlZGl0ZW1fc2V0LTQtcXR5IjoiIiwiYnV5ZXIiOiIzMjkiLCJxdW90ZWRpdGVtX3NldC0zLWlkIjoiIiwicXVvdGVkaXRlbV9zZXQtMy1xdHkiOiIiLCJxdW90ZWRpdGVtX3NldC03LXF0eSI6IiIsInF1b3RlZGl0ZW1fc2V0LTUtcHJpY2VfcGVyX3VuaXQiOiIiLCJkZWxpdmVyeV9hZGRyZXNzIjoiUmFqZ2FyaCBGdXNpb24gYXQgQ2hhbmRpZ2FyaCBSb2FkLCBMdWRoaWFuYSIsInF1b3RlZGl0ZW1fc2V0LTMtcHJpY2VfcGVyX3VuaXQiOiIiLCJxdW90ZWRpdGVtX3NldC0xLWlkIjoiIiwicXVvdGVkaXRlbV9zZXQtMC10eXBlIjoiMSIsInF1b3RlZGl0ZW1fc2V0LTAtcXVvdGVkX29yZGVyIjoiIiwiY2hlcXVlX2RkX2RhdGUiOiIiLCJxdW90ZWRpdGVtX3NldC02LXR5cGUiOiIiLCJjaGVxdWVfZGRfbnVtYmVyIjoiIiwicXVvdGVkaXRlbV9zZXQtX19wcmVmaXhfXy1pZCI6IiIsInF1b3RlZGl0ZW1fc2V0LTItcXR5IjoiIiwicXVvdGVkaXRlbV9zZXQtTUFYX05VTV9GT1JNUyI6IjEwMDAiLCJxdW90ZWRpdGVtX3NldC1NSU5fTlVNX0ZPUk1TIjoiMCIsInF1b3RlZGl0ZW1fc2V0LTAtc3ViX2NhdGVnb3J5IjoiMzY1IiwicXVvdGVkaXRlbV9zZXQtMi10eXBlIjoiIiwicXVvdGVkaXRlbV9zZXQtOC1xdHkiOiIiLCJxdW90ZWRpdGVtX3NldC0xLXF1b3RlZF9vcmRlciI6IiIsInF1b3RlZGl0ZW1fc2V0LTgtaWQiOiIiLCJxdW90ZWRpdGVtX3NldC04LXR5cGUiOiIiLCJxdW90ZWRpdGVtX3NldC1fX3ByZWZpeF9fLXF1b3RlZF9vcmRlciI6IiJ9LCJwdXJjaGFzZV9vcmRlcl9pZCI6MSwiX2F1dGhfdXNlcl9iYWNrZW5kIjoiZGphbmdvLmNvbnRyaWIuYXV0aC5iYWNrZW5kcy5Nb2RlbEJhY2tlbmQiLCJfYXV0aF91c2VyX2hhc2giOiI3NzFkNGIxOTBkZjVhNDhmZmM4OTllZGU4YzE1NmI1NTk1Mjg1Yjk1In0=', '2015-01-05 07:09:09'),
('uk6vwet6kvs434d0di3nk716mgls6b3v', 'NzM3OTk4ZjMwZTIyY2EzOGExYTVlYzJjNzgyZWMzZDYzYzQ3YmVjNTp7fQ==', '2014-10-23 10:25:25'),
('v9hdh24uolu9g3rf6xayz6nve2jbp20p', 'MzIzODU3NjYzZTkyNmRkMmZlZDA3MDdkYzMwNjcyNzUxMzZkMDFhZTp7Im9sZF9wb3N0Ijp7InB1cmNoYXNlZGl0ZW1fc2V0LTAtaXRlbSI6IjQ1MyIsInB1cmNoYXNlZGl0ZW1fc2V0LTYtcHVyY2hhc2Vfb3JkZXIiOiIiLCJyZWZlcmVuY2UiOiJFLTUwNiIsInB1cmNoYXNlZGl0ZW1fc2V0LVRPVEFMX0ZPUk1TIjoiMTAiLCJwdXJjaGFzZWRpdGVtX3NldC0wLXF0eSI6IjIiLCJwdXJjaGFzZWRpdGVtX3NldC1JTklUSUFMX0ZPUk1TIjoiMCIsInB1cmNoYXNlZGl0ZW1fc2V0LTQtcXR5IjoiIiwicHVyY2hhc2VkaXRlbV9zZXQtOC1pZCI6IiIsInB1cmNoYXNlZGl0ZW1fc2V0LTQtcHVyY2hhc2Vfb3JkZXIiOiIiLCJwdXJjaGFzZWRpdGVtX3NldC04LXF0eSI6IiIsImJ1eWVyIjoiOTAiLCJwdXJjaGFzZWRpdGVtX3NldC00LXByaWNlX3Blcl91bml0IjoiIiwicHVyY2hhc2VkaXRlbV9zZXQtMi1pZCI6IiIsInB1cmNoYXNlZGl0ZW1fc2V0LTQtaWQiOiIiLCJwdXJjaGFzZWRpdGVtX3NldC0yLXByaWNlX3Blcl91bml0IjoiIiwicHVyY2hhc2VkaXRlbV9zZXQtNy1pZCI6IiIsInB1cmNoYXNlZGl0ZW1fc2V0LV9fcHJlZml4X18tcHJpY2VfcGVyX3VuaXQiOiIiLCJwdXJjaGFzZWRpdGVtX3NldC0xLWl0ZW0iOiIzNDkiLCJwdXJjaGFzZWRpdGVtX3NldC0yLXBhcmVudF9jYXRlZ29yeSI6IiIsInB1cmNoYXNlZGl0ZW1fc2V0LTQtcGFyZW50X2NhdGVnb3J5IjoiIiwicHVyY2hhc2VkaXRlbV9zZXQtOS1xdHkiOiIiLCJwdXJjaGFzZWRpdGVtX3NldC0xLXBhcmVudF9jYXRlZ29yeSI6IjM1IiwicHVyY2hhc2VkaXRlbV9zZXQtMS1wcmljZV9wZXJfdW5pdCI6IjkwMCIsIm9yZ2FuaXNhdGlvbiI6IjEiLCJwdXJjaGFzZWRpdGVtX3NldC04LXByaWNlX3Blcl91bml0IjoiIiwicHVyY2hhc2VkaXRlbV9zZXQtNy1wYXJlbnRfY2F0ZWdvcnkiOiIiLCJwdXJjaGFzZWRpdGVtX3NldC02LXByaWNlX3Blcl91bml0IjoiIiwiYnV5ZXJfdGV4dCI6IiIsInB1cmNoYXNlZGl0ZW1fc2V0LTAtcHVyY2hhc2Vfb3JkZXIiOiIiLCJwdXJjaGFzZWRpdGVtX3NldC01LXB1cmNoYXNlX29yZGVyIjoiIiwidG90YWxfZGlzY291bnQiOiIwIiwicHVyY2hhc2VkaXRlbV9zZXQtOS1pZCI6IiIsInB1cmNoYXNlZGl0ZW1fc2V0LTEtcHVyY2hhc2Vfb3JkZXIiOiIiLCJwdXJjaGFzZWRpdGVtX3NldC0yLXB1cmNoYXNlX29yZGVyIjoiIiwiY3NyZm1pZGRsZXdhcmV0b2tlbiI6Ik5La0tVelVaZVVhT3hValNqMnNNRFJZZUZXYmR2cGg5IiwicHVyY2hhc2VkaXRlbV9zZXQtX19wcmVmaXhfXy1pZCI6IiIsInB1cmNoYXNlZGl0ZW1fc2V0LTItcXR5IjoiIiwicHVyY2hhc2VkaXRlbV9zZXQtMC1wYXJlbnRfY2F0ZWdvcnkiOiIzNiIsInB1cmNoYXNlZGl0ZW1fc2V0LTktcHJpY2VfcGVyX3VuaXQiOiIiLCJwdXJjaGFzZWRpdGVtX3NldC01LXF0eSI6IiIsInB1cmNoYXNlZGl0ZW1fc2V0LTctcHVyY2hhc2Vfb3JkZXIiOiIiLCJtb2RlX29mX3BheW1lbnQiOiIxIiwicHVyY2hhc2VkaXRlbV9zZXQtTUFYX05VTV9GT1JNUyI6IjEwMDAiLCJfc2F2ZSI6IiIsInB1cmNoYXNlZGl0ZW1fc2V0LTMtcGFyZW50X2NhdGVnb3J5IjoiIiwicHVyY2hhc2VkaXRlbV9zZXQtNS1wcmljZV9wZXJfdW5pdCI6IiIsInB1cmNoYXNlZGl0ZW1fc2V0LTUtcGFyZW50X2NhdGVnb3J5IjoiIiwicHVyY2hhc2VkaXRlbV9zZXQtOC1wdXJjaGFzZV9vcmRlciI6IiIsInB1cmNoYXNlZGl0ZW1fc2V0LTAtaWQiOiIiLCJwdXJjaGFzZWRpdGVtX3NldC0zLWlkIjoiIiwicHVyY2hhc2VkaXRlbV9zZXQtOC1wYXJlbnRfY2F0ZWdvcnkiOiIiLCJkYXRlIjoiMjAxNC0xMi0xOSIsInB1cmNoYXNlZGl0ZW1fc2V0LTEtcXR5IjoiMiIsInB1cmNoYXNlZGl0ZW1fc2V0LTktcGFyZW50X2NhdGVnb3J5IjoiIiwicHVyY2hhc2VkaXRlbV9zZXQtMS1zdWJfY2F0ZWdvcnkiOiI2NCIsInB1cmNoYXNlZGl0ZW1fc2V0LTAtc3ViX2NhdGVnb3J5IjoiNDciLCJkZWxpdmVyeV9hZGRyZXNzIjoiQmF0aGluZGEiLCJwdXJjaGFzZWRpdGVtX3NldC02LXF0eSI6IiIsInB1cmNoYXNlZGl0ZW1fc2V0LTMtcHVyY2hhc2Vfb3JkZXIiOiIiLCJwdXJjaGFzZWRpdGVtX3NldC03LXByaWNlX3Blcl91bml0IjoiIiwicHVyY2hhc2VkaXRlbV9zZXQtNy1xdHkiOiIiLCJ0ZHMiOiIwIiwiY2hlcXVlX2RkX2RhdGUiOiIiLCJjaGVxdWVfZGRfbnVtYmVyIjoiIiwicHVyY2hhc2VkaXRlbV9zZXQtNi1wYXJlbnRfY2F0ZWdvcnkiOiIiLCJwdXJjaGFzZWRpdGVtX3NldC0wLXByaWNlX3Blcl91bml0IjoiMjEwMCIsInB1cmNoYXNlZGl0ZW1fc2V0LTktcHVyY2hhc2Vfb3JkZXIiOiIiLCJwdXJjaGFzZWRpdGVtX3NldC1fX3ByZWZpeF9fLXBhcmVudF9jYXRlZ29yeSI6IiIsInB1cmNoYXNlZGl0ZW1fc2V0LV9fcHJlZml4X18tcHVyY2hhc2Vfb3JkZXIiOiIiLCJwdXJjaGFzZWRpdGVtX3NldC0zLXF0eSI6IiIsInB1cmNoYXNlZGl0ZW1fc2V0LTMtcHJpY2VfcGVyX3VuaXQiOiIiLCJwdXJjaGFzZWRpdGVtX3NldC1fX3ByZWZpeF9fLXF0eSI6IiIsInB1cmNoYXNlZGl0ZW1fc2V0LTUtaWQiOiIiLCJwdXJjaGFzZWRpdGVtX3NldC02LWlkIjoiIiwicHVyY2hhc2VkaXRlbV9zZXQtTUlOX05VTV9GT1JNUyI6IjAiLCJwdXJjaGFzZWRpdGVtX3NldC0xLWlkIjoiIn0sIl9hdXRoX3VzZXJfaGFzaCI6IjgyN2RkMmFlNjkxOGM2MjE2NmMxYWMxM2IxMDQxNDc0MGIzMjQ4ODUiLCJfYXV0aF91c2VyX2JhY2tlbmQiOiJkamFuZ28uY29udHJpYi5hdXRoLmJhY2tlbmRzLk1vZGVsQmFja2VuZCIsIl9hdXRoX3VzZXJfaWQiOjU5NSwicHVyY2hhc2Vfb3JkZXJfaWQiOjF9', '2015-01-02 06:45:45'),
('vckva46ze3ceg7g65b5p7rtam96f91e5', 'OWNhMzVmMjA0MWU3NjE3N2ZjOWM1NGJhZjdkMGU5Y2U0ZTQ2ODQzMDp7Im9sZF9wb3N0Ijp7InF1b3RlZGl0ZW1fc2V0LTAtcXVvdGVkX29yZGVyIjoiIiwicmVmZXJlbmNlIjoiWW91ciBMZXR0ZXIgTm8uIDEwODMvMTAtMS9CIERhdGVkIDE4LjExLjIwMTQiLCJxdW90ZWRpdGVtX3NldC0wLXBhcmVudF9jYXRlZ29yeSI6IjI3IiwicXVvdGVkaXRlbV9zZXQtMC1pdGVtIjoiODc1IiwicXVvdGVkaXRlbV9zZXQtMi1pZCI6IiIsIm1vZGVfb2ZfcGF5bWVudCI6IjEiLCJxdW90ZWRpdGVtX3NldC0xLXF0eSI6IjEiLCJxdW90ZWRpdGVtX3NldC02LWlkIjoiIiwicXVvdGVkaXRlbV9zZXQtNy1wYXJlbnRfY2F0ZWdvcnkiOiIiLCJ0ZHMiOiIwIiwicXVvdGVkaXRlbV9zZXQtNi1xdHkiOiIiLCJxdW90ZWRpdGVtX3NldC05LXF0eSI6IiIsInF1b3RlZGl0ZW1fc2V0LTMtaWQiOiIiLCJxdW90ZWRpdGVtX3NldC04LXBhcmVudF9jYXRlZ29yeSI6IiIsInF1b3RlZGl0ZW1fc2V0LTEtaXRlbSI6Ijg3NiIsInF1b3RlZGl0ZW1fc2V0LTktcXVvdGVkX29yZGVyIjoiIiwicXVvdGVkaXRlbV9zZXQtMC1pZCI6IiIsInF1b3RlZGl0ZW1fc2V0LTEtc3ViX2NhdGVnb3J5IjoiMzMzIiwicXVvdGVkaXRlbV9zZXQtNC1pZCI6IiIsIm9yZ2FuaXNhdGlvbiI6IjEiLCJxdW90ZWRpdGVtX3NldC0zLXBhcmVudF9jYXRlZ29yeSI6IiIsInF1b3RlZGl0ZW1fc2V0LTctaWQiOiIiLCJidXllcl90ZXh0IjoiIiwicXVvdGVkaXRlbV9zZXQtNS1xdHkiOiIiLCJxdW90ZWRpdGVtX3NldC05LWlkIjoiIiwicXVvdGVkaXRlbV9zZXQtNC1xdHkiOiIiLCJxdW90ZWRpdGVtX3NldC03LXF1b3RlZF9vcmRlciI6IiIsInF1b3RlZGl0ZW1fc2V0LTUtcGFyZW50X2NhdGVnb3J5IjoiIiwicXVvdGVkaXRlbV9zZXQtSU5JVElBTF9GT1JNUyI6IjAiLCJxdW90ZWRpdGVtX3NldC0zLXF1b3RlZF9vcmRlciI6IiIsImNzcmZtaWRkbGV3YXJldG9rZW4iOiJWWVRneFJTaUY1MHlCVmlVOHZnWG1LTEd5Y3M2eFc3NyIsInF1b3RlZGl0ZW1fc2V0LTQtcGFyZW50X2NhdGVnb3J5IjoiIiwicXVvdGVkaXRlbV9zZXQtNC1xdW90ZWRfb3JkZXIiOiIiLCJxdW90ZWRpdGVtX3NldC05LXBhcmVudF9jYXRlZ29yeSI6IiIsInF1b3RlZGl0ZW1fc2V0LV9fcHJlZml4X18tcXR5IjoiIiwicXVvdGVkaXRlbV9zZXQtNS1pZCI6IiIsInF1b3RlZGl0ZW1fc2V0LTAtcXR5IjoiMiIsInF1b3RlZGl0ZW1fc2V0LTYtcXVvdGVkX29yZGVyIjoiIiwiX3NhdmUiOiIiLCJxdW90ZWRpdGVtX3NldC0yLXF1b3RlZF9vcmRlciI6IiIsInF1b3RlZGl0ZW1fc2V0LTUtcXVvdGVkX29yZGVyIjoiIiwicXVvdGVkaXRlbV9zZXQtOC1xdW90ZWRfb3JkZXIiOiIiLCJxdW90ZWRpdGVtX3NldC0xLXBhcmVudF9jYXRlZ29yeSI6IjI3IiwicXVvdGVkaXRlbV9zZXQtMi1wYXJlbnRfY2F0ZWdvcnkiOiIiLCJxdW90ZWRpdGVtX3NldC02LXBhcmVudF9jYXRlZ29yeSI6IiIsImJ1eWVyIjoiMzEiLCJxdW90ZWRpdGVtX3NldC1fX3ByZWZpeF9fLXBhcmVudF9jYXRlZ29yeSI6IiIsInF1b3RlZGl0ZW1fc2V0LTMtcXR5IjoiIiwicXVvdGVkaXRlbV9zZXQtNy1xdHkiOiIiLCJkZWxpdmVyeV9hZGRyZXNzIjoiQ29uc3RydWN0aW9uIG9mIFNhcmFuIEJ1aWxkaW5nIGF0IEdvdnQuIEhpZ2ggU2Nob29sIFdha3lpYSBDaG93aywgQmFiYSBTYWhpYiwgU2hyaSBBbXJpdHNhciIsInF1b3RlZGl0ZW1fc2V0LTEtaWQiOiIiLCJxdW90ZWRpdGVtX3NldC0wLXN1Yl9jYXRlZ29yeSI6IjMzMyIsInRvdGFsX2Rpc2NvdW50IjoiMCIsImNoZXF1ZV9kZF9udW1iZXIiOiIiLCJxdW90ZWRpdGVtX3NldC1fX3ByZWZpeF9fLWlkIjoiIiwicXVvdGVkaXRlbV9zZXQtMi1xdHkiOiIiLCJxdW90ZWRpdGVtX3NldC1NQVhfTlVNX0ZPUk1TIjoiMTAwMCIsInF1b3RlZGl0ZW1fc2V0LU1JTl9OVU1fRk9STVMiOiIwIiwicXVvdGVkaXRlbV9zZXQtVE9UQUxfRk9STVMiOiIxMCIsImNoZXF1ZV9kZF9kYXRlIjoiIiwicXVvdGVkaXRlbV9zZXQtOC1xdHkiOiIiLCJxdW90ZWRpdGVtX3NldC0xLXF1b3RlZF9vcmRlciI6IiIsInF1b3RlZGl0ZW1fc2V0LTgtaWQiOiIiLCJxdW90ZWRpdGVtX3NldC1fX3ByZWZpeF9fLXF1b3RlZF9vcmRlciI6IiJ9LCJxdW90ZWRfb3JkZXJfaWQiOjEsIl9hdXRoX3VzZXJfaGFzaCI6IjlmZDU2MDdlZGI2NTYzYzJiZTEzNTA2ZGE5NWUzMjhkYmVhNThiMWIiLCJfYXV0aF91c2VyX2JhY2tlbmQiOiJkamFuZ28uY29udHJpYi5hdXRoLmJhY2tlbmRzLk1vZGVsQmFja2VuZCIsIl9hdXRoX3VzZXJfaWQiOjU5OH0=', '2014-12-11 09:48:29'),
('vx184iic5rnzyeuu4uait5pj99gj6bhj', 'NzM3OTk4ZjMwZTIyY2EzOGExYTVlYzJjNzgyZWMzZDYzYzQ3YmVjNTp7fQ==', '2014-10-22 09:22:45'),
('w1rghzjbnoyki6ie8vqwjf9thexigxsj', 'MDUxZmUxMTk3Nzk1NjJhNDVlMmVjODMzNTIzZjAwYTVmYWY4NDUwOTp7Il9hdXRoX3VzZXJfaGFzaCI6IjgyN2RkMmFlNjkxOGM2MjE2NmMxYWMxM2IxMDQxNDc0MGIzMjQ4ODUiLCJfYXV0aF91c2VyX2JhY2tlbmQiOiJkamFuZ28uY29udHJpYi5hdXRoLmJhY2tlbmRzLk1vZGVsQmFja2VuZCIsIl9hdXRoX3VzZXJfaWQiOjU5NX0=', '2015-01-06 11:03:12'),
('wrs33uayexur2q8fikfh810q7wwu3suh', 'MWUyMjlmNmU5NTJkMmM3OGJkYjIxZWYyODlkMDA4YWM4MGM2MGE3Mjp7Im9sZF9wb3N0Ijp7InB1cmNoYXNlZGl0ZW1fc2V0LTAtaXRlbSI6IjcxMCIsInB1cmNoYXNlZGl0ZW1fc2V0LTYtcHVyY2hhc2Vfb3JkZXIiOiIiLCJyZWZlcmVuY2UiOiJuaWwiLCJwdXJjaGFzZWRpdGVtX3NldC1UT1RBTF9GT1JNUyI6IjEwIiwicHVyY2hhc2VkaXRlbV9zZXQtMC1xdHkiOiIyIiwicHVyY2hhc2VkaXRlbV9zZXQtMS10eXBlIjoiIiwicHVyY2hhc2VkaXRlbV9zZXQtSU5JVElBTF9GT1JNUyI6IjAiLCJwdXJjaGFzZWRpdGVtX3NldC00LXF0eSI6IiIsInB1cmNoYXNlZGl0ZW1fc2V0LTgtaWQiOiIiLCJwdXJjaGFzZWRpdGVtX3NldC00LXB1cmNoYXNlX29yZGVyIjoiIiwicHVyY2hhc2VkaXRlbV9zZXQtOC1xdHkiOiIiLCJwdXJjaGFzZWRpdGVtX3NldC00LWlkIjoiIiwicHVyY2hhc2VkaXRlbV9zZXQtNC1wcmljZV9wZXJfdW5pdCI6IiIsInJlZmVyZW5jZV9kYXRlIjoiMjAxNC0xMi0yMyIsInB1cmNoYXNlZGl0ZW1fc2V0LTItcHJpY2VfcGVyX3VuaXQiOiIiLCJwdXJjaGFzZWRpdGVtX3NldC02LXR5cGUiOiIiLCJwdXJjaGFzZWRpdGVtX3NldC03LWlkIjoiIiwicHVyY2hhc2VkaXRlbV9zZXQtX19wcmVmaXhfXy1wcmljZV9wZXJfdW5pdCI6IiIsInB1cmNoYXNlZGl0ZW1fc2V0LTEtcHVyY2hhc2Vfb3JkZXIiOiIiLCJwdXJjaGFzZWRpdGVtX3NldC05LXF0eSI6IiIsInB1cmNoYXNlZGl0ZW1fc2V0LTMtcHVyY2hhc2Vfb3JkZXIiOiIiLCJwdXJjaGFzZWRpdGVtX3NldC0xLXByaWNlX3Blcl91bml0IjoiIiwib3JnYW5pc2F0aW9uIjoiMSIsInB1cmNoYXNlZGl0ZW1fc2V0LTgtcHJpY2VfcGVyX3VuaXQiOiIiLCJwdXJjaGFzZWRpdGVtX3NldC02LXByaWNlX3Blcl91bml0IjoiIiwiYnV5ZXJfdGV4dCI6IiIsInB1cmNoYXNlZGl0ZW1fc2V0LTAtcHVyY2hhc2Vfb3JkZXIiOiIiLCJwdXJjaGFzZWRpdGVtX3NldC01LXB1cmNoYXNlX29yZGVyIjoiIiwidG90YWxfZGlzY291bnQiOiIwIiwicHVyY2hhc2VkaXRlbV9zZXQtOS1pZCI6IiIsInB1cmNoYXNlZGl0ZW1fc2V0LTMtdHlwZSI6IiIsInB1cmNoYXNlZGl0ZW1fc2V0LTItcHVyY2hhc2Vfb3JkZXIiOiIiLCJjc3JmbWlkZGxld2FyZXRva2VuIjoiOEpaQVJCS2hnd2Nnd2lOMHdKSVMxSUVnVGd6b2d6bE0iLCJwdXJjaGFzZWRpdGVtX3NldC1fX3ByZWZpeF9fLWlkIjoiIiwicHVyY2hhc2VkaXRlbV9zZXQtMi1xdHkiOiIiLCJwdXJjaGFzZWRpdGVtX3NldC0wLXBhcmVudF9jYXRlZ29yeSI6IjkiLCJwdXJjaGFzZWRpdGVtX3NldC05LXByaWNlX3Blcl91bml0IjoiIiwicHVyY2hhc2VkaXRlbV9zZXQtNS1xdHkiOiIiLCJwdXJjaGFzZWRpdGVtX3NldC03LXB1cmNoYXNlX29yZGVyIjoiIiwibW9kZV9vZl9wYXltZW50IjoiMSIsInB1cmNoYXNlZGl0ZW1fc2V0LU1BWF9OVU1fRk9STVMiOiIxMDAwIiwiX3NhdmUiOiIiLCJkZWxpdmVyeV9hZGRyZXNzIjoiTWFsb3VkIEludGVybG9ja2luZyBUaWxlIEZhY3RvcnksIE1hbG91ZCAoTERIKSIsInB1cmNoYXNlZGl0ZW1fc2V0LTUtcHJpY2VfcGVyX3VuaXQiOiIiLCJwdXJjaGFzZWRpdGVtX3NldC03LXR5cGUiOiIiLCJwdXJjaGFzZWRpdGVtX3NldC0wLWlkIjoiIiwicHVyY2hhc2VkaXRlbV9zZXQtOC1wdXJjaGFzZV9vcmRlciI6IiIsInB1cmNoYXNlZGl0ZW1fc2V0LTMtaWQiOiIiLCJwdXJjaGFzZWRpdGVtX3NldC1fX3ByZWZpeF9fLXB1cmNoYXNlX29yZGVyIjoiIiwiYnV5ZXIiOiI1OTAiLCJwdXJjaGFzZWRpdGVtX3NldC04LXR5cGUiOiIiLCJwdXJjaGFzZWRpdGVtX3NldC0xLXF0eSI6IiIsInB1cmNoYXNlZGl0ZW1fc2V0LTItdHlwZSI6IiIsInB1cmNoYXNlZGl0ZW1fc2V0LTAtc3ViX2NhdGVnb3J5IjoiMjQ4IiwicHVyY2hhc2VkaXRlbV9zZXQtX19wcmVmaXhfXy10eXBlIjoiIiwicHVyY2hhc2VkaXRlbV9zZXQtNi1xdHkiOiIiLCJwdXJjaGFzZWRpdGVtX3NldC03LXByaWNlX3Blcl91bml0IjoiIiwicHVyY2hhc2VkaXRlbV9zZXQtMC10eXBlIjoiMSIsInRkcyI6IjAiLCJjaGVxdWVfZGRfZGF0ZSI6IiIsInB1cmNoYXNlZGl0ZW1fc2V0LTctcXR5IjoiIiwiY2hlcXVlX2RkX251bWJlciI6IiIsInB1cmNoYXNlZGl0ZW1fc2V0LTQtdHlwZSI6IiIsInB1cmNoYXNlZGl0ZW1fc2V0LTItaWQiOiIiLCJwdXJjaGFzZWRpdGVtX3NldC0wLXByaWNlX3Blcl91bml0IjoiMzAwIiwicHVyY2hhc2VkaXRlbV9zZXQtOS1wdXJjaGFzZV9vcmRlciI6IiIsInB1cmNoYXNlZGl0ZW1fc2V0LTktdHlwZSI6IiIsInB1cmNoYXNlZGl0ZW1fc2V0LTMtcXR5IjoiIiwicHVyY2hhc2VkaXRlbV9zZXQtMy1wcmljZV9wZXJfdW5pdCI6IiIsInB1cmNoYXNlZGl0ZW1fc2V0LTUtdHlwZSI6IiIsInB1cmNoYXNlZGl0ZW1fc2V0LV9fcHJlZml4X18tcXR5IjoiIiwicHVyY2hhc2VkaXRlbV9zZXQtNS1pZCI6IiIsInB1cmNoYXNlZGl0ZW1fc2V0LTYtaWQiOiIiLCJwdXJjaGFzZWRpdGVtX3NldC1NSU5fTlVNX0ZPUk1TIjoiMCIsInB1cmNoYXNlZGl0ZW1fc2V0LTEtaWQiOiIifSwiX2F1dGhfdXNlcl9oYXNoIjoiOWZkNTYwN2VkYjY1NjNjMmJlMTM1MDZkYTk1ZTMyOGRiZWE1OGIxYiIsIl9hdXRoX3VzZXJfYmFja2VuZCI6ImRqYW5nby5jb250cmliLmF1dGguYmFja2VuZHMuTW9kZWxCYWNrZW5kIiwiX2F1dGhfdXNlcl9pZCI6NTk4LCJwdXJjaGFzZV9vcmRlcl9pZCI6Nn0=', '2015-01-06 06:20:24'),
('x037tml1e8o7jnfkn24fwa0hzre7pk1j', 'NDhlYjQ4ZjcyYzc0YTdiNDRkNjI4NTFiMzRlYThlMjU0YTcyYzc0YTp7Im9sZF9wb3N0Ijp7InB1cmNoYXNlZGl0ZW1fc2V0LTAtaXRlbSI6IjQ1NCIsInB1cmNoYXNlZGl0ZW1fc2V0LTYtcHVyY2hhc2Vfb3JkZXIiOiIiLCJyZWZlcmVuY2UiOiJsZXR0ZXIgbm8uIDIzMTIiLCJwdXJjaGFzZWRpdGVtX3NldC1UT1RBTF9GT1JNUyI6IjEwIiwicHVyY2hhc2VkaXRlbV9zZXQtMC1xdHkiOiIyIiwicHVyY2hhc2VkaXRlbV9zZXQtSU5JVElBTF9GT1JNUyI6IjAiLCJwdXJjaGFzZWRpdGVtX3NldC00LXF0eSI6IiIsInB1cmNoYXNlZGl0ZW1fc2V0LTQtcHVyY2hhc2Vfb3JkZXIiOiIiLCJwdXJjaGFzZWRpdGVtX3NldC04LXF0eSI6IiIsInRkcyI6IjAiLCJwdXJjaGFzZWRpdGVtX3NldC00LWlkIjoiIiwicHVyY2hhc2VkaXRlbV9zZXQtOC1pZCI6IiIsInB1cmNoYXNlZGl0ZW1fc2V0LTctaWQiOiIiLCJfc2F2ZSI6IiIsInB1cmNoYXNlZGl0ZW1fc2V0LTItcGFyZW50X2NhdGVnb3J5IjoiIiwicHVyY2hhc2VkaXRlbV9zZXQtNC1wYXJlbnRfY2F0ZWdvcnkiOiIiLCJwdXJjaGFzZWRpdGVtX3NldC05LXF0eSI6IiIsInB1cmNoYXNlZGl0ZW1fc2V0LTEtcGFyZW50X2NhdGVnb3J5IjoiIiwib3JnYW5pc2F0aW9uIjoiMSIsInB1cmNoYXNlZGl0ZW1fc2V0LTctcGFyZW50X2NhdGVnb3J5IjoiIiwiYnV5ZXJfdGV4dCI6IiIsInB1cmNoYXNlZGl0ZW1fc2V0LTAtcHVyY2hhc2Vfb3JkZXIiOiIiLCJwdXJjaGFzZWRpdGVtX3NldC01LXB1cmNoYXNlX29yZGVyIjoiIiwidG90YWxfZGlzY291bnQiOiIwIiwicHVyY2hhc2VkaXRlbV9zZXQtOS1pZCI6IiIsInB1cmNoYXNlZGl0ZW1fc2V0LTEtcHVyY2hhc2Vfb3JkZXIiOiIiLCJwdXJjaGFzZWRpdGVtX3NldC0yLXB1cmNoYXNlX29yZGVyIjoiIiwiY3NyZm1pZGRsZXdhcmV0b2tlbiI6IkZqdlQ4YU4wajRSMURGdlpJNEEyeTFsdzAwR2Y3UkxNIiwicHVyY2hhc2VkaXRlbV9zZXQtX19wcmVmaXhfXy1pZCI6IiIsInB1cmNoYXNlZGl0ZW1fc2V0LTItcXR5IjoiIiwicHVyY2hhc2VkaXRlbV9zZXQtMC1wYXJlbnRfY2F0ZWdvcnkiOiIzNSIsInB1cmNoYXNlZGl0ZW1fc2V0LTUtcXR5IjoiIiwicHVyY2hhc2VkaXRlbV9zZXQtNy1wdXJjaGFzZV9vcmRlciI6IiIsIm1vZGVfb2ZfcGF5bWVudCI6IjEiLCJwdXJjaGFzZWRpdGVtX3NldC1NQVhfTlVNX0ZPUk1TIjoiMTAwMCIsInB1cmNoYXNlZGl0ZW1fc2V0LTYtcGFyZW50X2NhdGVnb3J5IjoiIiwicHVyY2hhc2VkaXRlbV9zZXQtMy1wYXJlbnRfY2F0ZWdvcnkiOiIiLCJwdXJjaGFzZWRpdGVtX3NldC01LXBhcmVudF9jYXRlZ29yeSI6IiIsInB1cmNoYXNlZGl0ZW1fc2V0LTgtcHVyY2hhc2Vfb3JkZXIiOiIiLCJwdXJjaGFzZWRpdGVtX3NldC0wLWlkIjoiIiwicHVyY2hhc2VkaXRlbV9zZXQtMy1pZCI6IiIsInB1cmNoYXNlZGl0ZW1fc2V0LTgtcGFyZW50X2NhdGVnb3J5IjoiIiwiYnV5ZXIiOiI3IiwicHVyY2hhc2VkaXRlbV9zZXQtMS1xdHkiOiIiLCJwdXJjaGFzZWRpdGVtX3NldC05LXBhcmVudF9jYXRlZ29yeSI6IiIsInB1cmNoYXNlZGl0ZW1fc2V0LTAtc3ViX2NhdGVnb3J5IjoiNDgiLCJkZWxpdmVyeV9hZGRyZXNzIjoiMiIsInB1cmNoYXNlZGl0ZW1fc2V0LTYtcXR5IjoiIiwicHVyY2hhc2VkaXRlbV9zZXQtMy1wdXJjaGFzZV9vcmRlciI6IiIsInB1cmNoYXNlZGl0ZW1fc2V0LTctcXR5IjoiIiwicHVyY2hhc2VkaXRlbV9zZXQtX19wcmVmaXhfXy1wYXJlbnRfY2F0ZWdvcnkiOiIiLCJwdXJjaGFzZWRpdGVtX3NldC1fX3ByZWZpeF9fLXF0eSI6IiIsInB1cmNoYXNlZGl0ZW1fc2V0LTItaWQiOiIiLCJwdXJjaGFzZWRpdGVtX3NldC05LXB1cmNoYXNlX29yZGVyIjoiIiwicHVyY2hhc2VkaXRlbV9zZXQtX19wcmVmaXhfXy1wdXJjaGFzZV9vcmRlciI6IiIsInB1cmNoYXNlZGl0ZW1fc2V0LTMtcXR5IjoiIiwicHVyY2hhc2VkaXRlbV9zZXQtNS1pZCI6IiIsInB1cmNoYXNlZGl0ZW1fc2V0LTYtaWQiOiIiLCJwdXJjaGFzZWRpdGVtX3NldC1NSU5fTlVNX0ZPUk1TIjoiMCIsInB1cmNoYXNlZGl0ZW1fc2V0LTEtaWQiOiIifSwiX2F1dGhfdXNlcl9oYXNoIjoiOTNkNDYwNzhiNmFlNjkxYjFlZGQ3YzEwMmU3MWJlMDhkYTdiNTFjYyIsIl9hdXRoX3VzZXJfYmFja2VuZCI6ImRqYW5nby5jb250cmliLmF1dGguYmFja2VuZHMuTW9kZWxCYWNrZW5kIiwiX2F1dGhfdXNlcl9pZCI6MSwicHVyY2hhc2Vfb3JkZXJfaWQiOjE2fQ==', '2014-10-03 13:22:38'),
('xajw4k0s48xy2ip3rpfw4sh8roelpro4', 'ZjU4ZjU5YzZiMjY3YTgwODUxZDNkNmY0NzA3ZWZiOTdmOTFjNTY0OTp7Il9hdXRoX3VzZXJfaGFzaCI6IjkyZmMzZTYzNDczMjgwYjNhNmYzYTM5ZTgwZWE5ZGU3YjdjNGJmOGYiLCJfYXV0aF91c2VyX2JhY2tlbmQiOiJkamFuZ28uY29udHJpYi5hdXRoLmJhY2tlbmRzLk1vZGVsQmFja2VuZCIsIl9hdXRoX3VzZXJfaWQiOjU5Nn0=', '2014-12-25 06:53:28'),
('xg9clu80y3j732chfynq1r2iie5yzmnn', 'ZjU4ZjU5YzZiMjY3YTgwODUxZDNkNmY0NzA3ZWZiOTdmOTFjNTY0OTp7Il9hdXRoX3VzZXJfaGFzaCI6IjkyZmMzZTYzNDczMjgwYjNhNmYzYTM5ZTgwZWE5ZGU3YjdjNGJmOGYiLCJfYXV0aF91c2VyX2JhY2tlbmQiOiJkamFuZ28uY29udHJpYi5hdXRoLmJhY2tlbmRzLk1vZGVsQmFja2VuZCIsIl9hdXRoX3VzZXJfaWQiOjU5Nn0=', '2015-01-05 09:27:17'),
('xju3eem68l2xodt7vffa809jgsmw8ydn', 'YWJiMzY2YWYzMzdhOGNmZDA2ZGU2MDE2MGI0ZTc1NjIxYjJjYmIwNTp7Il9hdXRoX3VzZXJfaGFzaCI6ImY5NjAxNzEzNWI1ZDU0ZGYwOTM4MWExZmNjZDNhMTYxNDBkNjM0YzUiLCJfYXV0aF91c2VyX2JhY2tlbmQiOiJkamFuZ28uY29udHJpYi5hdXRoLmJhY2tlbmRzLk1vZGVsQmFja2VuZCIsIl9hdXRoX3VzZXJfaWQiOjN9', '2014-09-24 06:22:45'),
('xlf5suc0325hq19ps28x9prm6ig6ifib', 'NzQ0MjMxYzE1Y2RmNjc4MjhhMjc1Mzc3ZWE2MTZkMzZlY2Y5MDBjMDp7Il9hdXRoX3VzZXJfaGFzaCI6Ijc3MWQ0YjE5MGRmNWE0OGZmYzg5OWVkZThjMTU2YjU1OTUyODViOTUiLCJfYXV0aF91c2VyX2JhY2tlbmQiOiJkamFuZ28uY29udHJpYi5hdXRoLmJhY2tlbmRzLk1vZGVsQmFja2VuZCIsIl9hdXRoX3VzZXJfaWQiOjU5N30=', '2014-12-25 10:01:32');
INSERT INTO `django_session` (`session_key`, `session_data`, `expire_date`) VALUES
('xngwuyacuue5cb1qnqt3cyde3iy3z81m', 'MDdhOTI2NzNlMDI1NWRjYjQ4MjIwMWNlYTFmMzhiMTJiYTI0ZDIwMDp7Il9hdXRoX3VzZXJfaWQiOjU5OCwibm9ucGF5bWVudG9yZGVyX2lkIjoxMywib2xkX3Bvc3QiOnsicHVyY2hhc2VkaXRlbV9zZXQtOC1pZCI6IiIsInB1cmNoYXNlZGl0ZW1fc2V0LTgtcHJpY2VfcGVyX3VuaXQiOiIiLCJwdXJjaGFzZWRpdGVtX3NldC0yNy1wcmljZV9wZXJfdW5pdCI6IiIsInB1cmNoYXNlZGl0ZW1fc2V0LTEtdHlwZSI6IiIsInB1cmNoYXNlZGl0ZW1fc2V0LTQtcXR5IjoiIiwicHVyY2hhc2VkaXRlbV9zZXQtNC1wdXJjaGFzZV9vcmRlciI6IiIsInB1cmNoYXNlZGl0ZW1fc2V0LTEyLXByaWNlX3Blcl91bml0IjoiIiwicHVyY2hhc2VkaXRlbV9zZXQtMTMtcHJpY2VfcGVyX3VuaXQiOiIiLCJwdXJjaGFzZWRpdGVtX3NldC0yMy10eXBlIjoiIiwicHVyY2hhc2VkaXRlbV9zZXQtNC1pZCI6IiIsInB1cmNoYXNlZGl0ZW1fc2V0LTctaWQiOiIiLCJwdXJjaGFzZWRpdGVtX3NldC1fX3ByZWZpeF9fLXByaWNlX3Blcl91bml0IjoiIiwicHVyY2hhc2VkaXRlbV9zZXQtMTQtaWQiOiIiLCJwdXJjaGFzZWRpdGVtX3NldC0xLXByaWNlX3Blcl91bml0IjoiIiwib3JnYW5pc2F0aW9uIjoiMSIsInB1cmNoYXNlZGl0ZW1fc2V0LTI3LXR5cGUiOiIiLCJwdXJjaGFzZWRpdGVtX3NldC0wLXF0eSI6IjEiLCJwdXJjaGFzZWRpdGVtX3NldC0xNS1wcmljZV9wZXJfdW5pdCI6IiIsInB1cmNoYXNlZGl0ZW1fc2V0LTE2LXByaWNlX3Blcl91bml0IjoiIiwicHVyY2hhc2VkaXRlbV9zZXQtX19wcmVmaXhfXy1xdHkiOiIiLCJwdXJjaGFzZWRpdGVtX3NldC0zLXR5cGUiOiIiLCJwdXJjaGFzZWRpdGVtX3NldC0yMS1pZCI6IiIsInB1cmNoYXNlZGl0ZW1fc2V0LTExLXB1cmNoYXNlX29yZGVyIjoiIiwidHlwZV9vZl9zZXJ2aWNlIjoiMiIsInB1cmNoYXNlZGl0ZW1fc2V0LTEyLXB1cmNoYXNlX29yZGVyIjoiIiwicHVyY2hhc2VkaXRlbV9zZXQtNS1wcmljZV9wZXJfdW5pdCI6IiIsInB1cmNoYXNlZGl0ZW1fc2V0LTE0LXF0eSI6IiIsInB1cmNoYXNlZGl0ZW1fc2V0LTI1LXByaWNlX3Blcl91bml0IjoiIiwicHVyY2hhc2VkaXRlbV9zZXQtMTUtcXR5IjoiIiwiYnV5ZXIiOiI1NDEiLCJwdXJjaGFzZWRpdGVtX3NldC0xNy1wcmljZV9wZXJfdW5pdCI6IiIsInB1cmNoYXNlZGl0ZW1fc2V0LTEwLXByaWNlX3Blcl91bml0IjoiIiwicHVyY2hhc2VkaXRlbV9zZXQtMTctaWQiOiIiLCJwdXJjaGFzZWRpdGVtX3NldC0yOC10eXBlIjoiIiwicHVyY2hhc2VkaXRlbV9zZXQtMTctcXR5IjoiIiwiY2hlcXVlX2RkX251bWJlciI6IiIsInB1cmNoYXNlZGl0ZW1fc2V0LTIyLXR5cGUiOiIiLCJwdXJjaGFzZWRpdGVtX3NldC0xMC1wdXJjaGFzZV9vcmRlciI6IiIsInB1cmNoYXNlZGl0ZW1fc2V0LTI2LXR5cGUiOiIiLCJwdXJjaGFzZWRpdGVtX3NldC0yNy1xdHkiOiIiLCJwdXJjaGFzZWRpdGVtX3NldC0zLXByaWNlX3Blcl91bml0IjoiIiwicHVyY2hhc2VkaXRlbV9zZXQtMjQtcHJpY2VfcGVyX3VuaXQiOiIiLCJwdXJjaGFzZWRpdGVtX3NldC1NSU5fTlVNX0ZPUk1TIjoiMCIsInB1cmNoYXNlZGl0ZW1fc2V0LTEtaWQiOiIiLCJwdXJjaGFzZWRpdGVtX3NldC0xOC1pZCI6IiIsInJlZmVyZW5jZSI6IlNwbC0yMzkiLCJtb2RlX29mX3BheW1lbnQiOiIxIiwicHVyY2hhc2VkaXRlbV9zZXQtMTUtcHVyY2hhc2Vfb3JkZXIiOiIiLCJwdXJjaGFzZWRpdGVtX3NldC0yMC1xdHkiOiIiLCJwdXJjaGFzZWRpdGVtX3NldC1fX3ByZWZpeF9fLXR5cGUiOiIiLCJwdXJjaGFzZWRpdGVtX3NldC0xMi10eXBlIjoiIiwicHVyY2hhc2VkaXRlbV9zZXQtMTEtaWQiOiIiLCJwdXJjaGFzZWRpdGVtX3NldC0yNS1xdHkiOiIiLCJwdXJjaGFzZWRpdGVtX3NldC0yMi1xdHkiOiIiLCJwdXJjaGFzZWRpdGVtX3NldC05LXF0eSI6IiIsInB1cmNoYXNlZGl0ZW1fc2V0LTEzLXR5cGUiOiIiLCJwdXJjaGFzZWRpdGVtX3NldC0xNC1wdXJjaGFzZV9vcmRlciI6IiIsInB1cmNoYXNlZGl0ZW1fc2V0LTIyLXByaWNlX3Blcl91bml0IjoiIiwicHVyY2hhc2VkaXRlbV9zZXQtMC1wdXJjaGFzZV9vcmRlciI6IiIsInB1cmNoYXNlZGl0ZW1fc2V0LTktaWQiOiIiLCJwdXJjaGFzZWRpdGVtX3NldC0yLXB1cmNoYXNlX29yZGVyIjoiIiwicHVyY2hhc2VkaXRlbV9zZXQtMjAtdHlwZSI6IiIsInB1cmNoYXNlZGl0ZW1fc2V0LTI5LXR5cGUiOiIiLCJwdXJjaGFzZWRpdGVtX3NldC0yLXF0eSI6IiIsInB1cmNoYXNlZGl0ZW1fc2V0LTI5LXF0eSI6IiIsInB1cmNoYXNlZGl0ZW1fc2V0LTctcHVyY2hhc2Vfb3JkZXIiOiIiLCJwdXJjaGFzZWRpdGVtX3NldC0yMC1pZCI6IiIsInB1cmNoYXNlZGl0ZW1fc2V0LTgtdHlwZSI6IiIsInB1cmNoYXNlZGl0ZW1fc2V0LTEwLXR5cGUiOiIiLCJwdXJjaGFzZWRpdGVtX3NldC0yNi1wdXJjaGFzZV9vcmRlciI6IiIsInRkcyI6IjAiLCJwdXJjaGFzZWRpdGVtX3NldC0yOS1wdXJjaGFzZV9vcmRlciI6IiIsInB1cmNoYXNlZGl0ZW1fc2V0LTItdHlwZSI6IiIsImRlbGl2ZXJ5X2FkZHJlc3MiOiJBbWxvaCBSZXN0IEhvdXNlLCBGYXJlaGdhcmggU2FoaWIiLCJwdXJjaGFzZWRpdGVtX3NldC0xNi1pZCI6IiIsInB1cmNoYXNlZGl0ZW1fc2V0LTMtaWQiOiIiLCJjaGVxdWVfZGRfZGF0ZSI6IiIsInB1cmNoYXNlZGl0ZW1fc2V0LTIzLXByaWNlX3Blcl91bml0IjoiIiwicHVyY2hhc2VkaXRlbV9zZXQtMi1pZCI6IiIsInB1cmNoYXNlZGl0ZW1fc2V0LTE2LXR5cGUiOiIiLCJwdXJjaGFzZWRpdGVtX3NldC05LXB1cmNoYXNlX29yZGVyIjoiIiwicHVyY2hhc2VkaXRlbV9zZXQtMTktcHJpY2VfcGVyX3VuaXQiOiIiLCJwdXJjaGFzZWRpdGVtX3NldC01LXR5cGUiOiIiLCJwdXJjaGFzZWRpdGVtX3NldC01LWlkIjoiIiwicHVyY2hhc2VkaXRlbV9zZXQtMjgtcHVyY2hhc2Vfb3JkZXIiOiIiLCJwdXJjaGFzZWRpdGVtX3NldC0yOC1wcmljZV9wZXJfdW5pdCI6IiIsInB1cmNoYXNlZGl0ZW1fc2V0LTI4LXF0eSI6IiIsInB1cmNoYXNlZGl0ZW1fc2V0LVRPVEFMX0ZPUk1TIjoiMzAiLCJwdXJjaGFzZWRpdGVtX3NldC0yMS1xdHkiOiIiLCJwdXJjaGFzZWRpdGVtX3NldC1JTklUSUFMX0ZPUk1TIjoiMCIsInB1cmNoYXNlZGl0ZW1fc2V0LTIwLXByaWNlX3Blcl91bml0IjoiIiwicHVyY2hhc2VkaXRlbV9zZXQtMjQtaWQiOiIiLCJwdXJjaGFzZWRpdGVtX3NldC00LXByaWNlX3Blcl91bml0IjoiIiwicHVyY2hhc2VkaXRlbV9zZXQtMi1wcmljZV9wZXJfdW5pdCI6IiIsInB1cmNoYXNlZGl0ZW1fc2V0LTIzLWlkIjoiIiwicHVyY2hhc2VkaXRlbV9zZXQtMTYtcHVyY2hhc2Vfb3JkZXIiOiIiLCJwdXJjaGFzZWRpdGVtX3NldC0xNy10eXBlIjoiIiwicHVyY2hhc2VkaXRlbV9zZXQtMTktcHVyY2hhc2Vfb3JkZXIiOiIiLCJidXllcl90ZXh0IjoiIiwicHVyY2hhc2VkaXRlbV9zZXQtNS1wdXJjaGFzZV9vcmRlciI6IiIsInB1cmNoYXNlZGl0ZW1fc2V0LTEzLWlkIjoiIiwicHVyY2hhc2VkaXRlbV9zZXQtMTctcHVyY2hhc2Vfb3JkZXIiOiIiLCJwdXJjaGFzZWRpdGVtX3NldC0xLXB1cmNoYXNlX29yZGVyIjoiIiwicHVyY2hhc2VkaXRlbV9zZXQtMjItaWQiOiIiLCJwdXJjaGFzZWRpdGVtX3NldC1fX3ByZWZpeF9fLWlkIjoiIiwicHVyY2hhc2VkaXRlbV9zZXQtMC1wYXJlbnRfY2F0ZWdvcnkiOiI5IiwicHVyY2hhc2VkaXRlbV9zZXQtOS1wcmljZV9wZXJfdW5pdCI6IiIsInB1cmNoYXNlZGl0ZW1fc2V0LTUtcXR5IjoiIiwiX3NhdmUiOiIiLCJwdXJjaGFzZWRpdGVtX3NldC0yNS1wdXJjaGFzZV9vcmRlciI6IiIsInB1cmNoYXNlZGl0ZW1fc2V0LTI2LXByaWNlX3Blcl91bml0IjoiIiwicHVyY2hhc2VkaXRlbV9zZXQtMC10eXBlIjoiMSIsInB1cmNoYXNlZGl0ZW1fc2V0LTI5LWlkIjoiIiwicHVyY2hhc2VkaXRlbV9zZXQtMjQtcHVyY2hhc2Vfb3JkZXIiOiIiLCJwdXJjaGFzZWRpdGVtX3NldC0yNS10eXBlIjoiIiwicHVyY2hhc2VkaXRlbV9zZXQtMTItcXR5IjoiIiwicHVyY2hhc2VkaXRlbV9zZXQtMS1xdHkiOiIiLCJwdXJjaGFzZWRpdGVtX3NldC0xOS1pZCI6IiIsInB1cmNoYXNlZGl0ZW1fc2V0LTgtcXR5IjoiIiwicHVyY2hhc2VkaXRlbV9zZXQtMjEtcHVyY2hhc2Vfb3JkZXIiOiIiLCJwdXJjaGFzZWRpdGVtX3NldC0xMC1xdHkiOiIiLCJwdXJjaGFzZWRpdGVtX3NldC03LXF0eSI6IiIsInB1cmNoYXNlZGl0ZW1fc2V0LTIxLXByaWNlX3Blcl91bml0IjoiIiwicHVyY2hhc2VkaXRlbV9zZXQtMTQtdHlwZSI6IiIsInB1cmNoYXNlZGl0ZW1fc2V0LTE5LXR5cGUiOiIiLCJwdXJjaGFzZWRpdGVtX3NldC05LXR5cGUiOiIiLCJwdXJjaGFzZWRpdGVtX3NldC0xMS10eXBlIjoiIiwicHVyY2hhc2VkaXRlbV9zZXQtMC1pdGVtIjoiNzAiLCJwdXJjaGFzZWRpdGVtX3NldC02LXB1cmNoYXNlX29yZGVyIjoiIiwicHVyY2hhc2VkaXRlbV9zZXQtNy1wcmljZV9wZXJfdW5pdCI6IiIsInB1cmNoYXNlZGl0ZW1fc2V0LTEzLXF0eSI6IiIsInB1cmNoYXNlZGl0ZW1fc2V0LTE4LXB1cmNoYXNlX29yZGVyIjoiIiwicHVyY2hhc2VkaXRlbV9zZXQtNC10eXBlIjoiIiwicHVyY2hhc2VkaXRlbV9zZXQtMjMtcXR5IjoiIiwicHVyY2hhc2VkaXRlbV9zZXQtMTYtcXR5IjoiIiwicmVmZXJlbmNlX2RhdGUiOiIyMDE0LTEyLTMwIiwicHVyY2hhc2VkaXRlbV9zZXQtMTQtcHJpY2VfcGVyX3VuaXQiOiIiLCJwdXJjaGFzZWRpdGVtX3NldC0yNy1pZCI6IiIsInB1cmNoYXNlZGl0ZW1fc2V0LTYtdHlwZSI6IiIsInB1cmNoYXNlZGl0ZW1fc2V0LTIwLXB1cmNoYXNlX29yZGVyIjoiIiwicHVyY2hhc2VkaXRlbV9zZXQtMy1wdXJjaGFzZV9vcmRlciI6IiIsInB1cmNoYXNlZGl0ZW1fc2V0LTI2LXF0eSI6IiIsInB1cmNoYXNlZGl0ZW1fc2V0LTYtaWQiOiIiLCJwdXJjaGFzZWRpdGVtX3NldC0xOC1xdHkiOiIiLCJwdXJjaGFzZWRpdGVtX3NldC02LXByaWNlX3Blcl91bml0IjoiIiwicHVyY2hhc2VkaXRlbV9zZXQtMjItcHVyY2hhc2Vfb3JkZXIiOiIiLCJwdXJjaGFzZWRpdGVtX3NldC0zLXF0eSI6IiIsInB1cmNoYXNlZGl0ZW1fc2V0LTctdHlwZSI6IiIsInRvdGFsX2Rpc2NvdW50IjoiMCIsImNzcmZtaWRkbGV3YXJldG9rZW4iOiI4S2NUZTFXdENuelYyaE12OENOM3dvMXJ4cnhZOXFsUSIsInB1cmNoYXNlZGl0ZW1fc2V0LTExLXByaWNlX3Blcl91bml0IjoiIiwicHVyY2hhc2VkaXRlbV9zZXQtMTgtcHJpY2VfcGVyX3VuaXQiOiIiLCJwdXJjaGFzZWRpdGVtX3NldC1NQVhfTlVNX0ZPUk1TIjoiMTAwMCIsInB1cmNoYXNlZGl0ZW1fc2V0LTE4LXR5cGUiOiIiLCJwdXJjaGFzZWRpdGVtX3NldC04LXB1cmNoYXNlX29yZGVyIjoiIiwicHVyY2hhc2VkaXRlbV9zZXQtMC1pZCI6IiIsInB1cmNoYXNlZGl0ZW1fc2V0LTE1LXR5cGUiOiIiLCJwdXJjaGFzZWRpdGVtX3NldC0yOC1pZCI6IiIsInB1cmNoYXNlZGl0ZW1fc2V0LTIxLXR5cGUiOiIiLCJwdXJjaGFzZWRpdGVtX3NldC0xMC1pZCI6IiIsInB1cmNoYXNlZGl0ZW1fc2V0LTI3LXB1cmNoYXNlX29yZGVyIjoiIiwicHVyY2hhc2VkaXRlbV9zZXQtMjMtcHVyY2hhc2Vfb3JkZXIiOiIiLCJwdXJjaGFzZWRpdGVtX3NldC0wLXN1Yl9jYXRlZ29yeSI6IjM0IiwicHVyY2hhc2VkaXRlbV9zZXQtNi1xdHkiOiIiLCJwdXJjaGFzZWRpdGVtX3NldC0xMi1pZCI6IiIsInB1cmNoYXNlZGl0ZW1fc2V0LTI0LXF0eSI6IiIsInB1cmNoYXNlZGl0ZW1fc2V0LTI2LWlkIjoiIiwicHVyY2hhc2VkaXRlbV9zZXQtMC1wcmljZV9wZXJfdW5pdCI6IjUwMCIsInB1cmNoYXNlZGl0ZW1fc2V0LTI1LWlkIjoiIiwicHVyY2hhc2VkaXRlbV9zZXQtX19wcmVmaXhfXy1wdXJjaGFzZV9vcmRlciI6IiIsInB1cmNoYXNlZGl0ZW1fc2V0LTE1LWlkIjoiIiwicHVyY2hhc2VkaXRlbV9zZXQtMTEtcXR5IjoiIiwicHVyY2hhc2VkaXRlbV9zZXQtMTMtcHVyY2hhc2Vfb3JkZXIiOiIiLCJwdXJjaGFzZWRpdGVtX3NldC0yOS1wcmljZV9wZXJfdW5pdCI6IiIsInB1cmNoYXNlZGl0ZW1fc2V0LTI0LXR5cGUiOiIiLCJwdXJjaGFzZWRpdGVtX3NldC0xOS1xdHkiOiIifSwicHVyY2hhc2Vfb3JkZXJfaWQiOjQzLCJfYXV0aF91c2VyX2JhY2tlbmQiOiJkamFuZ28uY29udHJpYi5hdXRoLmJhY2tlbmRzLk1vZGVsQmFja2VuZCIsIl9hdXRoX3VzZXJfaGFzaCI6IjlmZDU2MDdlZGI2NTYzYzJiZTEzNTA2ZGE5NWUzMjhkYmVhNThiMWIifQ==', '2015-01-21 04:17:37'),
('xtzcnvky46ibaoeqpgl44cfek5hkz49h', 'NzM3OTk4ZjMwZTIyY2EzOGExYTVlYzJjNzgyZWMzZDYzYzQ3YmVjNTp7fQ==', '2015-01-13 09:42:39'),
('yec5cqqsu9sjvs1ob1o0iobe55x76kvp', 'NzM3OTk4ZjMwZTIyY2EzOGExYTVlYzJjNzgyZWMzZDYzYzQ3YmVjNTp7fQ==', '2014-10-18 15:36:34'),
('yj1ck0rk5ax3cmbz1vk1o1wso1g6ejnq', 'NGQ4YjU2MzJkN2FiMzJjZjcwZThlMWM3MWUyYmMyYWU5ZTk3M2M3Njp7Il9hdXRoX3VzZXJfaGFzaCI6IjlmZDU2MDdlZGI2NTYzYzJiZTEzNTA2ZGE5NWUzMjhkYmVhNThiMWIiLCJfYXV0aF91c2VyX2JhY2tlbmQiOiJkamFuZ28uY29udHJpYi5hdXRoLmJhY2tlbmRzLk1vZGVsQmFja2VuZCIsIl9hdXRoX3VzZXJfaWQiOjU5OH0=', '2015-01-05 05:00:24'),
('ynvfibiseyma221lxr22z7b3vaaobtlw', 'ZjljOThkNjIxODNmZjhkOThmZGNjN2U3MDFjZTgyY2ZmNjI3NmQ3Njp7Il9hdXRoX3VzZXJfaGFzaCI6IjEyOGNiNDgyODIzZmQxMTYyYWM1YjgxODA4NjM3ZTU4ZDIyYjQzOTMiLCJfYXV0aF91c2VyX2JhY2tlbmQiOiJkamFuZ28uY29udHJpYi5hdXRoLmJhY2tlbmRzLk1vZGVsQmFja2VuZCIsIl9hdXRoX3VzZXJfaWQiOjQ1OH0=', '2014-10-23 03:48:41'),
('yqemf8h15oaw7o6j2cbwkd8991ueix93', 'NTJhMTBlMTZjNzAxMTkxODA2MTdhZjJmNWFlYWUxZTA0NDU1NWMxZTp7Im9sZF9wb3N0Ijp7InF1b3RlZGl0ZW1fc2V0LTktaWQiOiIiLCJyZWZlcmVuY2UiOiJsZXR0ZXIgbm8uIDIzMTIiLCJxdW90ZWRpdGVtX3NldC0wLWl0ZW0iOiI0NTQiLCJxdW90ZWRpdGVtX3NldC0yLWlkIjoiIiwibW9kZV9vZl9wYXltZW50IjoiMSIsInF1b3RlZGl0ZW1fc2V0LTEtcXR5IjoiIiwicXVvdGVkaXRlbV9zZXQtNi1pZCI6IiIsInF1b3RlZGl0ZW1fc2V0LV9fcHJlZml4X18taWQiOiIiLCJxdW90ZWRpdGVtX3NldC03LXBhcmVudF9jYXRlZ29yeSI6IiIsImJ1eWVyIjoiNTgiLCJxdW90ZWRpdGVtX3NldC02LXF0eSI6IiIsInF1b3RlZGl0ZW1fc2V0LTktcXR5IjoiIiwicXVvdGVkaXRlbV9zZXQtOS1xdW90ZWRfb3JkZXIiOiIiLCJxdW90ZWRpdGVtX3NldC1fX3ByZWZpeF9fLXBhcmVudF9jYXRlZ29yeSI6IiIsInF1b3RlZGl0ZW1fc2V0LTQtaWQiOiIiLCJvcmdhbmlzYXRpb24iOiIxIiwicXVvdGVkaXRlbV9zZXQtNS1xdW90ZWRfb3JkZXIiOiIiLCJxdW90ZWRpdGVtX3NldC0zLXBhcmVudF9jYXRlZ29yeSI6IiIsInF1b3RlZGl0ZW1fc2V0LTctaWQiOiIiLCJidXllcl90ZXh0IjoiIiwicXVvdGVkaXRlbV9zZXQtNS1xdHkiOiIiLCJxdW90ZWRpdGVtX3NldC04LXBhcmVudF9jYXRlZ29yeSI6IiIsInF1b3RlZGl0ZW1fc2V0LTQtcXR5IjoiIiwicXVvdGVkaXRlbV9zZXQtNy1xdW90ZWRfb3JkZXIiOiIiLCJxdW90ZWRpdGVtX3NldC01LXBhcmVudF9jYXRlZ29yeSI6IiIsInF1b3RlZGl0ZW1fc2V0LUlOSVRJQUxfRk9STVMiOiIwIiwicXVvdGVkaXRlbV9zZXQtMy1xdW90ZWRfb3JkZXIiOiIiLCJjc3JmbWlkZGxld2FyZXRva2VuIjoiUWs4UDZsV3BmTUZFQ29UMFJqS0I0aEhXSlF2VVZQeGIiLCJxdW90ZWRpdGVtX3NldC03LXF0eSI6IiIsInF1b3RlZGl0ZW1fc2V0LTQtcXVvdGVkX29yZGVyIjoiIiwicXVvdGVkaXRlbV9zZXQtOS1wYXJlbnRfY2F0ZWdvcnkiOiIiLCJxdW90ZWRpdGVtX3NldC01LWlkIjoiIiwicXVvdGVkaXRlbV9zZXQtMC1xdHkiOiIyIiwicXVvdGVkaXRlbV9zZXQtNC1wYXJlbnRfY2F0ZWdvcnkiOiIiLCJfc2F2ZSI6IiIsInF1b3RlZGl0ZW1fc2V0LTItcXVvdGVkX29yZGVyIjoiIiwidG90YWxfZGlzY291bnQiOiIwIiwicXVvdGVkaXRlbV9zZXQtOC1xdW90ZWRfb3JkZXIiOiIiLCJxdW90ZWRpdGVtX3NldC1fX3ByZWZpeF9fLXF1b3RlZF9vcmRlciI6IiIsInF1b3RlZGl0ZW1fc2V0LTEtcXVvdGVkX29yZGVyIjoiIiwicXVvdGVkaXRlbV9zZXQtMS1wYXJlbnRfY2F0ZWdvcnkiOiIiLCJxdW90ZWRpdGVtX3NldC0yLXBhcmVudF9jYXRlZ29yeSI6IiIsInF1b3RlZGl0ZW1fc2V0LTYtcGFyZW50X2NhdGVnb3J5IjoiIiwidGRzIjoiMCIsInF1b3RlZGl0ZW1fc2V0LTMtaWQiOiIiLCJxdW90ZWRpdGVtX3NldC0zLXF0eSI6IiIsInF1b3RlZGl0ZW1fc2V0LV9fcHJlZml4X18tcXR5IjoiIiwiZGVsaXZlcnlfYWRkcmVzcyI6Ikx1ZGhpYW5hIiwicXVvdGVkaXRlbV9zZXQtMS1pZCI6IiIsInF1b3RlZGl0ZW1fc2V0LTAtcXVvdGVkX29yZGVyIjoiIiwicXVvdGVkaXRlbV9zZXQtMC1zdWJfY2F0ZWdvcnkiOiI0OCIsImNoZXF1ZV9kZF9udW1iZXIiOiIiLCJxdW90ZWRpdGVtX3NldC02LXF1b3RlZF9vcmRlciI6IiIsInF1b3RlZGl0ZW1fc2V0LTItcXR5IjoiIiwicXVvdGVkaXRlbV9zZXQtMC1pZCI6IiIsInF1b3RlZGl0ZW1fc2V0LU1BWF9OVU1fRk9STVMiOiIxMDAwIiwicXVvdGVkaXRlbV9zZXQtTUlOX05VTV9GT1JNUyI6IjAiLCJjaGVxdWVfZGRfZGF0ZSI6IiIsInF1b3RlZGl0ZW1fc2V0LTgtcXR5IjoiIiwicXVvdGVkaXRlbV9zZXQtMC1wYXJlbnRfY2F0ZWdvcnkiOiIzNSIsInF1b3RlZGl0ZW1fc2V0LTgtaWQiOiIiLCJxdW90ZWRpdGVtX3NldC1UT1RBTF9GT1JNUyI6IjEwIn0sInF1b3RlZF9vcmRlcl9pZCI6MiwiX2F1dGhfdXNlcl9oYXNoIjoiODI3ZGQyYWU2OTE4YzYyMTY2YzFhYzEzYjEwNDE0NzQwYjMyNDg4NSIsIl9hdXRoX3VzZXJfaWQiOjU5NSwiX2F1dGhfdXNlcl9iYWNrZW5kIjoiZGphbmdvLmNvbnRyaWIuYXV0aC5iYWNrZW5kcy5Nb2RlbEJhY2tlbmQifQ==', '2014-12-11 06:56:31'),
('yucljv673nq8s4ksqhxfcdozp2f5ur6z', 'MDUxZmUxMTk3Nzk1NjJhNDVlMmVjODMzNTIzZjAwYTVmYWY4NDUwOTp7Il9hdXRoX3VzZXJfaGFzaCI6IjgyN2RkMmFlNjkxOGM2MjE2NmMxYWMxM2IxMDQxNDc0MGIzMjQ4ODUiLCJfYXV0aF91c2VyX2JhY2tlbmQiOiJkamFuZ28uY29udHJpYi5hdXRoLmJhY2tlbmRzLk1vZGVsQmFja2VuZCIsIl9hdXRoX3VzZXJfaWQiOjU5NX0=', '2014-12-16 06:49:53'),
('yvqymzu7znlinxec57jj9uqr9tsen767', 'NGQ4YjU2MzJkN2FiMzJjZjcwZThlMWM3MWUyYmMyYWU5ZTk3M2M3Njp7Il9hdXRoX3VzZXJfaGFzaCI6IjlmZDU2MDdlZGI2NTYzYzJiZTEzNTA2ZGE5NWUzMjhkYmVhNThiMWIiLCJfYXV0aF91c2VyX2JhY2tlbmQiOiJkamFuZ28uY29udHJpYi5hdXRoLmJhY2tlbmRzLk1vZGVsQmFja2VuZCIsIl9hdXRoX3VzZXJfaWQiOjU5OH0=', '2014-12-24 04:41:08'),
('yx82abz6vng0jj2o3r127o4f07gehae7', 'NzM3OTk4ZjMwZTIyY2EzOGExYTVlYzJjNzgyZWMzZDYzYzQ3YmVjNTp7fQ==', '2014-12-11 06:18:07'),
('yy4iclok1ws72qp4g3cgfcb3y1n4fxoe', 'OTA0ZWVkNDc2N2FhYTI3OTc3YjdhN2JjODk4MzVmYjQwNGU4ZjJlNjp7Il9hdXRoX3VzZXJfaGFzaCI6IjkzZDQ2MDc4YjZhZTY5MWIxZWRkN2MxMDJlNzFiZTA4ZGE3YjUxY2MiLCJfYXV0aF91c2VyX2JhY2tlbmQiOiJkamFuZ28uY29udHJpYi5hdXRoLmJhY2tlbmRzLk1vZGVsQmFja2VuZCIsIl9hdXRoX3VzZXJfaWQiOjF9', '2014-09-24 07:38:35'),
('yz56m93hrla0zei3r1k3i10xv1q3yh37', 'YTdhMjk1NGU3ZTE0ODgyMmVlZTUzMmY2ZDk3ODNjMDZlM2YzOGQ3Nzp7Im9sZF9wb3N0Ijp7InB1cmNoYXNlZGl0ZW1fc2V0LTAtaXRlbSI6IjQ1NCIsInB1cmNoYXNlZGl0ZW1fc2V0LTYtcHVyY2hhc2Vfb3JkZXIiOiIiLCJyZWZlcmVuY2UiOiJsZXR0ZXIgbm8uIDIzMjQiLCJwdXJjaGFzZWRpdGVtX3NldC1UT1RBTF9GT1JNUyI6IjEwIiwicHVyY2hhc2VkaXRlbV9zZXQtMC1xdHkiOiIyIiwicHVyY2hhc2VkaXRlbV9zZXQtSU5JVElBTF9GT1JNUyI6IjAiLCJwdXJjaGFzZWRpdGVtX3NldC00LXF0eSI6IiIsInB1cmNoYXNlZGl0ZW1fc2V0LTQtcHVyY2hhc2Vfb3JkZXIiOiIiLCJwdXJjaGFzZWRpdGVtX3NldC04LXF0eSI6IiIsInRkcyI6IjAiLCJwdXJjaGFzZWRpdGVtX3NldC00LWlkIjoiIiwicHVyY2hhc2VkaXRlbV9zZXQtOC1pZCI6IiIsInB1cmNoYXNlZGl0ZW1fc2V0LTctaWQiOiIiLCJfc2F2ZSI6IiIsInB1cmNoYXNlZGl0ZW1fc2V0LTItcGFyZW50X2NhdGVnb3J5IjoiIiwicHVyY2hhc2VkaXRlbV9zZXQtNC1wYXJlbnRfY2F0ZWdvcnkiOiIiLCJwdXJjaGFzZWRpdGVtX3NldC05LXF0eSI6IiIsInB1cmNoYXNlZGl0ZW1fc2V0LTEtcGFyZW50X2NhdGVnb3J5IjoiIiwib3JnYW5pc2F0aW9uIjoiMSIsInB1cmNoYXNlZGl0ZW1fc2V0LTctcGFyZW50X2NhdGVnb3J5IjoiIiwiYnV5ZXJfdGV4dCI6IiIsInB1cmNoYXNlZGl0ZW1fc2V0LTAtcHVyY2hhc2Vfb3JkZXIiOiIiLCJwdXJjaGFzZWRpdGVtX3NldC01LXB1cmNoYXNlX29yZGVyIjoiIiwidG90YWxfZGlzY291bnQiOiIwIiwicHVyY2hhc2VkaXRlbV9zZXQtOS1pZCI6IiIsInB1cmNoYXNlZGl0ZW1fc2V0LTEtcHVyY2hhc2Vfb3JkZXIiOiIiLCJwdXJjaGFzZWRpdGVtX3NldC0yLXB1cmNoYXNlX29yZGVyIjoiIiwiY3NyZm1pZGRsZXdhcmV0b2tlbiI6Im9IUzhhRHpyVElOODBJYWJzSHIya1lNcmNhWWNlZ1E3IiwicHVyY2hhc2VkaXRlbV9zZXQtX19wcmVmaXhfXy1pZCI6IiIsInB1cmNoYXNlZGl0ZW1fc2V0LTItcXR5IjoiIiwicHVyY2hhc2VkaXRlbV9zZXQtMC1wYXJlbnRfY2F0ZWdvcnkiOiIzNSIsInB1cmNoYXNlZGl0ZW1fc2V0LTUtcXR5IjoiIiwicHVyY2hhc2VkaXRlbV9zZXQtNy1wdXJjaGFzZV9vcmRlciI6IiIsIm1vZGVfb2ZfcGF5bWVudCI6IjEiLCJwdXJjaGFzZWRpdGVtX3NldC1NQVhfTlVNX0ZPUk1TIjoiMTAwMCIsInB1cmNoYXNlZGl0ZW1fc2V0LTYtcGFyZW50X2NhdGVnb3J5IjoiIiwicHVyY2hhc2VkaXRlbV9zZXQtMy1wYXJlbnRfY2F0ZWdvcnkiOiIiLCJwdXJjaGFzZWRpdGVtX3NldC01LXBhcmVudF9jYXRlZ29yeSI6IiIsInB1cmNoYXNlZGl0ZW1fc2V0LTgtcHVyY2hhc2Vfb3JkZXIiOiIiLCJwdXJjaGFzZWRpdGVtX3NldC0wLWlkIjoiIiwicHVyY2hhc2VkaXRlbV9zZXQtMy1pZCI6IiIsInB1cmNoYXNlZGl0ZW1fc2V0LTgtcGFyZW50X2NhdGVnb3J5IjoiIiwiYnV5ZXIiOiI3IiwicHVyY2hhc2VkaXRlbV9zZXQtMS1xdHkiOiIiLCJwdXJjaGFzZWRpdGVtX3NldC05LXBhcmVudF9jYXRlZ29yeSI6IiIsInB1cmNoYXNlZGl0ZW1fc2V0LTAtc3ViX2NhdGVnb3J5IjoiNDgiLCJkZWxpdmVyeV9hZGRyZXNzIjoiMiIsInB1cmNoYXNlZGl0ZW1fc2V0LTYtcXR5IjoiIiwicHVyY2hhc2VkaXRlbV9zZXQtMy1wdXJjaGFzZV9vcmRlciI6IiIsInB1cmNoYXNlZGl0ZW1fc2V0LTctcXR5IjoiIiwicHVyY2hhc2VkaXRlbV9zZXQtX19wcmVmaXhfXy1wYXJlbnRfY2F0ZWdvcnkiOiIiLCJwdXJjaGFzZWRpdGVtX3NldC1fX3ByZWZpeF9fLXF0eSI6IiIsInB1cmNoYXNlZGl0ZW1fc2V0LTItaWQiOiIiLCJwdXJjaGFzZWRpdGVtX3NldC05LXB1cmNoYXNlX29yZGVyIjoiIiwicHVyY2hhc2VkaXRlbV9zZXQtX19wcmVmaXhfXy1wdXJjaGFzZV9vcmRlciI6IiIsInB1cmNoYXNlZGl0ZW1fc2V0LTMtcXR5IjoiIiwicHVyY2hhc2VkaXRlbV9zZXQtNS1pZCI6IiIsInB1cmNoYXNlZGl0ZW1fc2V0LTYtaWQiOiIiLCJwdXJjaGFzZWRpdGVtX3NldC1NSU5fTlVNX0ZPUk1TIjoiMCIsInB1cmNoYXNlZGl0ZW1fc2V0LTEtaWQiOiIifSwiX2F1dGhfdXNlcl9oYXNoIjoiOTNkNDYwNzhiNmFlNjkxYjFlZGQ3YzEwMmU3MWJlMDhkYTdiNTFjYyIsIl9hdXRoX3VzZXJfaWQiOjEsIl9hdXRoX3VzZXJfYmFja2VuZCI6ImRqYW5nby5jb250cmliLmF1dGguYmFja2VuZHMuTW9kZWxCYWNrZW5kIiwicHVyY2hhc2Vfb3JkZXJfaWQiOjE0fQ==', '2014-10-03 04:11:19');

-- --------------------------------------------------------

--
-- Table structure for table `django_site`
--

CREATE TABLE IF NOT EXISTS `django_site` (
  `id` int(11) NOT NULL AUTO_INCREMENT,
  `domain` varchar(100) NOT NULL,
  `name` varchar(50) NOT NULL,
  PRIMARY KEY (`id`)
) ENGINE=InnoDB  DEFAULT CHARSET=latin1 AUTO_INCREMENT=2 ;

--
-- Dumping data for table `django_site`
--

INSERT INTO `django_site` (`id`, `domain`, `name`) VALUES
(1, 'example.com', 'example.com');

-- --------------------------------------------------------

--
-- Table structure for table `programmeletter_letterdata`
--

CREATE TABLE IF NOT EXISTS `programmeletter_letterdata` (
  `id` int(11) NOT NULL AUTO_INCREMENT,
  `name` varchar(500) NOT NULL,
  `street_address` varchar(500) NOT NULL,
  `city` varchar(500) NOT NULL,
  `pin` varchar(10) DEFAULT NULL,
  `province` varchar(500) NOT NULL,
  `contact_person` varchar(200) NOT NULL,
  `contact_number` int(11) NOT NULL,
  `letter_subject` varchar(500) NOT NULL,
  `letter_date` date NOT NULL,
  `team_name_id` int(11) NOT NULL,
  `site` varchar(500) NOT NULL,
  `date` date NOT NULL,
  `time` time NOT NULL,
  `vehicle_id` int(11) NOT NULL,
  PRIMARY KEY (`id`),
  KEY `programmeletter_letterdata_f0189eca` (`team_name_id`),
  KEY `programmeletter_letterdata_8daad208` (`vehicle_id`)
) ENGINE=InnoDB DEFAULT CHARSET=latin1 AUTO_INCREMENT=1 ;

-- --------------------------------------------------------

--
-- Table structure for table `programmeletter_staffinteam`
--

CREATE TABLE IF NOT EXISTS `programmeletter_staffinteam` (
  `id` int(11) NOT NULL AUTO_INCREMENT,
  `team_name_id` int(11) NOT NULL,
  `staff_id` int(11) NOT NULL,
  PRIMARY KEY (`id`),
  KEY `programmeletter_staffinteam_f0189eca` (`team_name_id`),
  KEY `programmeletter_staffinteam_f0a7d083` (`staff_id`)
) ENGINE=InnoDB  DEFAULT CHARSET=latin1 AUTO_INCREMENT=5 ;

--
-- Dumping data for table `programmeletter_staffinteam`
--

INSERT INTO `programmeletter_staffinteam` (`id`, `team_name_id`, `staff_id`) VALUES
(1, 1, 47),
(2, 1, 48),
(3, 1, 49),
(4, 1, 50);

-- --------------------------------------------------------

--
-- Table structure for table `programmeletter_teamname`
--

CREATE TABLE IF NOT EXISTS `programmeletter_teamname` (
  `id` int(11) NOT NULL AUTO_INCREMENT,
  `team_name` varchar(500) NOT NULL,
  PRIMARY KEY (`id`)
) ENGINE=InnoDB  DEFAULT CHARSET=latin1 AUTO_INCREMENT=2 ;

--
-- Dumping data for table `programmeletter_teamname`
--

INSERT INTO `programmeletter_teamname` (`id`, `team_name`) VALUES
(1, 'Soil Investigation Team');

-- --------------------------------------------------------

--
-- Table structure for table `reports_savedregisters`
--

CREATE TABLE IF NOT EXISTS `reports_savedregisters` (
  `id` int(11) NOT NULL AUTO_INCREMENT,
  `title` varchar(200) NOT NULL,
  `selected_fields` varchar(1000) NOT NULL,
  PRIMARY KEY (`id`)
) ENGINE=InnoDB  DEFAULT CHARSET=latin1 AUTO_INCREMENT=2 ;

--
-- Dumping data for table `reports_savedregisters`
--

INSERT INTO `reports_savedregisters` (`id`, `title`, `selected_fields`) VALUES
(1, 'Registered Users', 'title=Registered+Users&amount_greater_than=0&amount_less_than=1000000&start_date=2014-04-01&end_date=2014-12-30&year=2014&month=&session=&mode_of_payment=&all_registered_user=on');

-- --------------------------------------------------------

--
-- Table structure for table `suspense_department`
--

CREATE TABLE IF NOT EXISTS `suspense_department` (
  `id` int(11) NOT NULL AUTO_INCREMENT,
  `title` varchar(50) NOT NULL,
  `address` varchar(150) NOT NULL,
  `phone` varchar(20) NOT NULL,
  `dean` varchar(50) NOT NULL,
  PRIMARY KEY (`id`)
) ENGINE=InnoDB  DEFAULT CHARSET=latin1 AUTO_INCREMENT=7 ;

--
-- Dumping data for table `suspense_department`
--

INSERT INTO `suspense_department` (`id`, `title`, `address`, `phone`, `dean`) VALUES
(1, 'Testing & Consultancy Cell', 'GNDEC, Ludhiana', '0161-2491193', 'Dr. H.S Rai'),
(2, 'Civil Engineering', 'GNDEC, Ludhiana', '0161-2491193', 'NA'),
(3, 'Electronics and Communication', 'GNDEC, Ludhiana', '0161-2491193', 'NA'),
(4, 'Mechanical Engineering', 'GNDEC, Ludhiana', '0161-2491193', 'NA'),
(5, 'Applied Science', 'GNDEC, Ludhiana', '0161-2491193', 'NA'),
(6, 'Electrical', 'Department, GNDEC, Ludhiana', '', '');

-- --------------------------------------------------------

--
-- Table structure for table `suspense_quotedsuspenseorder`
--

CREATE TABLE IF NOT EXISTS `suspense_quotedsuspenseorder` (
  `id` int(11) NOT NULL AUTO_INCREMENT,
  `quoted_order_id` int(11) NOT NULL,
  `distance_estimated` int(11) NOT NULL,
  `is_cleared` tinyint(1) NOT NULL,
  PRIMARY KEY (`id`),
  KEY `suspense_quotedsuspenseorder_d04dd2a9` (`quoted_order_id`)
) ENGINE=InnoDB  DEFAULT CHARSET=latin1 AUTO_INCREMENT=4 ;

--
-- Dumping data for table `suspense_quotedsuspenseorder`
--

INSERT INTO `suspense_quotedsuspenseorder` (`id`, `quoted_order_id`, `distance_estimated`, `is_cleared`) VALUES
(1, 5, 300, 0),
(2, 6, 900, 0),
(3, 8, 300, 0);

-- --------------------------------------------------------

--
-- Table structure for table `suspense_staff`
--

CREATE TABLE IF NOT EXISTS `suspense_staff` (
  `id` int(11) NOT NULL AUTO_INCREMENT,
  `department_id` int(11) NOT NULL,
  `code` varchar(5) NOT NULL,
  `name` varchar(50) NOT NULL,
  `daily_ta_da` int(11) NOT NULL,
  `position_id` int(11) NOT NULL,
  `seniority_credits` int(11) NOT NULL,
  `always_included` tinyint(4) NOT NULL,
  `lab_id` int(11) NOT NULL,
  `email` varchar(75) NOT NULL,
  PRIMARY KEY (`id`),
  KEY `suspense_staff_69d14838` (`department_id`),
  KEY `suspense_staff_1f456125` (`position_id`),
  KEY `suspense_staff_76e7ed35` (`lab_id`)
) ENGINE=InnoDB  DEFAULT CHARSET=latin1 AUTO_INCREMENT=53 ;

--
-- Dumping data for table `suspense_staff`
--

INSERT INTO `suspense_staff` (`id`, `department_id`, `code`, `name`, `daily_ta_da`, `position_id`, `seniority_credits`, `always_included`, `lab_id`, `email`) VALUES
(1, 1, 'L', 'Dr. J.N. Jha', 160, 1, 200, 1, 1, ''),
(2, 2, 'J', 'Dr. B.S. Walia', 160, 1, 0, 0, 6, ''),
(3, 2, 'A', 'Dr. Harpal Singh', 160, 1, 0, 0, 5, ''),
(4, 2, 'R', 'Dr. Hardeep Singh Rai', 180, 1, 0, 0, 5, ''),
(5, 3, '304', 'Er. Nirmal Singh Grewal', 120, 1, 0, 0, 234, ''),
(6, 4, '45', 'Dr. Sehijpal Singh', 120, 1, 0, 0, 235, ''),
(7, 5, 'E', 'Dr. R.P. Singh', 160, 1, 0, 0, 4, ''),
(8, 2, 'R', 'Dr. Hardeep Singh Rai', 180, 1, 0, 0, 237, ''),
(10, 2, 'N', 'Prof. K.S. Bedi', 160, 2, 200, 1, 2, ''),
(11, 1, 'I', 'Dr. Kulbir Singh Gill', 120, 2, 100, 1, 1, ''),
(12, 2, 'F', 'Prof. Gurdeepak Singh', 160, 2, 0, 0, 1, ''),
(13, 2, 'N', 'Prof. K.S. Bedi', 160, 2, 0, 0, 1, ''),
(14, 6, 'H', 'Prof. Khushdeep Singh', 160, 2, 0, 0, 315, ''),
(15, 2, 'K', 'Dr. Harvinder Singh', 120, 2, 0, 0, 5, ''),
(16, 2, 'I', 'Dr. K.S. Gill', 160, 2, 0, 0, 1, ''),
(17, 2, 'D', 'Dr. Jagbir Singh', 120, 2, 180, 1, 2, ''),
(18, 1, 'G', 'Prof. Puneet Pal Singh', 100, 3, 0, 0, 3, ''),
(19, 2, 'M', 'Prof. Manpreet Singh ', 160, 3, 0, 0, 1, ''),
(20, 2, 'B', 'Prof. Bupinder Singh', 100, 3, 0, 0, 6, ''),
(21, 2, 'O', 'Prof. Prashant Garg', 120, 3, 0, 0, 5, ''),
(22, 3, '304', 'Er. Narwant Singh Grewal', 100, 3, 0, 0, 234, ''),
(23, 3, '206', 'Er. Harminder Kaur', 100, 3, 0, 0, 234, ''),
(24, 3, '306', 'Er. Gurjot Kaur Walia', 10, 3, 0, 0, 234, ''),
(25, 3, '307', 'Er. Robin Gupta', 100, 3, 0, 0, 234, ''),
(26, 3, '204', 'Er. Navneet Kaur', 100, 3, 0, 0, 234, ''),
(27, 4, '62', 'Prof. Balwinder Singh', 100, 3, 0, 0, 235, ''),
(28, 4, '64', 'Dr. Gurinder Singh Brar', 100, 3, 0, 0, 235, ''),
(29, 4, 'T', 'Prof. Arpinder Singh', 100, 3, 0, 0, 235, ''),
(30, 2, 'PPS', 'Prof. Puneet Pal Singh', 160, 3, 0, 0, 5, ''),
(31, 2, 'CS', 'Prof. Charanjeet Singh', 160, 3, 150, 1, 2, ''),
(32, 3, 'Z', 'Ms. Gagandeep Kaur', 80, 4, 0, 0, 234, ''),
(33, 2, 'GK', 'Ms. Gaganjot Kaur', 100, 4, 0, 0, 5, ''),
(34, 2, 'S', 'Mr. Amarjit Singh', 100, 5, 130, 1, 2, ''),
(35, 2, '13', 'Mr. Jasvir Singh', 60, 6, 100, 1, 2, ''),
(36, 2, '6', 'Mr. Nandan Singh', 60, 6, 50, 1, 1, ''),
(37, 2, '3', 'S. Amarjit Singh', 60, 6, 0, 0, 6, ''),
(38, 2, '7', 'S. jaswant Singh', 60, 6, 0, 0, 6, ''),
(39, 3, 'P', 'Mr. Jaspal Singh', 80, 6, 0, 0, 234, ''),
(40, 5, '8', 'S. Kuldip singh', 60, 6, 0, 0, 4, ''),
(42, 2, 'BS', 'Mr. Baljinder Singh', 100, 6, 0, 0, 6, ''),
(43, 2, '10', 'Mr. Jasbir Singh', 100, 6, 0, 0, 238, ''),
(44, 2, '1', 'Mr. Balraj Singh', 60, 7, 0, 0, 3, ''),
(45, 2, '11', 'Mr. Sukhchain Singh', 60, 7, 40, 1, 2, ''),
(46, 2, '12', 'Mr. Surjeet Kumar', 60, 7, 60, 1, 2, ''),
(47, 1, 'W', 'Mr. Ram Tirath', 100, 8, 0, 0, 1, ''),
(48, 1, 'V', 'Mr. Rajpal Singh', 100, 8, 0, 0, 1, ''),
(49, 1, 'Y', 'Mr. Sukhdeep Singh', 100, 8, 0, 0, 1, ''),
(50, 1, 'X', 'Mr. Navdeep Singh', 100, 8, 0, 0, 1, ''),
(51, 2, 'YS', 'Mr. Yogesh Sharma', 100, 8, 0, 0, 5, ''),
(52, 2, 'BS', 'Mr. Balour Singh', 60, 7, 80, 1, 2, '');

-- --------------------------------------------------------

--
-- Table structure for table `suspense_staffposition`
--

CREATE TABLE IF NOT EXISTS `suspense_staffposition` (
  `id` int(11) NOT NULL AUTO_INCREMENT,
  `position` varchar(50) NOT NULL,
  `rank` int(11) NOT NULL,
  PRIMARY KEY (`id`)
) ENGINE=InnoDB  DEFAULT CHARSET=latin1 AUTO_INCREMENT=11 ;

--
-- Dumping data for table `suspense_staffposition`
--

INSERT INTO `suspense_staffposition` (`id`, `position`, `rank`) VALUES
(1, 'Professor', 1),
(2, 'Associate Professor', 2),
(3, 'Assistant Professor', 3),
(4, 'Lab Technician', 4),
(5, 'Mechanic', 5),
(6, 'Lab Attendant', 6),
(7, 'Attendant', 7),
(8, 'Driver', 8),
(9, 'Boring Man', 8),
(10, 'Drafts Man', 8);

-- --------------------------------------------------------

--
-- Table structure for table `suspense_suspenseclearance`
--

CREATE TABLE IF NOT EXISTS `suspense_suspenseclearance` (
  `id` int(11) NOT NULL AUTO_INCREMENT,
  `session_id` int(11) NOT NULL,
  `voucher_no` int(11) NOT NULL,
  `work_charge` int(11) DEFAULT NULL,
  `labour_charge` int(11) DEFAULT NULL,
  `car_taxi_charge` int(11) DEFAULT NULL,
  `boring_charge_external` int(11) DEFAULT NULL,
  `boring_charge_internal` int(11) DEFAULT NULL,
  `lab_testing_staff` varchar(200) NOT NULL,
  `field_testing_staff` varchar(200) NOT NULL,
  `test_date` varchar(600) NOT NULL,
  `clear_date` date NOT NULL,
  PRIMARY KEY (`id`),
  KEY `suspense_suspenseclearance_a4c07742` (`session_id`)
) ENGINE=InnoDB DEFAULT CHARSET=latin1 AUTO_INCREMENT=1 ;

-- --------------------------------------------------------

--
-- Table structure for table `suspense_suspenseorder`
--

CREATE TABLE IF NOT EXISTS `suspense_suspenseorder` (
  `id` int(11) NOT NULL AUTO_INCREMENT,
  `voucher` int(11) NOT NULL,
  `purchase_order_id` int(11) NOT NULL,
  `session_id_id` int(11) NOT NULL,
  `distance_estimated` int(11) NOT NULL,
  `is_cleared` tinyint(1) NOT NULL,
  PRIMARY KEY (`id`),
  KEY `suspense_suspenseorder_d30b3b8b` (`purchase_order_id`),
  KEY `suspense_suspenseorder_8648b559` (`session_id_id`)
) ENGINE=InnoDB  DEFAULT CHARSET=latin1 AUTO_INCREMENT=16 ;

--
-- Dumping data for table `suspense_suspenseorder`
--

INSERT INTO `suspense_suspenseorder` (`id`, `voucher`, `purchase_order_id`, `session_id_id`, `distance_estimated`, `is_cleared`) VALUES
(1, 1274, 2, 1, 300, 0),
(2, 1275, 3, 1, 600, 0),
(3, 1277, 5, 1, 300, 0),
(4, 1283, 11, 1, 0, 0),
(5, 1286, 14, 1, 0, 0),
(6, 1289, 17, 1, 0, 0),
(8, 1294, 19, 1, 0, 0),
(13, 1298, 24, 1, 0, 0),
(14, 1299, 24, 1, 0, 0),
(15, 1316, 30, 1, 900, 0);

-- --------------------------------------------------------

--
-- Table structure for table `suspense_tada`
--

CREATE TABLE IF NOT EXISTS `suspense_tada` (
  `id` int(11) NOT NULL AUTO_INCREMENT,
  `date_of_generation` date NOT NULL,
  `voucher_no` int(11) NOT NULL,
  `session` int(11) NOT NULL,
  `departure_time_from_tcc` time NOT NULL,
  `arrival_time_at_site` time NOT NULL,
  `departure_time_from_site` time NOT NULL,
  `arrival_time_at_tcc` time NOT NULL,
  `tada_amount` int(11) NOT NULL,
  `start_test_date` date NOT NULL,
  `end_test_date` date NOT NULL,
  `source_site` varchar(100) NOT NULL,
  `testing_site` varchar(100) NOT NULL,
  `testing_staff` varchar(100) NOT NULL,
  PRIMARY KEY (`id`)
) ENGINE=InnoDB DEFAULT CHARSET=latin1 AUTO_INCREMENT=1 ;

-- --------------------------------------------------------

--
-- Table structure for table `suspense_transport`
--

CREATE TABLE IF NOT EXISTS `suspense_transport` (
  `id` int(11) NOT NULL AUTO_INCREMENT,
  `vehicle_id` int(11) NOT NULL,
  `kilometer` varchar(500) NOT NULL,
  `rate` double NOT NULL,
  `date_of_generation` date NOT NULL,
  `date` varchar(600) NOT NULL,
  `total` int(11) NOT NULL,
  `voucher_no` int(11) NOT NULL,
  `session_id` int(11) NOT NULL,
  PRIMARY KEY (`id`),
  KEY `suspense_transport_8daad208` (`vehicle_id`),
  KEY `suspense_transport_a4c07742` (`session_id`)
) ENGINE=InnoDB DEFAULT CHARSET=latin1 AUTO_INCREMENT=1 ;

-- --------------------------------------------------------

--
-- Table structure for table `suspense_vehicle`
--

CREATE TABLE IF NOT EXISTS `suspense_vehicle` (
  `id` int(11) NOT NULL AUTO_INCREMENT,
  `vehicle_id` varchar(20) NOT NULL,
  `vehicle_no` varchar(20) NOT NULL,
  `vehicle_name` varchar(20) NOT NULL,
  PRIMARY KEY (`id`)
) ENGINE=InnoDB  DEFAULT CHARSET=latin1 AUTO_INCREMENT=2 ;

--
-- Dumping data for table `suspense_vehicle`
--

INSERT INTO `suspense_vehicle` (`id`, `vehicle_id`, `vehicle_no`, `vehicle_name`) VALUES
(1, 'Vehicle', 'PB 10  DA 4574', 'Tata-407');

-- --------------------------------------------------------

--
-- Table structure for table `useraccounts_address`
--

CREATE TABLE IF NOT EXISTS `useraccounts_address` (
  `id` int(11) NOT NULL AUTO_INCREMENT,
  `street_address` varchar(100) NOT NULL,
  `city` varchar(100) NOT NULL,
  `pin` varchar(10) DEFAULT NULL,
  `province` varchar(100) NOT NULL,
  `nationality` varchar(100) NOT NULL,
  PRIMARY KEY (`id`)
) ENGINE=InnoDB  DEFAULT CHARSET=latin1 AUTO_INCREMENT=623 ;

--
-- Dumping data for table `useraccounts_address`
--

INSERT INTO `useraccounts_address` (`id`, `street_address`, `city`, `pin`, `province`, `nationality`) VALUES
(1, 'Zone-AMunicipal Corporation', 'Ludhiana.', 'None', 'Punjab', 'India'),
(2, 'Nagar Panchayt Nihal Singh Wala', 'Moga', 'None', 'Punjab', 'India'),
(3, 'Zone-B (B & R) Municipal Corporation ', 'Ludhiana', 'None', 'Punjab', 'India'),
(4, 'W/S & Sanitation Sub Division No.2', 'Malerkotla', 'None', 'Punjab', 'India'),
(5, '', 'Patiala', 'None', 'Punjab', 'India'),
(6, 'Municipal Corporation', 'Ludhiana', 'None', 'Punjab', 'India'),
(7, 'Central Town Village Dad P.O. Lalton', 'Ludhiana.', 'None', 'Punjab', 'India'),
(8, 'H.O: 3rd Floor Pink Plaza Gulati Chowk Model Town', 'Ludhiana', 'None', 'Punjab', 'India'),
(9, 'Head Works', 'Ropar.', 'None', 'Punjab', 'India'),
(10, '800/400/220 KV Sub Station Complex Urja Nagar Kotkapura Road', 'Moga', 'None', 'Punjab', 'India'),
(11, 'GLADA', 'Ludhiana', 'None', 'Punjab', 'India'),
(12, 'B & R Municipal Corporation', 'Ludhiana', 'None', 'Punjab', 'India'),
(13, 'H.N0:B-XXX-3804Street No.6Hargobind PuraOpp.Tarnsport Nagar', 'Ludhiana.', 'None', 'Punjab', 'India'),
(14, 'Canal MogaSub Division', 'Moga', 'None', 'Punjab', 'India'),
(15, 'Municipal Corporation', 'Ludhiana.', 'None', 'Punjab', 'India'),
(16, 'Vill.SharinMalerkotla Road', 'Ludhiana', 'None', 'Punjab', 'India'),
(17, 'Zone-B(B & R) Municipal Corporation', 'Ludhiana.', 'None', 'Punjab', 'India'),
(18, 'W/S & Sanitation Sub Division-4', 'Hoshiarpur', 'None', 'Punjab', 'India'),
(19, 'Dham Talwandi Khurd', 'Distt.Ludhiana.', 'None', 'Punjab', 'India'),
(20, 'ISGEC Heavy Engineering Ltd', 'Yamuna Nagar.', 'None', 'Haryana', 'India'),
(21, 'W/S & Sanitation  Division-2.', 'Hoshiarpur.', 'None', 'Punjab', 'India'),
(22, 'Pb. W/s & Sew. Sub Division.', 'Moga', 'None', 'Punjab', 'India'),
(23, 'Punjab W/S & Sewerage. Sub Division ', 'Rajpura.', 'None', 'Punjab', 'India'),
(24, 'Opp.Hero Cycles Ltd.G.T.Road', 'Ludhiana.', 'None', 'Punjab', 'India'),
(25, 'Bhupindra Nagar Road', 'Patiala', 'None', 'Punjab', 'India'),
(26, 'Punjab Health Systems Corporation Sub Division ', 'Amritsar', 'None', 'Punjab', 'India'),
(27, 'W/s & Sanitation Sub Division', 'Ludhiana', 'None', 'Punjab', 'India'),
(28, '15/16Hazari BaughIBS MargVikhorli (West) ', 'Mumbai', 'None', 'Maharashtra', 'India'),
(29, 'W/S & Sanitation Sub Division-4', 'Ludhiana', 'None', 'Punjab', 'India'),
(30, 'Plot No.61-62NH-1-WestOpp.Big BazarNear Satsang GharVill.Kadiyan', 'Ludhiana', 'None', 'Punjab', 'India'),
(31, 'S.G.P.C.Teja Singh Samoondri Hall ', 'Amritsar.', 'None', 'Punjab', 'India'),
(32, '800/400/220 KV Sub Station Complex Urja Nagar Kotkapura Road', 'Moga', 'None', 'Punjab', 'India'),
(33, 'G.T.B Market Near Veer Palace Chandigarh Road', 'Ludhiana', 'None', 'Punjab', 'India'),
(34, 'W/S & Sanitation Division Sidhwan Bet', 'Ludhiana', 'None', 'Punjab', 'India'),
(35, 'TLSC Division PSTCL ', 'Jalandhar', 'None', 'Punjab', 'India'),
(36, 'Railway Road', 'Tarn Taran.', 'None', 'Punjab', 'India'),
(37, 'W/S & Sanitation Division', 'Fazilka.', 'None', 'Punjab', 'India'),
(38, 'H.No.2595St.No.2Guru Nanak ColonyOpp G.N.E.College', 'Ludhiana.', 'None', 'Punjab', 'India'),
(39, 'GLADA', 'Ludhiana.', 'None', 'Punjab', 'India'),
(40, 'Zone-A ( N )Municipal Corporation ', 'Ludhiana', 'None', 'Punjab', 'India'),
(41, 'Govt.Contractor.Vill.Dabra P.O.BhangchariTeh. & Distt.', 'Muktsar.', 'None', 'Punjab', 'India'),
(42, '(B & R)Municipal Corporation', 'Jalandhar.', 'None', 'Punjab', 'India'),
(43, 'PB W/S & SewerageSub Division NO.6. ', 'Ludhiana', 'None', 'Punjab', 'India'),
(44, '38 Raghbir Nagar', 'Patiala', 'None', 'Punjab', 'India'),
(45, 'Ward No.11', 'Rajouri', 'None', 'Jammu and Kashmir', 'India'),
(46, 'Municipal Corporation', 'Ludhiana', 'None', 'Punjab', 'India'),
(47, 'Construction Sub Division PWD B&R Branch', 'Jagraon At Ludhiana', 'None', 'Punjab', 'India'),
(48, 'Model Town', 'Ludhiana', 'None', 'Punjab', 'India'),
(49, 'Municipal Corporation', 'Ludhiana', 'None', 'Punjab', 'India'),
(50, 'Zone-AMunicipal Corporation', 'Ludhiana.', 'None', 'Punjab', 'India'),
(51, 'Zone-A ( B&R ) Municipal Corporation', 'Ludhiana', 'None', 'Punjab', 'India'),
(52, 'Bhai Randhir Singh Nagar', 'Ludhiana', 'None', 'Punjab', 'India'),
(53, 'W/S & Sanitation Sub Division ', 'Dhuri', 'None', 'Punjab', 'India'),
(54, '34Basant ViharJawadi', 'Ludhiana', 'None', 'Punjab', 'India'),
(55, '', 'Jalandhar.', 'None', 'Punjab', 'India'),
(56, 'Provincial Division B & R Br.', 'Mansa.', 'None', 'Punjab', 'India'),
(57, '84 Basant Vihar Jawadi', 'Ludhiana', 'None', 'Punjab', 'India'),
(58, '293-A Model Town Extn.', 'Ludhiana.', '141002', 'Punjab', 'India'),
(59, 'Sarabha NagarMunicipal Corporation', 'Ludhiana.', 'None', 'Punjab', 'India'),
(60, 'Govt.Contractor.', 'Pathankot.', 'None', 'Punjab', 'India'),
(61, 'Govt.Contractor. ', 'Ropar', 'None', 'Punjab', 'India'),
(62, 'PHSC.', 'Roopnagar.', 'None', 'Punjab', 'India'),
(63, 'Plot No.-B.58 Phase VIIFocal Point', 'Ludhiana', 'None', 'Punjab', 'India'),
(64, 'PHSC.', 'Mohali', 'None', 'Punjab', 'India'),
(65, 'PHSC.', 'Sangrur.', 'None', 'Punjab', 'India'),
(66, 'Sidhwan Canal Sub Division', 'Ludhiana', 'None', 'Punjab', 'India'),
(67, 'Subhash NagarDaresi Road ', 'Ludhiana', 'None', 'Punjab', 'India'),
(68, 'Municipal Corporation', 'Ludhiana', 'None', 'Punjab', 'India'),
(69, 'VPO Kohara Chandigarh Road ', 'Ludhiana', 'None', 'Punjab', 'India'),
(70, 'Sri Anandpur Sahib ', 'Ropar.', 'None', 'Punjab', 'India'),
(71, '', 'Ludhiana', 'None', 'Punjab', 'India'),
(72, 'W/S & Sanitation Division No-2. ', 'Sri Muktsar Sahib', 'None', 'Punjab', 'India'),
(73, 'Municipal Corporation', 'Ludhiana', 'None', 'Punjab', 'India'),
(74, 'GLADA', 'Ludhiana', 'None', 'Punjab', 'India'),
(75, 'Govt. Contr', 'Amritsar', 'None', 'Punjab', 'India'),
(76, 'Municipal Corporation', 'Moga', 'None', 'Punjab', 'India'),
(77, 'Municipal Corporation', 'Ludhiana', 'None', 'Punjab', 'India'),
(78, 'Shaheed Karnail Singh Nagar Street No.2A H.No.1903 Behind Merado Colony Gill Road', 'Ludhiana', 'None', 'Punjab', 'India'),
(79, '263 Bharat Nagar ', 'Ludhiana', 'None', 'Punjab', 'India'),
(80, 'Const.Sub Division No.3P.W.D B & R.Br', 'Ludhiana.', 'None', 'Punjab', 'India'),
(81, '1st FloorOpp. Leo Fort HotelNear B.M.C. Chowk ', 'Jalandhar.', '144001', 'Punjab', 'India'),
(82, 'Beant College of Engineering & TechnologyPost Box-13 ', 'Gurdaspur', 'None', 'Punjab', 'India'),
(83, 'Zone-CB & RMunicipal Corporation', 'Ludhiana', 'None', 'Punjab', 'India'),
(84, 'B-XX550Pearl PalaceGhumar Mandi', 'Ludhiana', 'None', 'Punjab', 'India'),
(85, 'Plot No.F-453 Phase-8 B. Industrial Aera SAS Nagar', 'Mohali', '160055', 'Punjab', 'India'),
(86, 'Nagar Concil ', 'Jagraon.', 'None', 'Punjab', 'India'),
(87, 'Nagar Panchayt Kot Ishe Khan', 'Moga', 'None', 'Punjab', 'India'),
(88, 'Municipal Corporation ', 'Ludhiana', 'None', 'Punjab', 'India'),
(89, '9/12LalbazarStreet E Block4th FloorRoom No.10 ', 'Kolkata', '700001', 'West Bengal', 'India'),
(90, 'Govt.Contractor.', 'Amritsar', 'None', 'Punjab', 'India'),
(91, 'Municipal Council Amloh ', 'Distt.Fatehgarh Sahib.', 'None', 'Punjab', 'India'),
(92, '98-11Sarabha Nagar ', 'Ludhiana', 'None', 'Punjab', 'India'),
(93, 'Punjab Health Systems Corporation', 'Ludhiana', 'None', 'Punjab', 'India'),
(94, 'W/S & Sanitation Sub Division-5', 'Ludhiana', 'None', 'Punjab', 'India'),
(95, '5th FloorDean Dayal Bldg. 7-E Jhandewalan Extn. Rani Jhansi Road ', 'New Delhi.', 'None', 'Delhi', 'India'),
(96, 'Punjab Mandi Borad', 'Ludhiana', 'None', 'Punjab', 'India'),
(97, 'D-1 & D-2 ( B&R ) Municipal Corporation ', 'Ludhiana', 'None', 'Punjab', 'India'),
(98, 'GLADA', 'Ludhiana', 'None', 'Punjab', 'India'),
(99, 'B & R Zone-D Municipal Corporation ', 'Ludhiana', 'None', 'Punjab', 'India'),
(100, 'Zone-D B & RSarabha NagarMunicipal Corporation ', 'Ludhiana', 'None', 'Punjab', 'India'),
(101, 'Guru Nanak Dev Engineering College Civil Deptt.', 'Ludhiana', 'None', 'Punjab', 'India'),
(102, 'Guru Nanak Dev Engineering College Civil Deptt.', 'Ludhiana', 'None', 'Punjab', 'India'),
(103, 'W/S & Sanitation Sub Division No. 5 ', 'Ludhiana', 'None', 'Punjab', 'India'),
(104, '13-A Maqbool Road', 'Amritsar', 'None', 'Punjab', 'India'),
(105, 'Regd Office: 21605Street No.6/1APower House Road', 'Bathinda.', '151001', 'Punjab', 'India'),
(106, '400/220 KV Ludhiana Sub Station 11Km Stone Lalton Kalan Pakhowal Road ', 'Ludhiana', 'None', 'Punjab', 'India'),
(107, '400/220KV Sub Station GT Road Kartarpur.', 'Jalandhar', 'None', 'Punjab', 'India'),
(108, 'Zone-B(B & R) Municipal Corporation', 'Ludhiana', 'None', 'Punjab', 'India'),
(109, 'Zone-B(B & R) Municipal Corporation', 'Ludhiana', 'None', 'Punjab', 'India'),
(110, 'W/s & Sanitation Sub Division  ', 'Rajpura.', 'None', 'Punjab', 'India'),
(111, 'W/s & Sanitation Sub Division', 'Banur At Rajpura.', 'None', 'Punjab', 'India'),
(112, 'Office-41/64 JB.R.S NagarOpp.Lodhi Club', 'Ludhiana', 'None', 'Punjab', 'India'),
(113, 'H.No.963/5A Street No.5 Deep Nagar Civil Lines ', 'Ludhiana', 'None', 'Punjab', 'India'),
(114, 'Zone-D B & RSarabha NagarMunicipal Corporation', 'Ludhiana', 'None', 'Punjab', 'India'),
(115, 'Municipal Corporation', 'Ludhiana', 'None', 'Punjab', 'India'),
(116, 'C-101-102 2nd Floor Lajpat Nagar-1 Near Defence Colony Flyover Market ', 'New Delhi.', 'None', 'Delhi', 'India'),
(117, 'Focal Point Phase-8 Near Forits Hospital ', 'Ludhiana', 'None', 'Punjab', 'India'),
(118, 'Construction Sub Division PWD (B & R) Br.', 'Mukerian', 'None', 'Punjab', 'India'),
(119, 'Rajasthan Feeder Division ', 'Ferozepur', 'None', 'Punjab', 'India'),
(120, 'Pb. Police Housing Corpn. Ltd. ', 'Bathinda.', 'None', 'Punjab', 'India'),
(121, 'Shop No.5 Near Janta Laboratory G. T. Road ', 'Gurdaspur ', '143521', 'Punjab', 'India'),
(122, 'Northern Railway ', 'Ludhiana', 'None', 'Punjab', 'India'),
(123, 'Oiffice-602 Trade Center Bandra Kurla Complex Babdra (East) ', 'Mumbai', 'None', 'Maharashtra', 'India'),
(124, 'Zone-B(B & R) Municipal Corporation ', 'Ludhiana', 'None', 'Punjab', 'India'),
(125, 'Constn.  Division PWD  B & R  Br. ', 'Moga', 'None', 'Punjab', 'India'),
(126, 'W/S & Sanitation Division No-1.  ', 'Malerkotla', 'None', 'Punjab', 'India'),
(127, 'PB. W/S & Sewerage Sub Division NO.2  ', 'Amritsar', 'None', 'Punjab', 'India'),
(128, 'Harike Canal Division ', 'Ferozepur', 'None', 'Punjab', 'India'),
(129, 'PSPCL  ', 'Ludhiana', 'None', 'Punjab', 'India'),
(130, 'Northern Railway ', 'Sirhind ', 'None', 'Punjab', 'India'),
(131, 'Bathinda', 'Bathinda', 'None', 'Punjab', 'India'),
(132, 'Birmi ', 'Distt. Ludhiana', 'None', 'Punjab', 'India'),
(133, 'PIT Hoshiarpur C/o Punjab Technical University ', 'Jalandhar', 'None', 'Punjab', 'India'),
(134, 'NIT-12 Ward no-6 M. C. Doraha  ', 'Ludhiana', 'None', 'Punjab', 'India'),
(135, '315 Master Tara Singh Nagar ', 'Jalandhar', 'None', 'Punjab', 'India'),
(136, 'D/o Mr. Yogesh Baweja GNDEC (Dept. CSE) ', 'Ludhiana', 'None', 'Punjab', 'India'),
(137, 'S/o S. Gurdeep Singh GNDEC (Dept. CSE) ', 'Ludhiana', 'None', 'Punjab', 'India'),
(138, 'D/o Mr.Rajinder Kumar GNDEC (Dept. CSE) ', 'Ludhiana', 'None', 'Punjab', 'India'),
(139, 'S/o Sh. Satist Kumar Singh GNDEC (Dept CSE) ', 'Ludhiana', 'None', 'Punjab', 'India'),
(140, 'S/o Sh. Ashwani Kumar GNDEC (Dept CSE) ', 'Ludhiana', 'None', 'Punjab', 'India'),
(141, 'Father Name-Mr. A.K.Dutta GNDEC (Dept CSE) ', 'Ludhiana', 'None', 'Punjab', 'India'),
(142, 'D/o S.Darshan Singh GNDEC (Dept CSE) ', 'Ludhiana', 'None', 'Punjab', 'India'),
(143, 'S/o Sh. Satinder Kumar GNDEC (Dept CSE) ', 'Ludhiana', 'None', 'Punjab', 'India'),
(144, 'D/o S. Gurbachan Singh GNDEC (Dept CSE) ', 'Ludhiana', 'None', 'Punjab', 'India'),
(145, 'S/o S. Surinder Singh GNDEC (Dept. CSE) ', 'Ludhiana', 'None', 'Punjab', 'India'),
(146, 'S/o S. Pargat Singh GNDEC (Dept. CSE) ', 'Ludhiana', 'None', 'Punjab', 'India'),
(147, 'S/o S. Harvinder Singh GNDEC (Dept.CSE) ', 'Ludhiana', 'None', 'Punjab', 'India'),
(148, 'S/o S. Baljeet Singh GNDEC (Dept.CSE) ', 'Ludhiana', 'None', 'Punjab', 'India'),
(149, 'D/o  S Jaswinder Singh GNDEC (Dept. ECE)   ', 'Ludhiana', 'None', 'Punjab', 'India'),
(150, 'D/o S Surinder Singh GNDEC (Dept ECE) ', 'Ludhiana', 'None', 'Punjab', 'India'),
(151, 'D/o S Rai Singh GNDEC (Dept. ECE) ', 'Ludhiana', 'None', 'Punjab', 'India'),
(152, 'Florence City ', 'Pathankot', 'None', 'Punjab', 'India'),
(153, 'Zone-C (B & R) Municipal corporation', 'Ludhiana', 'None', 'Punjab', 'India'),
(154, 'S/o S. Anaib Singh Guru Nanak Dev Engineering College (Deptt. IT)', 'Ludhiana', 'None', 'Punjab', 'India'),
(155, '', 'Jalandhar', 'None', 'Punjab', 'India'),
(156, 'S/o S. Ram Asra SIngh GNDEC (Dept CSE) ', 'Ludhiana', 'None', 'Punjab', 'India'),
(157, 'S/0 S. Tarlok Singh GNDEC (Dept CSE) ', 'Ludhiana', 'None', 'Punjab', 'India'),
(158, 'Punjab Police Housing Corporation Ltd. QTR No.247-248 Police Lines ', 'Jalandhar', 'None', 'Punjab', 'India'),
(159, 'Govt.Contractor. ', 'Kotkapura', 'None', 'Punjab', 'India'),
(160, '341-42-D Phase-8 Focal Point', 'Ludhiana', 'None', 'Punjab', 'India'),
(161, 'PHSC.', 'Sangrur', 'None', 'Punjab', 'India'),
(162, 'D/o  Mr. Suresh Chawla Chitkara University ', 'Baddi', 'None', 'Punjab', 'India'),
(163, 'W/s & Sanitation Sub Division ', 'Dhuri', 'None', 'Punjab', 'India'),
(164, 'Punjab Police Housing Corporation Civil Sub DivisionQtr. No.29 PS Sadar ', 'Ludhiana', 'None', 'Punjab', 'India'),
(165, 'D/o Sh.Mehar Chand GNDEC (Dept. IT) ', 'Ludhiana', 'None', 'Punjab', 'India'),
(166, 'D/o Mr. P.N Pathak GNDEC (Dept.IT) ', 'Ludhiana', 'None', 'Punjab', 'India'),
(167, 'S/o S. Avtar Singh GNDEC (Civil Deptt.)', 'Ludhiana', 'None', 'Punjab', 'India'),
(168, 'S/o Sh. Lekh Raj GNDEC (Dept. CSE)', 'Ludhiana', 'None', 'Punjab', 'India'),
(169, 'Civil Works Division PSTCL ', 'Jalandhar', 'None', 'Punjab', 'India'),
(170, 'Near Jagraon Bridge (MES) ', 'Ludhiana', 'None', 'Punjab', 'India'),
(171, 'International Youth Centre 2nd Floor Teen Murti Marg Chanakyapuri ', 'New Delhi ', 'None', 'Punjab', 'India'),
(172, 'Pb.W/S & Sew Sub Division No.1', 'Jalandhar', 'None', 'Punjab', 'India'),
(173, 'S/o S.Arvinder Singh GNDEC (Dept.Civil) ', 'Ludhiana', 'None', 'Punjab', 'India'),
(174, 'D/o S.Daljit Singh GNDEC (Dept.Civil) ', 'Ludhiana', 'None', 'Punjab', 'India'),
(175, 'S/o S. Balwant Singh GNDEC (Dept.Civil) ', 'Ludhiana', 'None', 'Punjab', 'India'),
(176, 'S/o S. Surinder Singh GNDEC (Dept. Civil) ', 'Ludhiana', 'None', 'Punjab', 'India'),
(177, 'S/o S. Kuldeep Singh GNDEC (Dept.Civil) ', 'Ludhiana', 'None', 'Punjab', 'India'),
(178, 'S/o S. Surjit Singh GNDEC (Dept.Civil) ', 'Ludhiana', 'None', 'Punjab', 'India'),
(179, 'S/o S. Gurpal Singh GNDEC (Dept.Civil) ', 'Ludhiana', 'None', 'Punjab', 'India'),
(180, 'S/o S.Harjit Singh GNDEC (Dept.Civil) ', 'Ludhiana', 'None', 'Punjab', 'India'),
(181, 'S/o S. Inderjit Singh GNDEC (Dept.Civil) ', 'Ludhiana', 'None', 'Punjab', 'India'),
(182, 'S/o S. Varinder Singh GNDEC (Dept.Civil) ', 'Ludhiana', 'None', 'Punjab', 'India'),
(183, 'S/o S. Barinderjit Singh GNDEC (Dept.Civil) ', 'Ludhiana', 'None', 'Punjab', 'India'),
(184, 'S/o S. Gurbant Singh GNDEC (Dept.Civil) ', 'Ludhiana', 'None', 'Punjab', 'India'),
(185, 'Pb. W/S & Sew Sub Divn.', 'Batala', 'None', 'Punjab', 'India'),
(186, 'S/o S. Surjit Singh GNDEC (Dept.Civil) ', 'Ludhiana', 'None', 'Punjab', 'India'),
(187, 'D/o S. Raghwinder SIngh GNDEC (Dept.Civil) ', '', 'None', 'Punjab', 'India'),
(188, 'Provincial Sub Division No.3 PWD B & R', 'Ludhiana', 'None', 'Punjab', 'India'),
(189, '2nd Floor B-1535/1A St.No. 4 New Prem Nagar Backside Las Vigas Pub ', 'Ludhiana', 'None', 'Punjab', 'India'),
(190, 'B-III-151 Ward No. 12 Sahnewal ', 'Ludhiana', 'None', 'Punjab', 'India'),
(191, 'S/o S. R.N. Singh GNDEC (Dept.CSE) ', 'Ludhiana', 'None', 'Punjab', 'India'),
(192, 'S/o Mr.D.K. Sahoo GNDEC (Dept.CSE) ', 'Ludhiana', 'None', 'Punjab', 'India'),
(193, 'S/o Mr. Rampratap Singh GNDEC (Dept.CS) ', 'Ludhiana', 'None', 'Punjab', 'India'),
(194, 'S/o Mr. M. Singh GNDEC (Dept.CSE) ', 'Ludhiana', 'None', 'Punjab', 'India'),
(195, 'Municipal Concil Sahnewal', 'Ludhiana', 'None', 'Punjab', 'India'),
(196, '50 MLD CETP Tajpur Road Adjoining Central Jail ', 'Ludhiana', 'None', 'Punjab', 'India'),
(197, 'S/o S. Paramvir Singh GNDEC (Dept.CSE) ', 'Ludhiana', 'None', 'Punjab', 'India'),
(198, 'D/o S.Sukhwinder Singh GNDEC (Dept.CSE) ', 'Ludhiana', 'None', 'Punjab', 'India'),
(199, 'D/o S.Jasvir Singh GNDEC (Dept.CSE) ', 'Ludhiana', 'None', 'Punjab', 'India'),
(200, 'D/o S.Bhajan Singh GNDEC (Dept.CSE) ', 'Ludhiana', 'None', 'Punjab', 'India'),
(201, 'D/o S.Jagtar Singh GNDEC (Dept.CSE) ', 'Ludhiana', 'None', 'Punjab', 'India'),
(202, 'D/o S. Surjit Singh GNDEC (Dept.IT) ', 'Ludhiana', 'None', 'Punjab', 'India'),
(203, 'D/o S. Hardavinder Singh GNDEC (Dept.IT) ', 'Ludhiana', 'None', 'Punjab', 'India'),
(204, 'D/o S.Hardip Singh GNDEC (Dept.CSE) ', 'Ludhiana', 'None', 'Punjab', 'India'),
(205, 'Sarna', 'Pathankot', 'None', 'Punjab', 'India'),
(206, 'S/o Ashwani Sharma GNDEC (Mech.Deptt.)', 'Ludhiana', 'None', 'Punjab', 'India'),
(207, 'D/o S. Bir Singh GNDEC (Dpet.ECE) ', 'Ludhiana', 'None', 'Punjab', 'India'),
(208, 'D/o S. Narinder Singh GNDEC (Dept.CSE) ', 'Ludhiana', 'None', 'Punjab', 'India'),
(209, 'S/o Mr. David GNDEC (Dept.CSE) ', 'Ludhiana', 'None', 'Punjab', 'India'),
(210, 'S/o S. Baljeet Singh GNDEC (Dept.CSE)', 'Ludhiana', 'None', 'Punjab', 'India'),
(211, 'S/o S. Darshan Singh Bhatti GNDEC (Dept.CSE) ', 'Ludhiana', 'None', 'Punjab', 'India'),
(212, 'S/o S. Karamjit Singh Lamba GNDEC (Dept.CSE) ', 'Ludhiana', 'None', 'Punjab', 'India'),
(213, 'Phase-6 Focal Point ', 'Ludhiana', 'None', 'Punjab', 'India'),
(214, 'S/o S. Sukhchain Singh GNDEC (Deptt. CSE)', 'Ludhiana', 'None', 'Punjab', 'India'),
(215, 'W/S & Sanitation Division ', 'Fatehgarh Sahib ', 'None', 'Punjab', 'India'),
(216, 'Panchayti Raj PWD ', 'Ludhiana', 'None', 'Punjab', 'India'),
(217, 'W/s & Sanitation Sub Division ', 'Dharamkot', 'None', 'Punjab', 'India'),
(218, 'Pb. W/s & Sewerage Sub Division no-1 ', 'Sangrur', 'None', 'Punjab', 'India'),
(219, 'S/o Mr. Anand Kumar GNDEC (Dept.CSE) ', 'Ludhiana', 'None', 'Punjab', 'India'),
(220, 'D/o S.Rajinder Singh GNDEC (Dept. CSE) ', 'Ludhiana', 'None', 'Punjab', 'India'),
(221, 'Municipal Corporation', 'Ludhiana', 'None', 'Punjab', 'India'),
(222, '#390-A Hira Singh Road Ghumar Mandi ', 'Ludhiana', 'None', 'Punjab', 'India'),
(223, 'Head of Techical Advisory Group S.C.O  89-90 Sector 34-A ', 'Chandigarh ', 'None', 'Punjab', 'India'),
(224, 'W/S & Sanitation Division ', 'Khanna', 'None', 'Punjab', 'India'),
(225, 'D/o Sh. Kuldeep Kumar Sharma GNDEC (Dept. CSE) ', 'Ludhiana', 'None', 'Punjab', 'India'),
(226, 'Govt.Contractor Model Town Miani Road Dasuya ', 'Distt. Hoshiarpur', 'None', 'Punjab', 'India'),
(227, 'S/o S.Harjit Singh GNDEC (Dept.Civil)', 'Ludhiana', 'None', 'Punjab', 'India'),
(228, 'S/o S. Avtar Singh GNDEC (Dept.CSE) ', 'Ludhiana', 'None', 'Punjab', 'India'),
(229, 'D/o S. Ravinder Singh GNDEC (Dept.CSE) ', 'Ludhiana', 'None', 'Punjab', 'India'),
(230, 'S/o Mr.Rahul Sharma GNDEC (Dept.IT) ', 'Ludhiana', 'None', 'Punjab', 'India'),
(231, 'D/o S.Parminder Singh GNDEC (Dept. IT) ', 'Ludhiana', 'None', 'Punjab', 'India'),
(232, 'Father Name- Sh.Kulwinder Chopra GNDEC (Dept. IT) ', 'Ludhiana', 'None', 'Punjab', 'India'),
(233, 'S/o S. Sukhwinder Singh GNDEC (Dept Civil) ', 'Ludhiana', 'None', 'Punjab', 'India'),
(234, 'S/o S.Harjit Singh GNDEC (Dept. CSE) ', 'Ludhiana', 'None', 'Punjab', 'India'),
(235, 'S/o Sh. Ramesh Garg GNDEC (Dept. Civil) ', 'Ludhiana', 'None', 'Punjab', 'India'),
(236, 'S/o Sh. Rajpal Singh GNDEC (Dept.Civil) ', 'Ludhiana', 'None', 'Punjab', 'India'),
(237, '', 'Saharanpur', 'None', 'Uttar Pradesh', 'India'),
(238, 'S/o S. Satwinderpal Singh GNDEC (Deptt.Civil)', 'Ludhiana', 'None', 'Punjab', 'India'),
(239, 'R/o 3344 Chet singh Nagar', 'Ludhiana', 'None', 'Punjab', 'India'),
(240, 'GLADA ', 'Ludhiana ', 'None', 'Punjab', 'India'),
(241, 'GLADA ', 'Ludhiana ', 'None', 'Punjab', 'India'),
(242, 'Punjab Police Housing Corporation Ltd. ', 'Jahankhelan', 'None', 'Punjab', 'India'),
(243, 'D/o Mr. Sudesh Kumar GNDEC (Dept. Civil) ', 'Ludhiana', 'None', 'Punjab', 'India'),
(244, 'Local Gurudwara Committee Lakhpur ', 'Phagwara', 'None', 'Punjab', 'India'),
(245, 'Sadhu Singh DAV Rural Public School Mukandpur ', 'Distt. Sbs Nagar', 'None', 'Punjab', 'India'),
(246, 'D/o S.Paramjit Singh G.N.D.Ploy.(Dept.CS) ', 'Ludhiana', 'None', 'Punjab', 'India'),
(247, '# 9 2nd Floor Sona Complex Miller Gunj ', 'Ludhiana', 'None', 'Punjab', 'India'),
(248, 'D/o S. Baldev Singh GNDEC (Dept ECE) ', 'Ludhiana', 'None', 'Punjab', 'India'),
(249, 'G.P.W.S.C. Bamial ', ' Pathankot', 'None', 'Punjab', 'India'),
(250, 'S/o Sh. Anil Mittal GNDEC (Deptt.CSE)', 'Ludhiana', 'None', 'Punjab', 'India'),
(251, 'Improvement Trust ', 'Amritsar', 'None', 'Punjab', 'India'),
(252, 'S/o S.Jagdev Singh GNDEC (Dept.Civil) ', 'Ludhiana', 'None', 'Punjab', 'India'),
(253, 'D/o S.Gurmeet Singh G.N.D.Poly.College  (Dept. CS) ', 'Ludhiana', 'None', 'Punjab', 'India'),
(254, 'V.P.O. Uggi Teh. Nakodar ', 'Distt. Jalandhar', 'None', 'Punjab', 'India'),
(255, 'B & R Sub Zone D-4 Fountain Chowk Municipal Corporation', 'Ludhiana', 'None', 'Punjab', 'India'),
(256, 'Guru Nanak Public School Committee Birmi', 'Ludhiana', 'None', 'Punjab', 'India'),
(257, 'S/o Sh. Parshu Ram Adhikari GNDEC (Deptt. Civil)', 'Ludhiana', 'None', 'Punjab', 'India'),
(258, 'Zone-C (B & R) Municipal corporation', 'Ludhiana', 'None', 'Punjab', 'India'),
(259, 'PB. W/S & Sewerage Sub Division NO.2 ', 'Bathinda', 'None', 'Punjab', 'India'),
(260, 'D/o Sh. Satish Kumar GNDEC (Dept CSE) ', 'Ludhiana', 'None', 'Punjab', 'India'),
(261, 'PSTCL ', 'Ropar', 'None', 'Punjab', 'India'),
(262, 'Punjab Agricultural Univerisity ', 'Ludhiana', 'None', 'Punjab', 'India'),
(263, 'Sehdev MarketNear P&T Colony ', 'Jalandhar City ', 'None', 'Punjab', 'India'),
(264, 'Ropar Head Works Division ', 'Ropar', 'None', 'Punjab', 'India'),
(265, 'S/o Sh. Hansraj GNDEC (Dept.Civil) ', 'Ludhiana', 'None', 'Punjab', 'India'),
(266, 'Constn. Sub Division No-3 PWD  B & R  Br. ', 'Ludhiana', 'None', 'Punjab', 'India'),
(267, 'Punjab Mandi Borad ', 'Ludhiana-I', 'None', 'Punjab', 'India'),
(268, 'GLADA ', 'Ludhiana', 'None', 'Punjab', 'India'),
(269, 'Municipal Corporation ', 'Jalandhar', 'None', 'Punjab', 'India'),
(270, 'S/o S. Harinder Singh GNDEC (Dept.CSE) ', 'Ludhiana', 'None', 'Punjab', 'India'),
(271, '', 'Ludhiana', 'None', 'Punjab', 'India'),
(272, 'Guru Nanak Dev Engineering College', 'Ludhiana', 'None', 'Punjab', 'India'),
(273, 'Guru Nanak Dev Engineering College', 'Ludhiana', 'None', 'Punjab', 'India'),
(274, 'Guru Nanak Dev Engineering College', 'Ludhiana', 'None', 'Punjab', 'India'),
(275, 'Guru Nanak Dev Engineering College', 'Ludhiana', 'None', 'Punjab', 'India'),
(276, 'Guru Nanak Dev Engineering College', 'Ludhiana', 'None', 'Punjab', 'India'),
(277, 'S/o S. Jagpal Singh GNDEC (Dept.CSE) ', 'Ludhiana', 'None', 'Punjab', 'India'),
(278, 'Industrial Area-C Kanganwal Near Taxla Plastic', 'Ludhiana', 'None', 'Punjab', 'India'),
(279, 'Improvement Trust', 'Jalandhar', 'None', 'Punjab', 'India'),
(280, '', 'Jammu (J&K). ', 'None', 'Jammu and Kashmir', 'India'),
(281, 'S/o Sh. Yashpal Kakkar GNDEC (Dept.Civil) ', 'Ludhiana', 'None', 'Punjab', 'India'),
(282, 'S/o S. Harjot Singh GNDEC (Dept.Civil) ', 'Ludhiana', 'None', 'Punjab', 'India'),
(283, '', 'Ludhiana', 'None', 'Punjab', 'India'),
(284, '400/220 KV Sub Station (PSTCL) ', 'Nakodar', 'None', 'Punjab', 'India'),
(285, 'S/o S. Surinder Singh GNDEC (Dept. Civil) ', 'Ludhiana', 'None', 'Punjab', 'India'),
(286, 'S/o Sh. Yashpaul Kakkar GNDEC (Dept. Civil) ', 'Ludhiana', 'None', 'Punjab', 'India'),
(287, '101 Part-III Sector-28 Gandhinagar ', 'Gujarat', '382028', 'Punjab', 'India'),
(288, 'S/o Sh. Raj Kishore Prasad GNDEC (Deptt. Civil)', 'Ludhiana', 'None', 'Punjab', 'India'),
(289, 'Pb. W/S & Sew Sub Division', 'Phagwara', 'None', 'Punjab', 'India'),
(290, 'D/o Sh. Suresh jain GNDEC (Deptt. CSE)', 'Ludhiana', 'None', 'Punjab', 'India'),
(291, 'D/o S. Satnam Singh GNDEC (Dept.ECE) ', 'Ludhiana', 'None', 'Punjab', 'India'),
(292, 'S/o S. Ram Singh Bunger Room No.64 hostel No.2 GNDEC', 'Ludhiana', 'None', 'Punjab', 'India'),
(293, 'D/o S. Amarjit Singh Dr. B R Ambedkar National Institute of Technology G.T.Road Bye Pass', 'Jalandhar', 'None', 'Punjab', 'India'),
(294, 'V.P.O. Sarabha ', 'Distt. Ludhiana', 'None', 'Punjab', 'India'),
(295, 'B & R. Sub Zone D-3 Sarabha Nagar Municipal Corporation', 'Ludhiana', 'None', 'Punjab', 'India'),
(296, 'Zone-A Municipal Corporation ', 'Ludhiana', 'None', 'Punjab', 'India'),
(297, 'S/o S. Sukhjit Singh GNDEC (Dept.CSE) ', 'Ludhiana', 'None', 'Punjab', 'India'),
(298, '44- Sukhdev Avenue', 'Ludhiana', 'None', 'Punjab', 'India'),
(299, 'Near Lodhi Club Shaheed Bhagat Singh', 'Ludhiana', 'None', 'Punjab', 'India'),
(300, 'Pb. W/S & SEw Sun Divn.', 'Naranshahar', 'None', 'Punjab', 'India'),
(301, 'Dr. R.G Rao Villa 1st Floor Near Amboli Church Andheri (West) ', 'Mumbai', '400058', 'Punjab', 'India'),
(302, '', 'Muktsar', 'None', 'Punjab', 'India'),
(303, 'GT Road Near Manji Sahib Gurudwara ', 'Doraha', 'None', 'Punjab', 'India'),
(304, 'Construction Division No.2 PWD (B&R) Br. ', 'Kapurthala', 'None', 'Punjab', 'India'),
(305, 'Bharat Nagar Chowk', 'Ludhiana', 'None', 'Punjab', 'India'),
(306, 'Sun View Colony South City ', 'Ludhiana', 'None', 'Punjab', 'India'),
(307, 'Panchayti Raj PWD ', 'Ludhiana', 'None', 'Punjab', 'India'),
(308, 'S/o Sh. Arun Kumar Dubey GNDEC (Deptt.IT)', 'Ludhiana', 'None', 'Punjab', 'India'),
(309, 'W/S & Sanitation Division No. 2 ', 'Shri Muktsar Sahib', 'None', 'Punjab', 'India'),
(310, '', 'Ludhiana', 'None', 'Punjab', 'India'),
(311, 'D/o S. Ranjit Singh GNDEC (Dept.IT) ', 'Ludhiana', 'None', 'Punjab', 'India'),
(312, 'Zone-A (B &R) Municipal Corporation ', 'Ludhiana', 'None', 'Punjab', 'India'),
(313, 'Department of Livestock Products Technology GADVASU ', 'Ludhiana', 'None', 'Punjab', 'India'),
(314, '', 'Ludhiana', 'None', 'Punjab', 'India'),
(315, 'S/o. S.Daljit Singh Pandher GNDEC (Dept.Mech.) ', 'Ludhiana', 'None', 'Punjab', 'India'),
(316, 'Zone-D Municipal Corporation ', 'Ludhiana', 'None', 'Punjab', 'India'),
(317, '0-116 Frist Floor Shopping Mall Arjun Marg DLF City Phase-1 Gurgaon ', 'Haryana', 'None', 'Haryana', 'India'),
(318, 'Construction Division No.1 PWD (B&R) Br. ', 'Ludhiana ', 'None', 'Punjab', 'India'),
(319, 'Punjab Mandi Borad Kisan Bhawan Sector-35A ', 'Chandigarh', 'None', 'Punjab', 'India'),
(320, 'Municipal Corporation ', 'Ludhiana', 'None', 'Punjab', 'India'),
(321, 'Municipal Corporation', 'Ludhiana', 'None', 'Punjab', 'India'),
(322, '', 'Pathankot', 'None', 'Punjab', 'India'),
(323, '', 'Pathankot', 'None', 'Punjab', 'India'),
(324, 'Nehru Nagar College Road', 'Pathankot', 'None', 'Punjab', 'India'),
(325, 'D/o S. Preet Mohinder Singh DAV Institute of Engg.& Tech.', 'Jalandhar', 'None', 'Punjab', 'India'),
(326, 'E-19 Focal Point ', 'Ludhiana', '141010', 'Punjab', 'India'),
(327, 'Road No-9 Hanuman Nagar ', 'Patna', 'None', 'Bihar', 'India'),
(328, 'W/S & Sanitation Division No. 2 ', 'Ludhiana', 'None', 'Punjab', 'India'),
(329, 'Rajgadh Estates Sidhwan Canal Vill Birmi Road ', 'Ludhiana', 'None', 'Punjab', 'India'),
(330, 'P.H.S.C. ', 'Barnala', 'None', 'Punjab', 'India'),
(331, 'Institutes of Engineers', 'New Delhi', 'None', 'Delhi', 'India'),
(332, '400/200 Kv GIS Sub Station VPO Rajera Distt. Chamba ', 'Himachal Pardesh', '176310', 'Himachal Pradesh', 'India'),
(333, 'C-58 Focal Point', 'Ludhiana', 'None', 'Punjab', 'India'),
(334, 'Village Nanowal Kalan Behlolpur Road Tehsil Khamano', 'Fatehgarh Sahib', 'None', 'Punjab', 'India'),
(335, 'S/o Sh. Paramjit Pujani DAV Institute of Engineering & Technology Kabir Nagar', 'Jalandhar', 'None', 'Punjab', 'India'),
(336, 'L & T', 'Gujarat', 'None', 'Gujarat', 'India'),
(337, 'For Their Client M/s Punjab Greenfield Resources Ltd. S.C.O.-32 Basement Cabin No.2 Foroze Gandi', 'Ludhiana', '141001', 'Punjab', 'India'),
(338, 'Street No. 1 Shiv Colony ', 'Bathinda', 'None', 'Punjab', 'India'),
(339, 'Rites Bhawan No.1 Sector 29', 'Gurgaon', 'None', 'Haryana', 'India'),
(340, 'Larsen & Toubro Ltd. Kothi No.74 Modern Colony New Jawahar Nagar ', 'Jalandhar City', '144001', 'Punjab', 'India'),
(341, '119A Gandhi Nagar', 'Jammu', 'None', 'Jammu and Kashmir', 'India'),
(342, 'N.I.T. No.7 Ward No.11 Leela Resorts M.C.Doraha', 'Ludhiana', 'None', 'Punjab', 'India'),
(343, 'S/o S. Gurmeet Singh Continental Institute of Engg. & Tech. NH1 Vill. Jalvehra Sirhind', 'Fatehgarh Sahib', 'None', 'Punjab', 'India'),
(344, 'Zone-C (B & R) Municipal Corporation ', 'Ludhiana', 'None', 'Punjab', 'India'),
(345, 'V.P.O. Rasulpur Near Banga Salhon Road (Nawanshahr) ', 'S.B.S. Nagar', '144513', 'Punjab', 'India'),
(346, '', 'Ludhiana', 'None', 'Punjab', 'India'),
(347, 'Sub Zone (D-2) Municipal Corporation ', 'Ludhiana', 'None', 'Punjab', 'India'),
(348, 'Construction Division No.1 PWD (B&R) Br. ', 'Jalandhar Cantt.', 'None', 'Punjab', 'India'),
(349, 'S.C.F. 12 Urban Estate Phase-1 Dugri ', 'Ludhiana', '141002', 'Punjab', 'India'),
(350, 'Pb. W/s & Sewerage Sub Division No-1 ', 'Ludhiana', 'None', 'Punjab', 'India'),
(351, 'W/S & Sanitation Division No.1', 'Malerkotla', 'None', 'Punjab', 'India'),
(352, 'Municipal Corporation ', 'Jalandhar', 'None', 'Punjab', 'India'),
(353, 'Construction Sub Division PWD (B & R) Br. ', 'Doraha', 'None', 'Punjab', 'India'),
(354, 'Municipal Corporation ', 'Moga', '142001', 'Punjab', 'India'),
(355, 'D/o S.Harjit singh GNDEC (Deptt. M.C..A)', 'Ludhiana', 'None', 'Punjab', 'India'),
(356, 'Dean Consultancy Guru Nanak Dev Engineering College ', 'Ludhiana', 'None', 'Punjab', 'India'),
(357, 'Vill. Balachak P.O. Chabba Tarntaran Road ', 'Amritsar', '143022', 'Punjab', 'India'),
(358, 'Provincial Division PWD (B & R) Branch ', 'Jalandhar Cantt. ', 'None', 'Punjab', 'India'),
(359, 'Vigilance Bureau ', 'Unit Jalandhar', 'None', 'Punjab', 'India'),
(360, 'Punjab Police Housing Corporation Ltd. D-Division Lahori Gater ', 'Amritsar', 'None', 'Punjab', 'India'),
(361, 'Punjab State Warehousing Corporation SCO 119-120 Sector 17-B ', 'Chandigarh', 'None', 'Punjab', 'India'),
(362, 'Zone-B (B & R) Municipal Corporation', 'Ludhiana', 'None', 'Punjab', 'India'),
(363, 'Jitwal Kalan Tehsil Malerkotla ', 'Distt. Sangrur', 'None', 'Punjab', 'India'),
(364, 'Construction Division No.1 PWD (B&R) Branch ', 'Bathinda', 'None', 'Punjab', 'India'),
(365, 'Water Supply  &  Sanitation Sub Division ', 'Ghanour', 'None', 'Punjab', 'India'),
(366, 'GLADA ', 'Ludhiana', 'None', 'Punjab', 'India'),
(367, 'Punjab Mandi Borad ', 'Malerkotla, Sangrur', 'None', 'Punjab', 'India'),
(368, 'S/o S. Baldev Singh VPO Talwandi Mallian Teh. Dharamkot', 'Moga', '142041', 'Punjab', 'India'),
(369, 'D/o S.Harwinder Singh Khalsa College for Women Civil Lines (Daptt. BCA) ', 'Ludhiana', 'None', 'Punjab', 'India'),
(370, 'D/o Mr. Tarsem Singh Khalsa College for Women Civil Lines  (Deppt.BCA) ', 'Ludhiana', 'None', 'Punjab', 'India'),
(371, 'D/o S. Prithipal Singh GNDEC (Deptt.M.C.A.)', 'Ludhiana', 'None', 'Punjab', 'India'),
(372, 'C/o 18 GNE Campus', 'Ludhiana', 'None', 'Punjab', 'India'),
(373, 'Opp. Veer Palace Chd. Road ', 'Ludhiana', 'None', 'Punjab', 'India'),
(374, 'VPO Barsal Tehsil Jagraon ', 'Ludhiana', 'None', 'Punjab', 'India'),
(375, 'Gobindgarh ', 'Distt. Fatehgarh Sahib.', 'None', 'Punjab', 'India'),
(376, 'Provincial Sub Division No. 1 PWD (B & R) Branch ', 'Jalandhar Cantt.', 'None', 'Punjab', 'India'),
(377, 'Focal Point ', 'Ludhiana', 'None', 'Punjab', 'India'),
(378, 'Guru Nanak Dev Engineering College (Civil Deptt.)', 'Ludhiana', 'None', 'Punjab', 'India'),
(379, 'SCO-7-8 3rd Floor Jnadu Tower Miller Gunj G T Road ', 'Ludhiana', '141003', 'Punjab', 'India'),
(380, 'Oiffice-602 Trade Center Bandra Kurla Complex Babdra (East) ', 'Mumbai ', 'None', 'Punjab', 'India'),
(381, '# 80 Phase-I Model Town ', 'Bathinda', '151001', 'Punjab', 'India'),
(382, 'Punjab Police Housing Corporation Ltd. Police Complex Phase-VII', 'SAS Nagar', 'None', 'Punjab', 'India'),
(383, 'D/o S. Harwinder Singh GNDEC (Deptt. MCA)', 'Ludhiana', 'None', 'Punjab', 'India'),
(384, 'W/S & Sanitation Sub Division No.2 ', 'Balachaur', 'None', 'Punjab', 'India'),
(385, 'Municipal Corporation ', 'Ludhiana', 'None', 'Punjab', 'India'),
(386, 'Indian Oil Corporation Limited (MD) Jind Road ', 'Sangrur ', '148001', 'Punjab', 'India'),
(387, '(PMC for Amritsar Sewerage Project) ', 'Amritsar ', 'None', 'Punjab', 'India'),
(388, 'Municipal Corporation Zone-A (N)', 'Ludhiana', 'None', 'Punjab', 'India'),
(389, 'C-102/105 Phase-V Focal Point ', 'Ludhiana', '141010', 'Punjab', 'India'),
(390, '# 35 Sangam Enclave Sector 48-A ', 'Chandigarh', 'None', 'Punjab', 'India'),
(391, 'SCO-3 1st Floor Model Town Extention ', 'Ludhiana', 'None', 'Punjab', 'India'),
(392, '', 'Jalandhar ', 'None', 'Punjab', 'India'),
(393, 'Prop. Shiv Kumar Bajaj 79 Central Market Gill Road ', 'Ludhiana', '141003', 'Punjab', 'India'),
(394, 'Teona Canal Sub Division ', 'Gidharbaha', 'None', 'Punjab', 'India'),
(395, '3rd Floor SCO 23-24 Model Town Extn. D-Block ', 'Ludhiana', '141002', 'Punjab', 'India'),
(396, 'D/o Sh. Gurpal Singh GNDEC (Deptt. MCA)', 'Ludhiana', 'None', 'Punjab', 'India'),
(397, 'Northern Railway', 'Phagwara', 'None', 'Punjab', 'India'),
(398, '14th Floor IFCI Tower 61 Nehru Place ', 'New Delhi', 'None', 'Punjab', 'India'),
(399, 'Civil Works Division PSPCL ', 'Ludhiana ', 'None', 'Punjab', 'India'),
(400, 'B-257 B R S Nagar ', 'Ludhiana', '141001', 'Punjab', 'India'),
(401, 'Panchayti Raj PWD ', 'Sri Muktsar Sahib ', 'None', 'Punjab', 'India'),
(402, 'Guru Nanak Dev Engineering College (Mech. Deptt.)', 'Ludhiana', 'None', 'Punjab', 'India'),
(403, 'S/o Sh. Rakesh Kumar GNDEC (Deptt. CSE)', 'Ludhiana', 'None', 'Punjab', 'India'),
(404, 'Zone-C (B & R) Municipal Corporation ', 'Ludhiana', 'None', 'Punjab', 'India'),
(405, 'St.No. 5 Opp. Girls College Ground Sh. Guru Angad Dev Nagar Amloh Road ', 'Khanna', '141401', 'Punjab', 'India'),
(406, 'V.P.O. Threeke ', 'Ludhiana', 'None', 'Punjab', 'India'),
(407, '61-B Rose Enclave Pakhowal Raod ', 'Ludhiana', 'None', 'Punjab', 'India'),
(408, 'Guru Nanak Dev Engineering College (Civil Deptt.)', 'Ludhiana', 'None', 'Punjab', 'India'),
(409, 'Punjab Health Systems Corporation ', 'Ludhiana', 'None', 'Punjab', 'India'),
(410, 'Vill. Rampura PO Bhawanigarh ', 'Distt. Sangrur', 'None', 'Punjab', 'India'),
(411, 'Office - Near Micky Gill Hospital Kotkapura Byepass ', 'Moga', 'None', 'Punjab', 'India'),
(412, '3rd Floor Elites Arcade Mall Road ', 'Ludhiana', 'None', 'Punjab', 'India'),
(413, '85-C Udham Singh Nagar ', 'Ludhiana', 'None', 'Punjab', 'India'),
(414, 'N.R.-II 400 Kv Abdullapur Sub Station Vill. Bhamboli Jagadhri-Ambala Road ', 'Yamuna Nagar ', '133103', 'Haryana', 'India'),
(415, 'Improvement Trust ', 'Roopnagar ', 'None', 'Punjab', 'India'),
(416, '', 'Srinagar (J&K)', 'None', 'Jammu and Kashmir', 'India'),
(417, 'D-4 Civil Lines ', 'Bathinda', 'None', 'Punjab', 'India'),
(418, '400 Kv Sub Sation. Ludhiana Road Malerkotla ', 'Distt. Sangrur ', 'None', 'Punjab', 'India'),
(419, 'B&R Municipal Corporation ', 'Jalandhar ', 'None', 'Punjab', 'India'),
(420, 'Municipal Corporation ', 'Ludhiana', 'None', 'Punjab', 'India'),
(421, '', 'Ludhiana', 'None', 'Punjab', 'India'),
(422, 'Improvement Trust ', 'Amritsar', 'None', 'Punjab', 'India'),
(423, 'Punjab Police Housing Corporation PPA ', 'Phillour ', 'None', 'Punjab', 'India'),
(424, 'TRILIUM Mall C-4 Bansant Avenue Circular Road', 'Amritsar', 'None', 'Punjab', 'India'),
(425, 'Punjab Mandi Borad', 'Ludhiana', 'None', 'Punjab', 'India'),
(426, 'Punjab Mandi Borad ', 'Ludhiana', 'None', 'Punjab', 'India'),
(427, 'Villege Bhagwanpur ', 'Distt. Ludhiana', 'None', 'Punjab', 'India'),
(428, 'Village Birmi', 'Ludhiana', 'None', 'Punjab', 'India'),
(429, '', 'Mohali', 'None', 'Punjab', 'India'),
(430, 'Municipal Council', 'Khanna', 'None', 'Punjab', 'India'),
(431, 'M/s. Kavit Bardwaj Contractor', 'Khanna', 'None', 'Punjab', 'India'),
(432, 'Nagar Panchyat Mullanpur Dakha', 'Ludhiana', 'None', 'Punjab', 'India'),
(433, 'Nagar Councial', 'Raikot', 'None', 'Punjab', 'India'),
(434, 'Vijay Kumar Goyal Office Shop No.65 Old Grain Market ', 'Sunam', '148028', 'Punjab', 'India'),
(435, 'Sherpur Choek G T Road ', 'Ludhiana', 'None', 'Punjab', 'India'),
(436, 'Central Jail ', 'Amritsar', 'None', 'Punjab', 'India'),
(437, 'Guru Nanak Dev Engineering College (Elect. Deptt.)', 'Ludhiana', 'None', 'Punjab', 'India'),
(438, 'W/S & Sanitation Division ', 'Tarn Taran ', 'None', 'Punjab', 'India'),
(439, '96-F SBS Nagar', 'Ludhiana', 'None', 'Punjab', 'India'),
(440, 'Hajipur ', 'Distt. Hoshiarpur', 'None', 'Punjab', 'India'),
(441, 'Construction Division PWD (B&R) ', 'Sangrur', 'None', 'Punjab', 'India'),
(442, '', 'Bathinda', 'None', 'Punjab', 'India'),
(443, 'Village Gill Malerkotla Road ', 'Ludhiana', 'None', 'Punjab', 'India'),
(444, 'Postal/Mktg Off.- 27 Chandini Complex Sherpur Kalan Focal Point Road', 'Ludhiana', 'None', 'Punjab', 'India'),
(445, 'S.C.O. - 87 Frist Floor Phase-1 Dugri ', 'Ludhiana', 'None', 'Punjab', 'India'),
(446, 'W/S & Sanitation Division ', 'Kapurthala', 'None', 'Punjab', 'India'),
(447, 'Civil Works Sub Division PSPCL ', 'Sri Muktsar Sahib ', 'None', 'Punjab', 'India'),
(448, 'C/o Mahatma Gandhi Institute of Public Administration Sector-26 ', 'Chandigarh', 'None', 'Punjab', 'India'),
(449, '800/400/220Kv Sub Station Complex Urja Nagar Kotkapura Road ', 'Moga', 'None', 'Punjab', 'India'),
(450, 'Chandigarh Road ', 'Ludhiana ', 'None', 'Punjab', 'India'),
(451, 'SCO - 549 Sector - 70 ', 'Mohali', 'None', 'Punjab', 'India'),
(452, 'PAU ', 'Ludhiana', 'None', 'Punjab', 'India'),
(453, 'Manak Bhavan 9 Bahadur Shah Zafar Marg ', 'New Delhi', 'None', 'Delhi', 'India'),
(454, '', 'Doraha ', 'None', 'Punjab', 'India'),
(455, 'Country Homes (North) Near Barewal Canal Bridge', 'Ludhiana', 'None', 'Punjab', 'India'),
(456, 'Municipal Corporation ', 'Jalandhar', 'None', 'Punjab', 'India'),
(457, 'W/S & Sanitation Sub Division No. 2 ', 'Nawashehar', 'None', 'Punjab', 'India'),
(458, 'F-13 Central Plaza (DLF Golf Course Road) Sector-53 Gurgaon ', 'Haryana', 'None', 'Haryana', 'India'),
(459, '', 'Hoshiarpur ', 'None', 'Punjab', 'India'),
(460, 'Tel Bhawan Plot No. 6 A Sector - 19-B  ', 'Chandigarh', 'None', 'Punjab', 'India'),
(461, 'Village Jhande Near Baddowal Railway Station Firozpur Road ', 'Ludhiana', 'None', 'Punjab', 'India'),
(462, '464 Mota Singh Nagar ', 'Jalandhar ', 'None', 'Punjab', 'India'),
(463, 'GLADA', 'Ludhiana', 'None', 'Punjab', 'India'),
(464, 'Municipal Corporation ', 'Ludhiana', 'None', 'Punjab', 'India'),
(465, 'Badhani Laining Sub Division ', 'Ludhiana', 'None', 'Punjab', 'India'),
(466, 'Punjab Mandi Borad ', 'Barnala ', 'None', 'Punjab', 'India'),
(467, 'B-XIX-546 Govt. College Road Civil Lines ', 'Ludhiana', 'None', 'Punjab', 'India'),
(468, 'Chawa Payal ', 'Ludhiana', 'None', 'Punjab', 'India'),
(469, 'Punjab Health Systems Corporation ', 'Jalandhar', 'None', 'Punjab', 'India'),
(470, 'VPO Kussa ', 'Distt. Moga', 'None', 'Punjab', 'India'),
(471, 'Gram Panchyat Village Nagar Block Phillour', 'Jalandhar', 'None', 'Punjab', 'India'),
(472, 'Central Sudhar Ghar Near Baba Farid University BHEL Road ', 'Goindwal Sahib', 'None', 'Punjab', 'India'),
(473, '', 'Ludhiana', 'None', 'Punjab', 'India'),
(474, 'Prem Nagar Bohrawala Poilce Line Road Batala ', 'Distt. Gurdaspur', 'None', 'Punjab', 'India'),
(475, '35-A Raghunath Enclave Aggar Nagar Ferozepur Road ', 'Ludhiana', 'None', 'Punjab', 'India'),
(476, 'GPWSC Village Fattu Chack Block Narote Jalmal Singh', 'Pathankot', 'None', 'Punjab', 'India'),
(477, '258 Sector-5 U.E. ', 'Gurgaon', 'None', 'Haryana', 'India'),
(478, 'Village Ramgarh Nakodar Road Jagraon', 'Ludhiana', 'None', 'Punjab', 'India'),
(479, 'Construction Sub Division No.3 PWD (B&R) Br. ', 'Ludhiana', 'None', 'Punjab', 'India'),
(480, 'W/S & Sanitation Sub Division ', 'Jagraon', 'None', 'Punjab', 'India'),
(481, 'Improvement Trust ', 'Ludhiana', 'None', 'Punjab', 'India'),
(482, 'Ferozepur Road Opp. Circuit House ', 'Ludhiana', 'None', 'Punjab', 'India'),
(483, 'Market Committiee ', 'Malerkotla', 'None', 'Punjab', 'India'),
(484, 'Village Sidhwan Khurd Teh. Jagraon ', 'Distt. Ludhiana', 'None', 'Punjab', 'India'),
(485, 'Office- Sahnewal Dehlon Road Vill. Paddi ', 'Distt. Ludhiana', 'None', 'Punjab', 'India'),
(486, 'SCO-375 IInd Floor Sector-37-D ', 'Chandigarh', 'None', 'Punjab', 'India'),
(487, 'W/S & Sanitation Sub Division ', 'Sehna At Barnala', 'None', 'Punjab', 'India'),
(488, 'R.O - 82 Abhyankar Nagar Park Road ', 'Nagpur', 'None', 'Uttar Pradesh', 'India'),
(489, 'W/S & Sanitation Sub Division No. 4 ', 'Ludhiana', 'None', 'Punjab', 'India'),
(490, 'Street No. 3. Bachittar Nagar Near G.N.D.E. College ', 'Ludhiana', '141006', 'Punjab', 'India'),
(491, 'Ferozepur Road ', 'Ludhiana', 'None', 'Punjab', 'India'),
(492, 'Ground Floor House No. 163/2 Chand Colony Near Raman Enclave Haibowal Khurd ', 'Ludhiana', 'None', 'Punjab', 'India'),
(493, '', 'Mukerian', 'None', 'Punjab', 'India'),
(494, 'Water Resources Inv. Sub-Division No. 2  ', 'Ludhiana', 'None', 'Punjab', 'India'),
(495, '467-L 1st Floor Model Town ', 'Ludhiana', 'None', 'Punjab', 'India'),
(496, 'Rasulpur', 'Distt. S.B.S. Nagar', 'None', 'Punjab', 'India'),
(497, '# 7 1st Floor Sant Isher Singh Nagar Pakhowal Road', 'Ludhiana', '141001', 'Punjab', 'India'),
(498, '# 7 1st Floor Sant Isher Singh Nagar Pakhowal Road', 'Ludhiana', '141001', 'Punjab', 'India'),
(499, 'B-64 Sector-65 ', 'Noida', '201301', 'Uttar Pradesh', 'India'),
(500, 'VPO  Sarinh', 'Ludhiana', 'None', 'Punjab', 'India'),
(501, 'Provincial Division PWD B & R ', 'Ludhiana', 'None', 'Punjab', 'India'),
(502, 'B-41 Phase-VI Focal Point ', 'Ludhiana', 'None', 'Punjab', 'India'),
(503, 'Punjab Mandi Borad ', 'S.A.S. Nagar', 'None', 'Punjab', 'India'),
(504, 'Mattewara Forest Range ', 'Mattewara', 'None', 'Punjab', 'India'),
(505, 'Office-21605 Street No. 6/1A Power House Road ', 'Bathinda', 'None', 'Punjab', 'India'),
(506, 'Nagar Council ', 'Gobindgarh', 'None', 'Punjab', 'India'),
(507, 'Atam Tower Sunder Nagar', 'Ludhiana', 'None', 'Punjab', 'India'),
(508, ' Govt. Contr.', 'Pathankot', 'None', 'Punjab', 'India'),
(509, 'Municipal Corporation ', 'Jalandhar', 'None', 'Punjab', 'India'),
(510, 'Construction Division B&R Branch ', 'Moga', 'None', 'Punjab', 'India'),
(511, 'Pb.W/S & Sew Sub Division No.1', 'Ludhiana', 'None', 'Punjab', 'India'),
(512, 'D-2 (B&R) Municipal Corporation ', 'Ludhiana', 'None', 'Punjab', 'India'),
(513, 'A-191 Shakarpur Vikas Marg ', 'New Delhi', '110092', 'Delhi', 'India'),
(514, 'SCO. No. 6 333 Industrial Area-A ', 'Ludhiana', 'None', 'Punjab', 'India'),
(515, '', 'Mohali', 'None', 'Punjab', 'India'),
(516, 'Janpath Villas Sidhwan Canal Vill Jhammat P.O. Ayali Kalan ', 'Ludhiana', '142027', 'Punjab', 'India'),
(517, '# 47 Sector - 9 Panchkula ', 'Haryana', '134113', 'Punjab', 'India'),
(518, 'Municipal Corporation B & R', 'Jalandhar', 'None', 'Punjab', 'India'),
(519, 'Municipal Corporation ', 'Moga', 'None', 'Punjab', 'India'),
(520, 'Punjab Pollution Control Board', 'Patiala', 'None', 'Punjab', 'India'),
(521, 'C-184 Arjun Nagar', 'Delhi-29', 'None', 'Delhi', 'India'),
(522, '', 'Batala', 'None', 'Punjab', 'India'),
(523, 'Khoti No. 71 Phase-1 Sarabha Nagar Extension', 'Ludhiana', 'None', 'Punjab', 'India'),
(524, 'Civil Lines ', 'Ludhiana', '141001', 'Punjab', 'India'),
(525, 'VPO Behrampur ', 'Gurdaspur', 'None', 'Punjab', 'India'),
(526, 'W/S & Sanitation Sub Division No. 1 ', 'Pathankot', 'None', 'Punjab', 'India'),
(527, 'Municipal Corporation ', 'Ludhiana', 'None', 'Punjab', 'India'),
(528, 'Public Health GLADA ', 'Ludhiana', 'None', 'Punjab', 'India'),
(529, 'Municipal Council ', 'Khanna (Ludhiana)', 'None', 'Punjab', 'India'),
(530, 'Municipal Council ', 'Khanna', 'None', 'Punjab', 'India'),
(531, 'Civil Construction & Mtc Division PSPCL ', 'Ludhiana', 'None', 'Punjab', 'India'),
(532, 'Zone-C Municipal Corporation ', 'Ludhiana', 'None', 'Punjab', 'India'),
(533, 'Punjab Health Systems Corporation ', 'Jalandhar', 'None', 'Punjab', 'India'),
(534, 'Ludhiana Local Centre Dugri Road ', 'Ludhiana', '140003', 'Punjab', 'India'),
(535, 'Panchayti Raj PWD ', 'Amritsar', 'None', 'Punjab', 'India'),
(536, 'Municipal Corporation ', 'Ludhiana', 'None', 'Punjab', 'India'),
(537, 'Bhathinda Road ', 'Kotkapura', 'None', 'Punjab', 'India'),
(538, 'Panchayti Raj PWD ', 'Jalandhar', 'None', 'Punjab', 'India'),
(539, 'B-XXX-6754 Focal Point ', 'Ludhiana', 'None', 'Punjab', 'India'),
(540, 'Central Sudhar Ghar ', 'Bathinda', 'None', 'Punjab', 'India'),
(541, 'Water Resources Investigation Sub-Division No. 2 ', 'Ludhiana At Khanna', 'None', 'Punjab', 'India'),
(542, 'The Revene Frist Floor 805 Bhandarkar Institute Road ', 'Pune, Maharashtra ', '411004', 'Punjab', 'India'),
(543, 'Construction Division PWD (B&R) ', 'Malerkotla', 'None', 'Punjab', 'India'),
(544, 'Punjab W/s & Sew. Sub Division ', 'Zira', 'None', 'Punjab', 'India'),
(545, 'E-174A Focal Point ', 'Ludhiana', 'None', 'Punjab', 'India'),
(546, '222-F Rishi Nagar Near Income Tax Office', 'Ludhiana', 'None', 'Punjab', 'India'),
(547, 'Village Magat GT Road ', 'Ludhiana', 'None', 'Punjab', 'India'),
(548, 'SCO No. 131-132 Sector-17-c ', 'Chandigarh', 'None', 'Punjab', 'India'),
(549, 'Sri Guru Granth Sahib World University (SGPC Project) ', 'Fatehgarh Sahib', 'None', 'Punjab', 'India'),
(550, 'W/s & Sanitation Division ', 'Malot', 'None', 'Punjab', 'India'),
(551, '253 Medical Enclave Circular Road ', 'Amritsar', 'None', 'Punjab', 'India'),
(552, 'W/s & Sanitation Sub Division ', 'Dehlon At Ludhiana', 'None', 'Punjab', 'India'),
(553, 'Phase-III Urban Estate Dugri ', 'Ludhiana', 'None', 'Punjab', 'India'),
(554, 'G. T. Road Doraha ', 'Ludhiana', 'None', 'Punjab', 'India'),
(555, 'Club Road Civil Lines', 'Ludhiana', 'None', 'Punjab', 'India'),
(556, 'Improvement Trust ', 'Ludhiana', 'None', 'Punjab', 'India'),
(557, 'Cum-Chief CVO Sarabha Nagar Zone-D Municipal Corporation ', 'Ludhiana', 'None', 'Punjab', 'India'),
(558, 'H.No.338 Sector-06 ', 'Panchkula,', 'None', 'Haryana', 'India'),
(559, 'Dakha Mullanpur ', 'Distt. Ludhiana', 'None', 'Punjab', 'India'),
(560, 'D/o. S. Dalbra Singh Guru Nanak Dev Engineering College ', 'Ludhiana', 'None', 'Punjab', 'India'),
(561, 'D/o. S.Amrik Singh Guru Nanak Dev Engineering College', 'Ludhiana', 'None', 'Punjab', 'India'),
(562, 'D/o. S. Jagjit Singh Guru Nanak Dev Engineering College', 'Ludhiana', 'None', 'Punjab', 'India'),
(563, 'D/o. S. Manjit Singh Jhalli Guru Nanak Dev Engineering College', 'Ludhiana', 'None', 'Punjab', 'India'),
(564, 'S/o. S. Harpal Singh Guru Nanak Dev Engineering College', 'Ludhiana', 'None', 'Punjab', 'India'),
(565, 'S/o. S. Madan Singh Guru Nanak Dev Engineering College', 'Ludhiana', 'None', 'Punjab', 'India'),
(566, 'S/o. S. Jasvir Singh Guru Nanak Dev Engineering College', 'Ludhiana', 'None', 'Punjab', 'India'),
(567, 'Nagar Council ', 'Nangal', 'None', 'Punjab', 'India'),
(568, 'S/o. S. Harmuhan Singh Guru Nanak Dev Engineering College', 'Ludhiana', 'None', 'Punjab', 'India'),
(569, 'S/o. S. Makhan Singh BIS College of Engg.& Tech. Gagra', 'Moga', 'None', 'Punjab', 'India'),
(570, 'D/o. S. Sukhminder Singh Guru Nanak Dev Engineering College', 'Ludhiana', 'None', 'Punjab', 'India'),
(571, 'Provincial Sub Division No.3 PWD B&R ', 'Ludhiana', 'None', 'Punjab', 'India'),
(572, '', 'Ludhiana', 'None', 'Punjab', 'India'),
(573, 'S/o. S. Paramjit Singh Guru Nanak Dev Engineering College', 'Ludhiana', 'None', 'Punjab', 'India'),
(574, 'S/o. S. Jasbir Singh Guru Nanak Dev Engineering College', 'Ludhiana', 'None', 'Punjab', 'India'),
(575, 'Village Hambran', 'Ludhiana', 'None', 'Punjab', 'India'),
(576, '70-K Sarabha Nagar ', 'Ludhiana', 'None', 'Punjab', 'India'),
(577, '# B-IV/108 Gate No.1 Banasar Baag Road ', 'Sangrur', 'None', 'Punjab', 'India'),
(578, '', 'Amritsar', 'None', 'Punjab', 'India'),
(579, 'Nagar Council Gobindgarh ', 'Fatehgarh Sahib', 'None', 'Punjab', 'India'),
(580, '602-R Model Town', 'Ludhiana', 'None', 'Punjab', 'India'),
(581, 'Vigilence Bureau', 'Sri Mukatsar Sahib', 'None', 'Punjab', 'India'),
(582, 'W/s & Sanitation Sub Division No.1 ', 'Hoshiarpur', 'None', 'Punjab', 'India'),
(583, 'Punjab PWD (B&R) ', 'Patiala', 'None', 'Punjab', 'India'),
(584, 'Village Jodhan ', 'Distt. Ludhiana', 'None', 'Punjab', 'India'),
(585, 'Bhakra Beas Management Board Chandigarh Road Jamalpur ', 'Ludhiana', 'None', 'Punjab', 'India'),
(586, 'D-1 & D-2 (B&R) Municipal Corporation ', 'Ludhiana', 'None', 'Punjab', 'India'),
(587, 'Office: St.No.5 Partap Singh Nagar Near Usha Mata Mandir ', 'Kotkapura', '151204', 'Punjab', 'India'),
(588, 'G.T.B. National College Dakha', 'Ludhiana', 'None', 'Punjab', 'India'),
(589, 'W/s & Sanitation Sub Division No.1 ', 'Hoshiarpur', 'None', 'Punjab', 'India'),
(590, 'Chumo Road ', 'Malod, Ludhiana', 'None', 'Punjab', 'India'),
(591, 'Air Force Station ', 'Halwara', 'None', 'Punjab', 'India'),
(592, 'Near Chawal Fuel Station Didhwa Road Hambra', 'Ludhiana', 'None', 'Punjab', 'India'),
(593, 'G.T. Road Dholewal', 'Ludhiana', 'None', 'Punjab', 'India'),
(594, 'PSTCL T.L.S.C. Division ', 'Mohali', 'None', 'Punjab', 'India'),
(595, '10192, Street No.8, Janta Nagar, ', 'Ludhiana', '141003', 'Punjab', 'INDIA'),
(596, '.', 'Phagwara', '144401', 'Punjab', 'INDIA'),
(597, 'VPO Ghuman', 'Ludhiana', '', 'Punjab', 'Indian'),
(598, 'Harnampura Road', 'Khanpur,   Distt. Ludhiana', '', 'Punjab', 'India'),
(599, 'G.T. Road, Sherpur Chowk', 'Ludhiana', '', 'Punjab', 'India'),
(600, 'MC office', 'Pathankot', '', 'Punjab', 'India'),
(601, 'Municipal Corporation', 'Pathankot', '', 'Punjab', 'India'),
(602, 'Govt. Contructor', 'Gurdaspur', '', 'Punjab', 'India'),
(603, 'Govt. Contructor', 'Gurdaspur', '', 'Punjab', 'India'),
(604, 'Village Jassar, Canal Road', 'Ludhiana', '', 'Punjab', 'India'),
(605, 'Govt. Contructor', 'Gurdaspur', '', 'Punjab', 'India'),
(606, '14-First Floor, Lawrence Plaza, Lawrence Road', 'Amritsar', '', 'Punjab', 'India'),
(607, '461G, B.R.S. Nagar', 'Ludhiana', '', 'Punjab', 'India'),
(608, '435, Jagriti Enclave, Vikas Marg Extn., ', 'Dehli', '110092', 'Dehli', 'India'),
(609, 'Punjab Health Systems Corporation', 'Ludhiana', '', 'Punjab', 'India'),
(610, 'Model Town', 'Ludhiana', '', 'Punjab', 'India'),
(611, 'Village Sundra, P.O. Mubarikpur, Tehsil Derabassi, ', 'Distt. Mohali', '', 'Punjab', 'India'),
(612, 'V.P.O. Noorpur, Dhogi Road, Near Reliance Tower', 'Jalandhar', '', 'Punjab', 'India'),
(613, 'SCO-1, Delta Office, Main Road, Flower Enclave, Near 200 Feet Bye Pass,', 'Ludhiana', '141 013', 'Punjab', 'India'),
(614, 'Guru Nanak Dev Engg.College', 'Ludhiana', '', 'Punjab', 'India'),
(615, 'Municipal Council, Amloh,', 'Fathegarh Sahib', '', 'Punjab', 'India'),
(616, 'Sugar Mill Banga Road, ', 'Nawanshahr', '', 'Punjab', 'India'),
(617, '39, Ajit Nagar, ', 'Patiala', '147001', 'Punjab', 'India');
INSERT INTO `useraccounts_address` (`id`, `street_address`, `city`, `pin`, `province`, `nationality`) VALUES
(618, 'Punjab Mandi Board, ', 'Banga', '', 'Punjab', 'India'),
(619, 'V.P.O. Hambran, ', 'Distt. Ludhiana', '', 'Punjab', 'India'),
(620, 'Church Complex', 'Barnala', '', 'Punjab', 'India'),
(621, '264, Okhla Phase-III', 'New Delhi', '110025', 'india', 'India'),
(622, 'C-67, Phase-III, Focal Point', 'Ludhiana', '', 'Punjab', 'India');

-- --------------------------------------------------------

--
-- Table structure for table `useraccounts_adminorganisations`
--

CREATE TABLE IF NOT EXISTS `useraccounts_adminorganisations` (
  `id` int(11) NOT NULL AUTO_INCREMENT,
  `user_id` int(11) NOT NULL,
  `address_id` int(11) NOT NULL,
  `telephone` varchar(500) NOT NULL,
  `date_joined` datetime NOT NULL,
  `fax` varchar(100) NOT NULL,
  `pan_no` varchar(100) NOT NULL,
  `stc_no` varchar(100) NOT NULL,
  `avatar` varchar(100) DEFAULT NULL,
  `tagline` varchar(140) NOT NULL,
  `title` varchar(200) NOT NULL,
  `organisation_type_id` int(11) NOT NULL,
  PRIMARY KEY (`id`),
  UNIQUE KEY `user_id` (`user_id`),
  KEY `useraccounts_adminorganisations_3ac8a70a` (`address_id`),
  KEY `useraccounts_adminorganisations_f3316ab4` (`organisation_type_id`)
) ENGINE=InnoDB  DEFAULT CHARSET=latin1 AUTO_INCREMENT=2 ;

--
-- Dumping data for table `useraccounts_adminorganisations`
--

INSERT INTO `useraccounts_adminorganisations` (`id`, `user_id`, `address_id`, `telephone`, `date_joined`, `fax`, `pan_no`, `stc_no`, `avatar`, `tagline`, `title`, `organisation_type_id`) VALUES
(1, 1, 1, '0161-2491193', '2014-09-10 06:13:27', '0161-2491193', 'AAATN1978L', 'AAATN1978LSD001', '', 'Tagline', 'Testing & Consultancy Cell', 1);

-- --------------------------------------------------------

--
-- Table structure for table `useraccounts_customer`
--

CREATE TABLE IF NOT EXISTS `useraccounts_customer` (
  `id` int(11) NOT NULL AUTO_INCREMENT,
  `user_id` int(11) NOT NULL,
  `address_id` int(11) NOT NULL,
  `telephone` varchar(500) NOT NULL,
  `date_joined` datetime NOT NULL,
  `fax` varchar(100) NOT NULL,
  `pan_no` varchar(100) NOT NULL,
  `stc_no` varchar(100) NOT NULL,
  `avatar` varchar(100) DEFAULT NULL,
  `tagline` varchar(140) NOT NULL,
  `title` varchar(200) DEFAULT NULL,
  `is_org` tinyint(1) NOT NULL,
  `org_type_id` int(11) NOT NULL,
  `company` varchar(200) NOT NULL,
  PRIMARY KEY (`id`),
  UNIQUE KEY `user_id` (`user_id`),
  KEY `useraccounts_customer_3ac8a70a` (`address_id`),
  KEY `useraccounts_customer_9be49a4a` (`org_type_id`)
) ENGINE=InnoDB  DEFAULT CHARSET=latin1 AUTO_INCREMENT=619 ;

--
-- Dumping data for table `useraccounts_customer`
--

INSERT INTO `useraccounts_customer` (`id`, `user_id`, `address_id`, `telephone`, `date_joined`, `fax`, `pan_no`, `stc_no`, `avatar`, `tagline`, `title`, `is_org`, `org_type_id`, `company`) VALUES
(1, 1, 1, '0', '2014-04-02 12:00:00', '', '', '', '', '', '', 0, 2, ''),
(2, 2, 2, '01636-254221', '2014-04-02 12:00:00', '', '', '', '', '', '', 0, 2, ''),
(3, 3, 3, '0', '2014-04-02 12:00:00', '', '', '', '', '', '', 0, 2, ''),
(4, 4, 4, '0', '2014-04-02 12:00:00', '', '', '', '', '', '', 0, 2, ''),
(5, 5, 5, '092168-40384', '2014-04-02 12:00:00', '', '', '', '', '', 'M/S. S.P.M. Associates', 1, 3, ''),
(6, 6, 6, '0', '2014-04-02 12:00:00', '', '', '', '', '', '', 0, 2, ''),
(7, 7, 7, '0161-2560454', '2014-04-02 12:00:00', '', '', '', '', '', 'M/S Samrat Tiles', 1, 3, ''),
(8, 8, 8, '0161-2771952,2771643', '2014-04-02 12:00:00', '', '', '', '', '', 'M/s. M.R. Builders', 1, 3, ''),
(9, 9, 9, '0', '2014-04-02 12:00:00', '', '', '', '', '', '', 0, 2, ''),
(10, 10, 10, '0', '2014-04-02 12:00:00', '', '', '', '', '', 'Power', 1, 2, 'M/s. KEC Internationl Ltd.'),
(11, 11, 11, '0', '2014-04-02 12:00:00', '', '', '', '', '', '', 0, 2, ''),
(12, 12, 12, '0', '2014-04-03 12:00:00', '', '', '', '', '', '', 0, 2, ''),
(13, 13, 13, '0161-2608031', '2014-04-03 12:00:00', '', '', '', '', '', 'M/S. Paramount Dye Tec', 1, 3, ''),
(14, 14, 14, '0', '2014-04-03 12:00:00', '', '', '', '', '', '', 0, 2, ''),
(15, 15, 15, '0', '2014-04-03 12:00:00', '', '', '', '', '', '', 0, 2, ''),
(16, 16, 16, '0', '2014-04-03 12:00:00', '', '', '', '', '', 'M/S Randhawa Tiles', 1, 3, ''),
(17, 17, 17, '0', '2014-04-03 12:00:00', '', '', '', '', '', '', 0, 2, 'M/S Ceigal India Ltd,'),
(18, 18, 18, '0', '2014-04-03 12:00:00', '', '', '', '', '', '', 0, 2, ''),
(19, 19, 19, '01624-245288,97794-00032', '2014-04-03 12:00:00', '', '', '', '', '', 'Swami Ganga Nand Ji Bhuriwale Memorial Trust (Regd)', 1, 3, ''),
(20, 20, 20, '0', '2014-04-03 12:00:00', '', '', '', '', '', '', 0, 3, ''),
(21, 21, 21, '0', '2014-04-03 12:00:00', '', '', '', '', '', '', 0, 2, ''),
(22, 22, 22, '0', '2014-04-03 12:00:00', '', '', '', '', '', '', 0, 2, ''),
(23, 23, 23, '0', '2014-04-03 12:00:00', '', '', '', '', '', '', 0, 2, 'M/S Shapoorji Pallonji & Company Limited,'),
(24, 24, 24, '0161-5086052', '2014-04-03 12:00:00', '', '', '', '', '', 'M/S Monga Tyers Pvt.Ltd.', 1, 3, ''),
(25, 25, 25, '0', '2014-04-03 12:00:00', '', '', '', '', '', 'M/s Singla Consultants', 1, 3, ''),
(26, 26, 26, '0', '2014-04-03 12:00:00', '', '', '', '', '', '', 0, 2, ''),
(27, 27, 27, '9815876711', '2014-04-03 12:00:00', '', '', '', '', '', '', 0, 2, ''),
(28, 28, 28, '91-20-30562100', '2014-04-03 12:00:00', '', '', '', '', '', 'M/S Vascon Engineers Ltd. ', 1, 3, ''),
(29, 29, 29, '98158-55771', '2014-04-03 12:00:00', '', '', '', '', '', '', 0, 2, ''),
(30, 30, 30, '98881-55601', '2014-04-03 12:00:00', '', '', '', '', '', 'M/S Buildtech Engineers ', 1, 3, ''),
(31, 31, 31, '0', '2014-04-03 12:00:00', '', '', '', '', '', '', 0, 3, ''),
(32, 32, 32, '01636-222590', '2014-04-03 12:00:00', '', '', '', '', '', 'Power', 1, 2, 'M/s. Alstom T & D India Ltd.'),
(33, 33, 33, '98727-67250', '2014-04-03 12:00:00', '', '', '', '', '', 'M/S H.S.Builders', 1, 3, ''),
(34, 34, 34, '0', '2014-04-03 12:00:00', '', '', '', '', '', '', 0, 2, ''),
(35, 35, 35, '0', '2014-04-04 12:00:00', '', '', '', '', '', '', 0, 2, ''),
(36, 36, 36, '98880-59326', '2014-04-04 12:00:00', '', '', '', '', '', 'M/S Deep Tele Services ', 1, 3, ''),
(37, 37, 37, '0', '2014-04-04 12:00:00', '', '', '', '', '', '', 0, 2, ''),
(38, 38, 38, '98550-03902', '2014-04-04 12:00:00', '', '', '', '', '', '', 0, 3, ''),
(39, 39, 39, '84276-61290', '2014-04-04 12:00:00', '', '', '', '', '', '', 0, 2, 'S P Singla Const.Pvt.Ltd.,'),
(40, 40, 40, '0', '2014-04-04 12:00:00', '', '', '', '', '', '', 0, 2, ''),
(41, 41, 41, '98762-41101', '2014-04-04 12:00:00', '', '', '', '', '', '', 0, 3, ''),
(42, 42, 42, '0', '2014-04-04 12:00:00', '', '', '', '', '', '', 0, 2, ''),
(43, 43, 43, '0', '2014-04-04 12:00:00', '', '', '', '', '', '', 0, 2, 'Sh.Jai Bhushan Malik,Patiala'),
(44, 44, 44, '98722-67700, 98728-46996', '2014-04-04 12:00:00', '', '', '', '', '', 'M/S Aar Pee Constructions', 1, 3, ''),
(45, 45, 45, '9419267285', '2014-04-07 12:00:00', '', '', '', '', '', '', 0, 3, ''),
(46, 46, 46, '9780039435', '2014-04-09 12:00:00', '', '', '', '', '', '', 0, 2, ''),
(47, 47, 47, '0161-2420025', '2014-04-09 12:00:00', '', '', '', '', '', '', 0, 2, ''),
(48, 48, 48, '0161-5069190', '2014-04-09 12:00:00', '', '', '', '', '', 'Deep Hospital ', 1, 3, ''),
(49, 49, 49, '0', '2014-04-09 12:00:00', '', '', '', '', '', '', 0, 2, 'M/s Kabir Constr.'),
(50, 50, 50, '0', '2014-04-09 12:00:00', '', '', '', '', '', '', 0, 2, 'M/S Kabir Infra.Pvt.Ltd.'),
(51, 51, 51, '0', '2014-04-10 12:00:00', '', '', '', '', '', '', 0, 2, ''),
(52, 52, 52, '0161-2458740-43', '2014-04-10 12:00:00', '', '', '', '', '', 'DAV Public School', 1, 3, ''),
(53, 53, 53, '0', '2014-04-10 12:00:00', '', '', '', '', '', '', 0, 2, ''),
(54, 54, 54, '98155-00113', '2014-04-10 12:00:00', '', '', '', '', '', 'M/S Navyug Builders ', 1, 3, ''),
(55, 55, 55, '0', '2014-04-10 12:00:00', '', '', '', '', '', 'M/S Bee Ess & Sons', 1, 3, ''),
(56, 56, 56, '0', '2014-04-10 12:00:00', '', '', '', '', '', '', 0, 2, ''),
(57, 57, 57, '9815500113', '2014-04-10 12:00:00', '', '', '', '', '', 'M/S. Navyug Builders', 1, 3, ''),
(58, 58, 58, '98725-22540', '2014-04-11 12:00:00', '', '', '', '', '', '', 0, 3, ''),
(59, 59, 59, '0', '2014-04-11 12:00:00', '', '', '', '', '', '', 0, 2, ''),
(60, 60, 60, '0', '2014-04-11 12:00:00', '', '', '', '', '', '', 0, 3, ''),
(61, 61, 61, '0', '2014-04-11 12:00:00', '', '', '', '', '', '', 0, 3, ''),
(62, 62, 62, '0', '2014-04-11 12:00:00', '', '', '', '', '', '', 0, 2, 'M/s R S Builders & Engg.Ltd.'),
(63, 63, 63, '8427675806', '2014-04-11 12:00:00', '', '', '', '', '', 'M/S Rmc Ready Mix ( I ) Ltd.  ', 1, 3, ''),
(64, 64, 64, '0', '2014-04-11 12:00:00', '', '', '', '', '', '', 0, 2, 'M/S R S Builders & Engg.  Ltd.'),
(65, 65, 65, '0', '2014-04-11 12:00:00', '', '', '', '', '', '', 0, 2, ''),
(66, 66, 66, '0', '2014-04-11 12:00:00', '', '', '', '', '', '', 0, 2, ''),
(67, 67, 67, '98769-48001', '2014-04-11 12:00:00', '', '', '', '', '', 'Kamla Lohtia Sanatan Dharam College', 1, 3, ''),
(68, 68, 68, '0', '2014-04-11 12:00:00', '', '', '', '', '', '', 0, 2, ''),
(69, 69, 69, '0', '2014-04-11 12:00:00', '', '', '', '', '', 'M/S S.S.Tiles', 1, 3, ''),
(70, 70, 70, '01887-232023,232524', '2014-04-15 12:00:00', '', '', '', '', '', 'Takhat Sri Keshgarh Sahib', 1, 3, ''),
(71, 71, 71, '0', '2014-04-15 12:00:00', '', '', '', '', '', 'Improvement Trust', 1, 2, ''),
(72, 72, 72, '0', '2014-04-15 12:00:00', '', '', '', '', '', '', 0, 2, 'Singla Consultants,Patiala,'),
(73, 73, 73, '0', '2014-04-15 12:00:00', '', '', '', '', '', '', 0, 2, ''),
(74, 74, 74, '92177-52360 Harminder Singh AE(Civil)', '2014-04-15 12:00:00', '', '', '', '', '', '', 0, 2, ''),
(75, 75, 75, '9855753249', '2014-04-15 12:00:00', '', '', '', '', '', '', 0, 3, ''),
(76, 76, 76, '1636-225152', '2014-04-15 12:00:00', '', '', '', '', '', '', 0, 2, ''),
(77, 77, 77, '0', '2014-04-15 12:00:00', '', '', '', '', '', '', 0, 2, ''),
(78, 78, 78, '98720-96980', '2014-04-15 12:00:00', '', '', '', '', '', 'M/S Adam Petro Engineers ', 1, 3, ''),
(79, 79, 79, '9988660829', '2014-04-15 12:00:00', '', '', '', '', '', 'Bhamrah Builders & Contractor ', 1, 3, ''),
(80, 80, 80, '0', '2014-04-16 12:00:00', '', '', '', '', '', '', 0, 2, ''),
(81, 81, 81, '0181-2223964', '2014-04-16 12:00:00', '', '', '', '', '', 'M/S Mac Builders & Contractors ', 1, 3, ''),
(82, 82, 82, '98555-66294', '2014-04-16 12:00:00', '', '', '', '', '', '', 0, 3, ''),
(83, 83, 83, '0', '2014-04-16 12:00:00', '', '', '', '', '', '', 0, 2, ''),
(84, 84, 84, '98556-57576', '2014-04-16 12:00:00', '', '', '', '', '', 'M/S Ui Beverages ( P ) Ltd.  ', 1, 3, ''),
(85, 85, 85, '0172-5020320', '2014-04-16 12:00:00', '', '', '', '', '', 'M/S Swan Engineering & Consultancy Services ', 1, 3, ''),
(86, 86, 86, '0', '2014-04-17 12:00:00', '', '', '', '', '', '', 0, 2, ''),
(87, 87, 87, '01682-240060', '2014-04-17 12:00:00', '', '', '', '', '', '', 0, 2, ''),
(88, 88, 88, '0', '2014-04-17 12:00:00', '', '', '', '', '', '', 0, 2, ''),
(89, 89, 89, '01822-279103', '2014-04-17 12:00:00', '', '', '', '', '', 'M/S Dadheech Infrastructure Pvt.Ltd. ', 1, 3, ''),
(90, 90, 90, '98551-00104', '2014-04-17 12:00:00', '', '', '', '', '', '', 0, 3, ''),
(91, 91, 91, '01765-520428', '2014-04-17 12:00:00', '', '', '', '', '', '', 0, 2, ''),
(92, 92, 92, '98767-44400', '2014-04-17 12:00:00', '', '', '', '', '', 'Vh Syntheics Agancy ', 1, 3, ''),
(93, 93, 93, '9914888396 vishal', '2014-04-17 12:00:00', '', '', '', '', '', '', 0, 2, 'M/S. Tarsem Lal Contr.'),
(94, 94, 94, '98141-95424 (XEN),97808-24094 SDO,97799-03782 JE,', '2014-04-21 12:00:00', '', '', '', '', '', '', 0, 2, ''),
(95, 95, 95, '99882-89811', '2014-04-21 12:00:00', '', '', '', '', '', 'M/S.Shapoorji Pallonji & Co.Ltd.', 1, 3, ''),
(96, 96, 96, '98146-55074 Jaspal Singh SDO,98153-24258 Jatin Singla J.E', '2014-04-21 12:00:00', '', '', '', '', '', '', 0, 2, ''),
(97, 97, 97, '0', '2014-04-21 12:00:00', '', '', '', '', '', '', 0, 2, ''),
(98, 98, 98, '0', '2014-04-21 12:00:00', '', '', '', '', '', '', 0, 2, ''),
(99, 99, 99, '0', '2014-04-22 12:00:00', '', '', '', '', '', '', 0, 2, ''),
(100, 100, 100, '0', '2014-04-22 12:00:00', '', '', '', '', '', '', 0, 2, ''),
(101, 101, 101, '0', '2014-04-22 12:00:00', '', '', '', '', '', '', 0, 3, ''),
(102, 102, 102, '8437070549', '2014-04-22 12:00:00', '', '', '', '', '', '', 0, 3, ''),
(103, 103, 103, '0', '2014-04-22 12:00:00', '', '', '', '', '', '', 0, 2, ''),
(104, 104, 104, '9915575654 Baldev Singh, Site Engineer', '2014-04-23 12:00:00', '', '', '', '', '', '', 0, 3, ''),
(105, 105, 105, '0164-2214832', '2014-04-23 12:00:00', '', '', '', '', '', 'M/S Vasishta Constructions Pvt.Ltd.', 1, 3, ''),
(106, 106, 106, '0161-2806535', '2014-04-23 12:00:00', '', '', '', '', '', 'Power', 1, 2, 'M/s. KEC Internationl.Ltd.'),
(107, 107, 107, '0181-2781878,2783813,2781200', '2014-04-23 12:00:00', '', '', '', '', '', 'Power', 1, 2, 'M/s. KEC Internationl Ltd.'),
(108, 108, 108, '0', '2014-04-23 12:00:00', '', '', '', '', '', '', 0, 2, 'M/s IHR Associates.'),
(109, 109, 109, '0', '2014-04-23 12:00:00', '', '', '', '', '', '', 0, 2, 'M/S Sunil Kumar.'),
(110, 110, 110, '0', '2014-04-23 12:00:00', '', '', '', '', '', '', 0, 2, ''),
(111, 111, 111, '0', '2014-04-23 12:00:00', '', '', '', '', '', '', 0, 2, ''),
(112, 112, 112, '98152-00590', '2014-04-24 12:00:00', '', '', '', '', '', 'M/S Chandra Builders ', 1, 3, ''),
(113, 113, 113, '98140-90714,98150-90714', '2014-04-24 12:00:00', '', '', '', '', '', '', 0, 3, ''),
(114, 114, 114, '0', '2014-04-24 12:00:00', '', '', '', '', '', '', 0, 2, 'M/s IHR Associates.'),
(115, 115, 115, '0', '2014-04-24 12:00:00', '', '', '', '', '', '', 0, 2, 'M/S Ceigal India Ltd,'),
(116, 116, 116, '011-46588660,61,62,63', '2014-04-24 12:00:00', '', '', '', '', '', 'M/S Starcon Infra Projects (I) Pvt.Ltd. ', 1, 3, ''),
(117, 117, 117, '0161-2672934', '2014-04-24 12:00:00', '', '', '', '', '', 'M/S Kudu Knit Process Pvt.Ltd.   ', 1, 3, ''),
(118, 118, 118, '9855227680', '2014-04-24 12:00:00', '', '', '', '', '', '', 0, 2, 'M/S Deepak Builders, Ludhiana'),
(119, 119, 119, '0', '2014-04-24 12:00:00', '', '', '', '', '', '', 0, 2, ''),
(120, 120, 120, '98145-13808', '2014-04-25 12:00:00', '', '', '', '', '', '', 0, 2, 'M/S. Kuldip Kumar Cont. Feozepur. '),
(121, 121, 121, '0', '2014-04-25 12:00:00', '', '', '', '', '', 'M/S. Itme Group ', 1, 3, ''),
(122, 122, 122, '96468-15400 Narinder Singh Er.', '2014-04-25 12:00:00', '', '', '', '', '', 'SSE W/C', 1, 2, 'M/S. Dass Builders Pvt. Ltd.  '),
(123, 123, 123, '87250-12730', '2014-04-25 12:00:00', '', '', '', '', '', 'M/S. Sunil', 1, 3, ''),
(124, 124, 124, '0', '2014-04-25 12:00:00', '', '', '', '', '', '', 0, 2, ''),
(125, 125, 125, '98728-86487 (xen) 97816-00049 (JE)', '2014-04-25 12:00:00', '', '', '', '', '', '', 0, 2, ''),
(126, 126, 126, '0', '2014-04-25 12:00:00', '', '', '', '', '', '', 0, 2, 'Mr. Rakesh Kumar Govt. Cont. Dhuri '),
(127, 127, 127, '0', '2014-04-28 12:00:00', '', '', '', '', '', '', 0, 2, 'M/s. Tokyo Engg. Consultants, '),
(128, 128, 128, '0', '2014-04-28 12:00:00', '', '', '', '', '', '', 0, 2, ''),
(129, 129, 129, '0', '2014-04-28 12:00:00', '', '', '', '', '', '', 0, 2, ''),
(130, 130, 130, '0', '2014-04-28 12:00:00', '', '', '', '', '', '', 0, 2, ''),
(131, 131, 131, '9872154946 (Er. Jai Krishan)Quality Control Consultant', '2014-04-28 12:00:00', '', '', '', '', '', '', 0, 2, 'M/S. Garga Associates '),
(132, 132, 132, '0', '2014-05-01 12:00:00', '', '', '', '', '', 'Guru Nanak Public School ', 1, 3, ''),
(133, 133, 133, '94780-98044', '2014-05-01 12:00:00', '', '', '', '', '', '', 0, 3, ''),
(134, 134, 134, '99157-72319', '2014-05-01 12:00:00', '', '', '', '', '', '', 0, 3, ''),
(135, 135, 135, 'Mr.Pal-08872151475', '2014-05-01 12:00:00', '', '', '', '', '', 'M/S. Kool-Tech Infra & Logistics Partner ', 1, 3, ''),
(136, 136, 136, '8968496817', '2014-05-01 12:00:00', '', '', '', '', '', '', 0, 3, ''),
(137, 137, 137, '9915577588', '2014-05-01 12:00:00', '', '', '', '', '', '', 0, 3, ''),
(138, 138, 138, '8968779813', '2014-05-01 12:00:00', '', '', '', '', '', '', 0, 3, ''),
(139, 139, 139, '86992-53537', '2014-05-01 12:00:00', '', '', '', '', '', '', 0, 3, ''),
(140, 140, 140, '90416-97523', '2014-05-01 12:00:00', '', '', '', '', '', '', 0, 3, ''),
(141, 141, 141, '97792-99090', '2014-05-01 12:00:00', '', '', '', '', '', '', 0, 3, ''),
(142, 142, 142, '8427005610', '2014-05-01 12:00:00', '', '', '', '', '', '', 0, 3, ''),
(143, 143, 143, '8556001011', '2014-05-01 12:00:00', '', '', '', '', '', '', 0, 3, ''),
(144, 144, 144, '9460333699,9466333699', '2014-05-01 12:00:00', '', '', '', '', '', '', 0, 3, ''),
(145, 145, 145, '84370-47055', '2014-05-01 12:00:00', '', '', '', '', '', '', 0, 3, ''),
(146, 146, 146, '8567004236', '2014-05-01 12:00:00', '', '', '', '', '', '', 0, 3, ''),
(147, 147, 147, '7508863776', '2014-05-01 12:00:00', '', '', '', '', '', '', 0, 3, ''),
(148, 148, 148, '7508445845', '2014-05-01 12:00:00', '', '', '', '', '', '', 0, 3, ''),
(149, 149, 149, '9888275050', '2014-05-02 12:00:00', '', '', '', '', '', '', 0, 3, ''),
(150, 150, 150, '84371-36495', '2014-05-02 12:00:00', '', '', '', '', '', '', 0, 3, ''),
(151, 151, 151, '84274-73451', '2014-05-02 12:00:00', '', '', '', '', '', '', 0, 3, ''),
(152, 152, 152, '0', '2014-05-02 12:00:00', '', '', '', '', '', 'DGM (C) M/s. Ansal Buildwell Ltd. ', 1, 3, ''),
(153, 153, 153, '8427675806 Ravi Dhiman', '2014-05-02 12:00:00', '', '', '', '', '', '', 0, 2, 'Sh. Rajesh Kumar Sood'),
(154, 154, 154, '9988994013', '2014-05-02 12:00:00', '', '', '', '', '', 'Mr. Inderjeet Singh', 1, 3, ''),
(155, 155, 155, '9803028028 Mr. Karam', '2014-05-02 12:00:00', '', '', '', '', '', 'The Nav Bharat Co.Op L & C Society', 1, 3, ''),
(156, 156, 156, '9803505812', '2014-05-05 12:00:00', '', '', '', '', '', '', 0, 3, ''),
(157, 157, 157, '9803188687', '2014-05-05 12:00:00', '', '', '', '', '', '', 0, 3, ''),
(158, 158, 158, '9855729483', '2014-05-05 12:00:00', '', '', '', '', '', '', 0, 2, ''),
(159, 159, 159, '98762-20847', '2014-05-05 12:00:00', '', '', '', '', '', '', 0, 3, ''),
(160, 160, 160, '9876630087', '2014-05-05 12:00:00', '', '', '', '', '', 'M/S. Punjab Dyers Assocation', 1, 3, ''),
(161, 161, 161, '9988883502', '2014-05-05 12:00:00', '', '', '', '', '', '', 0, 2, 'M/S. R.S. Builders & Engineers Ltd., '),
(162, 162, 162, '9876869515', '2014-05-05 12:00:00', '', '', '', '', '', '', 0, 3, ''),
(163, 163, 163, '01675-220311', '2014-05-05 12:00:00', '', '', '', '', '', '', 0, 2, 'Mr. Rakesh Kumar Govt. Cont. Dhuri'),
(164, 164, 164, '0', '2014-05-05 12:00:00', '', '', '', '', '', '', 0, 2, ''),
(165, 165, 165, '94633-21056', '2014-05-05 12:00:00', '', '', '', '', '', '', 0, 3, ''),
(166, 166, 166, '9653636714', '2014-05-05 12:00:00', '', '', '', '', '', '', 0, 3, ''),
(167, 167, 167, '8528377186', '2014-05-06 12:00:00', '', '', '', '', '', '', 0, 3, ''),
(168, 168, 168, '7355539289', '2014-05-06 12:00:00', '', '', '', '', '', '', 0, 3, ''),
(169, 169, 169, '0', '2014-05-06 12:00:00', '', '', '', '', '', '', 0, 2, ''),
(170, 170, 170, '0161-2422769', '2014-05-06 12:00:00', '', '', '', '', '', 'M/S. Garrison', 1, 3, ''),
(171, 171, 171, '911123010199', '2014-05-06 12:00:00', '', '', '', '', '', 'M/S. National Association Of Software & Service Companies ', 1, 3, ''),
(172, 172, 172, '99883937575 Padamdeep Singh JE', '2014-05-06 12:00:00', '', '', '', '', '', '', 0, 2, 'M/s Gondwana Engg. Ltd., '),
(173, 173, 173, '9888043032', '2014-05-06 12:00:00', '', '', '', '', '', '', 0, 3, ''),
(174, 174, 174, '9465116090', '2014-05-06 12:00:00', '', '', '', '', '', '', 0, 3, ''),
(175, 175, 175, '97792-94195', '2014-05-06 12:00:00', '', '', '', '', '', '', 0, 3, ''),
(176, 176, 176, '94651-14406', '2014-05-06 12:00:00', '', '', '', '', '', '', 0, 3, ''),
(177, 177, 177, '8557844193', '2014-05-06 12:00:00', '', '', '', '', '', '', 0, 3, ''),
(178, 178, 178, '99145-59064', '2014-05-06 12:00:00', '', '', '', '', '', '', 0, 3, ''),
(179, 179, 179, '7589221013', '2014-05-06 12:00:00', '', '', '', '', '', '', 0, 3, ''),
(180, 180, 180, '9517544000', '2014-05-06 12:00:00', '', '', '', '', '', '', 0, 3, ''),
(181, 181, 181, '8427009278', '2014-05-06 12:00:00', '', '', '', '', '', '', 0, 3, ''),
(182, 182, 182, '8968403851', '2014-05-06 12:00:00', '', '', '', '', '', '', 0, 3, ''),
(183, 183, 183, '9814159063', '2014-05-06 12:00:00', '', '', '', '', '', '', 0, 3, ''),
(184, 184, 184, '98720-78111', '2014-05-06 12:00:00', '', '', '', '', '', '', 0, 3, ''),
(185, 185, 185, '9041623659 Deepak', '2014-05-06 12:00:00', '', '', '', '', '', '', 0, 2, ''),
(186, 186, 186, '9815814547', '2014-05-06 12:00:00', '', '', '', '', '', '', 0, 3, ''),
(187, 187, 187, '78370-16776', '2014-05-06 12:00:00', '', '', '', '', '', '', 0, 3, ''),
(188, 188, 188, '0', '2014-05-06 12:00:00', '', '', '', '', '', '', 0, 2, ''),
(189, 189, 189, '98145-66610', '2014-05-06 12:00:00', '', '', '', '', '', 'M/S. Dream World Architect & Interior Designer ', 1, 3, ''),
(190, 190, 190, '9814422905', '2014-05-06 12:00:00', '', '', '', '', '', '', 0, 3, ''),
(191, 191, 191, '8566846354', '2014-05-06 12:00:00', '', '', '', '', '', '', 0, 3, ''),
(192, 192, 192, '9780112584', '2014-05-06 12:00:00', '', '', '', '', '', '', 0, 3, ''),
(193, 193, 193, '9803253290', '2014-05-06 12:00:00', '', '', '', '', '', '', 0, 3, ''),
(194, 194, 194, '7355595525', '2014-05-06 12:00:00', '', '', '', '', '', '', 0, 3, ''),
(195, 195, 195, '0', '2014-05-06 12:00:00', '', '', '', '', '', '', 0, 2, ''),
(196, 196, 196, '08699506660 Gurpreet Singh', '2014-05-06 12:00:00', '', '', '', '', '', 'M/S. Triveni Engineering & Industries Ltd.', 1, 3, ''),
(197, 197, 197, '9803020141', '2014-05-06 12:00:00', '', '', '', '', '', '', 0, 3, ''),
(198, 198, 198, '9463055031', '2014-05-06 12:00:00', '', '', '', '', '', '', 0, 3, ''),
(199, 199, 199, '9646307945', '2014-05-06 12:00:00', '', '', '', '', '', '', 0, 3, ''),
(200, 200, 200, '9779756267', '2014-05-06 12:00:00', '', '', '', '', '', '', 0, 3, ''),
(201, 201, 201, '9876827044', '2014-05-06 12:00:00', '', '', '', '', '', '', 0, 3, ''),
(202, 202, 202, '9780631538', '2014-05-06 12:00:00', '', '', '', '', '', '', 0, 3, ''),
(203, 203, 203, '8528504806', '2014-05-06 12:00:00', '', '', '', '', '', '', 0, 3, ''),
(204, 204, 204, '9779611268', '2014-05-06 12:00:00', '', '', '', '', '', '', 0, 3, ''),
(205, 205, 205, '9418010499', '2014-05-07 12:00:00', '', '', '', '', '', 'Power', 1, 2, 'Sh. Sanjay Walia'),
(206, 206, 206, '9592888930', '2014-05-07 12:00:00', '', '', '', '', '', '', 0, 3, ''),
(207, 207, 207, '9464907412', '2014-05-07 12:00:00', '', '', '', '', '', '', 0, 3, ''),
(208, 208, 208, '8872433002', '2014-05-07 12:00:00', '', '', '', '', '', '', 0, 3, ''),
(209, 209, 209, '9023232373', '2014-05-07 12:00:00', '', '', '', '', '', '', 0, 3, ''),
(210, 210, 210, '98154-24023', '2014-05-07 12:00:00', '', '', '', '', '', '', 0, 3, ''),
(211, 211, 211, '9478620233', '2014-05-07 12:00:00', '', '', '', '', '', '', 0, 3, ''),
(212, 212, 212, '7837607725', '2014-05-07 12:00:00', '', '', '', '', '', '', 0, 3, ''),
(213, 213, 213, '99157-09242', '2014-05-08 12:00:00', '', '', '', '', '', 'M/S. Metro Tyres  ', 1, 3, ''),
(214, 214, 214, '9815219374', '2014-05-08 12:00:00', '', '', '', '', '', '', 0, 3, ''),
(215, 215, 215, '0', '2014-05-08 12:00:00', '', '', '', '', '', '', 0, 2, ''),
(216, 216, 216, '0', '2014-05-08 12:00:00', '', '', '', '', '', '', 0, 2, ''),
(217, 217, 217, '0', '2014-05-08 12:00:00', '', '', '', '', '', '', 0, 2, ''),
(218, 218, 218, '0', '2014-05-08 12:00:00', '', '', '', '', '', '', 0, 2, ''),
(219, 219, 219, '9855536481', '2014-05-08 12:00:00', '', '', '', '', '', '', 0, 3, ''),
(220, 220, 220, '9653873846', '2014-05-08 12:00:00', '', '', '', '', '', '', 0, 3, ''),
(221, 221, 221, '0', '2014-05-08 12:00:00', '', '', '', '', '', '', 0, 2, ''),
(222, 222, 222, '9815000700', '2014-05-09 12:00:00', '', '', '', '', '', 'M/S. Ashiana Architects Int. Designer  (P) Ltd. ', 1, 3, ''),
(223, 223, 223, '98881-78495', '2014-05-09 12:00:00', '', '', '', '', '', 'Advisor  To The Chairman High Powered Committee ', 1, 3, 'C/O Punjab Urban Development Mission, '),
(224, 224, 224, '98151-05076 Darshan Singh', '2014-05-09 12:00:00', '', '', '', '', '', '', 0, 2, ''),
(225, 225, 225, '9478531383', '2014-05-09 12:00:00', '', '', '', '', '', '', 0, 3, ''),
(226, 226, 226, '735599999', '2014-05-09 12:00:00', '', '', '', '', '', '', 0, 3, ''),
(227, 227, 227, '9781054988', '2014-05-09 12:00:00', '', '', '', '', '', '', 0, 3, ''),
(228, 228, 228, '9464543057', '2014-05-09 12:00:00', '', '', '', '', '', '', 0, 3, ''),
(229, 229, 229, '7696402499', '2014-05-09 12:00:00', '', '', '', '', '', '', 0, 3, ''),
(230, 230, 230, '9569406943', '2014-05-09 12:00:00', '', '', '', '', '', '', 0, 3, ''),
(231, 231, 231, '8146792283', '2014-05-09 12:00:00', '', '', '', '', '', '', 0, 3, ''),
(232, 232, 232, '9815395471', '2014-05-09 12:00:00', '', '', '', '', '', '', 0, 3, ''),
(233, 233, 233, '7696360002', '2014-05-09 12:00:00', '', '', '', '', '', '', 0, 3, ''),
(234, 234, 234, '9417997658', '2014-05-09 12:00:00', '', '', '', '', '', '', 0, 3, ''),
(235, 235, 235, '97813-76393', '2014-05-12 12:00:00', '', '', '', '', '', '', 0, 3, ''),
(236, 236, 236, '8437956960', '2014-05-12 12:00:00', '', '', '', '', '', '', 0, 3, ''),
(237, 237, 237, '8126367824', '2014-05-12 12:00:00', '', '', '', '', '', '', 0, 3, ''),
(238, 238, 238, '9465771945', '2014-05-12 12:00:00', '', '', '', '', '', '', 0, 3, ''),
(239, 239, 239, '9855544433', '2014-05-13 12:00:00', '', '', '', '', '', '', 0, 3, ''),
(240, 240, 240, '0', '2014-05-13 12:00:00', '', '', '', '', '', '', 0, 2, ''),
(241, 241, 241, '0', '2014-05-13 12:00:00', '', '', '', '', '', '', 0, 2, ''),
(242, 242, 242, '9501103851', '2014-05-13 12:00:00', '', '', '', '', '', '', 0, 2, ''),
(243, 243, 243, '9217623868', '2014-05-13 12:00:00', '', '', '', '', '', '', 0, 3, ''),
(244, 244, 244, '0', '2014-05-13 12:00:00', '', '', '', '', '', '', 0, 3, ''),
(245, 245, 245, '9815476786', '2014-05-13 12:00:00', '', '', '', '', '', '', 0, 3, ''),
(246, 246, 246, '8872788711', '2014-05-14 12:00:00', '', '', '', '', '', '', 0, 3, ''),
(247, 247, 247, '0', '2014-05-14 12:00:00', '', '', '', '', '', 'M/s. C Square Enterprises ', 1, 3, ''),
(248, 248, 248, '98726-40123', '2014-05-14 12:00:00', '', '', '', '', '', '', 0, 3, ''),
(249, 249, 249, '0', '2014-05-14 12:00:00', '', '', '', '', '', '', 0, 3, ''),
(250, 250, 250, '9988521210', '2014-05-14 12:00:00', '', '', '', '', '', '', 0, 3, ''),
(251, 251, 251, '9646800604', '2014-05-14 12:00:00', '', '', '', '', '', '', 0, 2, ''),
(252, 252, 252, '9464659178', '2014-05-14 12:00:00', '', '', '', '', '', '', 0, 3, ''),
(253, 253, 253, '8195847439', '2014-05-14 12:00:00', '', '', '', '', '', '', 0, 3, ''),
(254, 254, 254, '78149-74070 Gurinder 98882-97390 Gagandip', '2014-05-14 12:00:00', '', '', '', '', '', 'M/S. International Construction Co. ', 1, 3, ''),
(255, 255, 255, '9814877179 vikas Sharma', '2014-05-15 12:00:00', '', '', '', '', '', '', 0, 2, ''),
(256, 256, 256, '0', '2014-05-15 12:00:00', '', '', '', '', '', '', 0, 3, ''),
(257, 257, 257, '8968492772', '2014-05-15 12:00:00', '', '', '', '', '', '', 0, 3, ''),
(258, 258, 258, '0', '2014-05-15 12:00:00', '', '', '', '', '', '', 0, 2, ''),
(259, 259, 259, '0', '2014-05-19 12:00:00', '', '', '', '', '', '', 0, 2, 'M/s. Garga Associates'),
(260, 260, 260, '9530797628', '2014-05-19 12:00:00', '', '', '', '', '', '', 0, 3, ''),
(261, 261, 261, '0', '2014-05-19 12:00:00', '', '', '', '', '', '', 0, 2, ''),
(262, 262, 262, '0', '2014-05-19 12:00:00', '', '', '', '', '', '', 0, 2, ''),
(263, 263, 263, '98149-61670,98141-61670', '2014-05-19 12:00:00', '', '', '', '', '', '', 0, 3, ''),
(264, 264, 264, '0', '2014-05-19 12:00:00', '', '', '', '', '', 'Executive', 1, 2, ''),
(265, 265, 265, '98551-23957', '2014-05-19 12:00:00', '', '', '', '', '', '', 0, 3, ''),
(266, 266, 266, '0', '2014-05-19 12:00:00', '', '', '', '', '', '', 0, 2, 'M/S Srishti Infratructures '),
(267, 267, 267, '94174-76655 Daljit Singh J.E', '2014-05-19 12:00:00', '', '', '', '', '', '', 0, 2, ''),
(268, 268, 268, '0', '2014-05-20 12:00:00', '', '', '', '', '', '', 0, 2, ''),
(269, 269, 269, '0', '2014-05-20 12:00:00', '', '', '', '', '', '', 0, 2, ''),
(270, 270, 270, '7508704899', '2014-05-20 12:00:00', '', '', '', '', '', '', 0, 3, ''),
(271, 271, 271, '0', '2014-05-20 12:00:00', '', '', '', '', '', '', 0, 3, ''),
(272, 272, 272, '0', '2014-05-20 12:00:00', '', '', '', '', '', 'S. Balraj Singh', 1, 3, ''),
(273, 273, 273, '0', '2014-05-20 12:00:00', '', '', '', '', '', '', 0, 3, ''),
(274, 274, 274, '0', '2014-05-20 12:00:00', '', '', '', '', '', '', 0, 3, ''),
(275, 275, 275, '0', '2014-05-20 12:00:00', '', '', '', '', '', '', 0, 3, ''),
(276, 276, 276, '0', '2014-05-20 12:00:00', '', '', '', '', '', '', 0, 3, ''),
(277, 277, 277, '9888457717', '2014-05-20 12:00:00', '', '', '', '', '', '', 0, 3, ''),
(278, 278, 278, '919417043289, 919872664820', '2014-05-21 12:00:00', '', '', '', '', '', '', 0, 3, ''),
(279, 279, 279, '1', '2014-05-21 12:00:00', '', '', '', '', '', 'Superintending Engineer', 1, 2, ''),
(280, 280, 280, '0', '2014-05-22 12:00:00', '', '', '', '', '', '', 0, 3, ''),
(281, 281, 281, '8054110810', '2014-05-22 12:00:00', '', '', '', '', '', 'Mr. Ram Kakkar ', 1, 3, ''),
(282, 282, 282, '8872596852', '2014-05-22 12:00:00', '', '', '', '', '', '', 0, 3, ''),
(283, 283, 283, '0', '2014-05-22 12:00:00', '', '', '', '', '', '', 0, 3, 'Sub Divisionl Engineer C-4, Glada, Ludhiana'),
(284, 284, 284, '0', '2014-05-22 12:00:00', '', '', '', '', '', 'Power', 1, 2, 'M/S Kalpataru Power Transmission Ltd.'),
(285, 285, 285, '9646639083', '2014-05-22 12:00:00', '', '', '', '', '', 'Mr. Navneet Singh ', 1, 3, ''),
(286, 286, 286, '8054110810', '2014-05-22 12:00:00', '', '', '', '', '', '', 0, 3, ''),
(287, 287, 287, '0', '2014-05-23 12:00:00', '', '', '', '', '', '', 0, 3, ''),
(288, 288, 288, '7355831393', '2014-05-23 12:00:00', '', '', '', '', '', 'Mr. Aman Himanshu', 1, 3, ''),
(289, 289, 289, '9417044467', '2014-05-23 12:00:00', '', '', '', '', '', '', 0, 2, ''),
(290, 290, 290, '896891167', '2014-05-23 12:00:00', '', '', '', '', '', '', 0, 3, ''),
(291, 291, 291, '82888-96247', '2014-05-23 12:00:00', '', '', '', '', '', '', 0, 3, ''),
(292, 292, 292, '8437733752', '2014-05-23 12:00:00', '', '', '', '', '', '', 0, 3, ''),
(293, 293, 293, '9888195277', '2014-05-26 12:00:00', '', '', '', '', '', '', 0, 3, ''),
(294, 294, 294, '9988456640', '2014-05-26 12:00:00', '', '', '', '', '', '', 0, 3, ''),
(295, 295, 295, '0', '2014-05-26 12:00:00', '', '', '', '', '', 'Assistant', 1, 2, ''),
(296, 296, 296, '95015-00070 Izu Singh', '2014-05-27 12:00:00', '', '', '', '', '', '', 0, 2, ''),
(297, 297, 297, '8567875397', '2014-05-27 12:00:00', '', '', '', '', '', '', 0, 3, ''),
(298, 298, 298, '9872945959', '2014-05-27 12:00:00', '', '', '', '', '', '', 0, 3, ''),
(299, 299, 299, '2560106, 5020076', '2014-05-27 12:00:00', '', '', '', '', '', 'M/S. Deepak Builders', 1, 3, ''),
(300, 300, 300, '0', '2014-05-27 12:00:00', '', '', '', '', '', 'Sub', 1, 2, ''),
(301, 301, 301, '0', '2014-05-28 12:00:00', '', '', '', '', '', '', 0, 3, ''),
(302, 302, 302, '0', '2014-05-28 12:00:00', '', '', '', '', '', 'S. Gurwinder Singh Dhillon', 1, 3, ''),
(303, 303, 303, '9216325896 Mr. Ajay', '2014-05-28 12:00:00', '', '', '', '', '', '', 0, 3, ''),
(304, 304, 304, '0', '2014-05-28 12:00:00', '', '', '', '', '', 'Executive', 1, 2, ''),
(305, 305, 305, '9876032199', '2014-05-29 12:00:00', '', '', '', '', '', '', 0, 3, ''),
(306, 306, 306, '98141-31000', '2014-05-29 12:00:00', '', '', '', '', '', 'Mr. Surinder Pal Singh ', 1, 3, ''),
(307, 307, 307, '9814240931 XEN, 9814246576 JE Kewal Krishan', '2014-05-30 12:00:00', '', '', '', '', '', '', 0, 2, ''),
(308, 308, 308, '9779754594', '2014-06-02 12:00:00', '', '', '', '', '', '', 0, 3, ''),
(309, 309, 309, '01633-262236', '2014-06-02 12:00:00', '', '', '', '', '', '', 0, 2, ''),
(310, 310, 310, '0', '2014-06-02 12:00:00', '', '', '', '', '', '', 0, 3, ''),
(311, 311, 311, '98551-75834', '2014-06-02 12:00:00', '', '', '', '', '', 'Ms. Harjot Kaur ', 1, 3, ''),
(312, 312, 312, '0', '2014-06-02 12:00:00', '', '', '', '', '', '', 0, 2, ''),
(313, 313, 313, '94175-31250,9463640437', '2014-06-03 12:00:00', '', '', '', '', '', '', 0, 3, ''),
(314, 314, 314, '0', '2014-06-03 12:00:00', '', '', '', '', '', '', 0, 3, ''),
(315, 315, 315, '9878449517', '2014-06-03 12:00:00', '', '', '', '', '', 'Mr. Hasan Inderjit Singh Pandher ', 1, 3, ''),
(316, 316, 316, '0', '2014-06-04 12:00:00', '', '', '', '', '', '', 0, 2, ''),
(317, 317, 317, '0124-4517600,88720-44053 uma shankkar', '2014-06-05 12:00:00', '', '', '', '', '', '', 0, 3, ''),
(318, 318, 318, '8146100632', '2014-06-05 12:00:00', '', '', '', '', '', 'Executive', 1, 2, ''),
(319, 319, 319, '0', '2014-06-06 12:00:00', '', '', '', '', '', '', 0, 2, ''),
(320, 320, 320, '0', '2014-06-06 12:00:00', '', '', '', '', '', '', 0, 2, ''),
(321, 321, 321, '0', '2014-06-06 12:00:00', '', '', '', '', '', '', 0, 2, ''),
(322, 322, 322, '0', '2014-06-06 12:00:00', '', '', '', '', '', '', 0, 3, ''),
(323, 323, 323, '0', '2014-06-06 12:00:00', '', '', '', '', '', 'Mr. Arun  Sony', 1, 3, ''),
(324, 324, 324, '0', '2014-06-06 12:00:00', '', '', '', '', '', '', 0, 3, ''),
(325, 325, 325, '9888899418', '2014-06-06 12:00:00', '', '', '', '', '', 'Ms. Davinder Kaur', 1, 3, ''),
(326, 326, 326, '0161-2679000', '2014-06-09 12:00:00', '', '', '', '', '', '', 0, 3, ''),
(327, 327, 327, '09216-87762', '2014-06-09 12:00:00', '', '', '', '', '', 'Mr. Ram Parvesh Parsad ', 1, 3, ''),
(328, 328, 328, '9815876711', '2014-06-09 12:00:00', '', '', '', '', '', '', 0, 2, ''),
(329, 329, 329, '98725-57989', '2014-06-09 12:00:00', '', '', '', '', '', '', 0, 3, ''),
(330, 330, 330, '0', '2014-06-10 12:00:00', '', '', '', '', '', 'Sub', 1, 2, ''),
(331, 331, 331, '0', '2014-06-11 12:00:00', '', '', '', '', '', '', 0, 3, ''),
(332, 332, 332, '01899-209122', '2014-06-11 12:00:00', '', '', '', '', '', '', 0, 2, 'M/S Ahuja Construction'),
(333, 333, 333, '0161-2670707', '2014-06-11 12:00:00', '', '', '', '', '', 'M/S. Vardhman Special Steels Ltd.', 1, 3, ''),
(334, 334, 334, '9316201235 S.N. Dhawan', '2014-06-11 12:00:00', '', '', '', '', '', 'M/S. Sri Balaji Smelters', 1, 3, ''),
(335, 335, 335, '9876753998', '2014-06-12 12:00:00', '', '', '', '', '', 'Mr. Sameer Pujani', 1, 3, ''),
(336, 336, 336, '0', '2014-06-13 12:00:00', '', '', '', '', '', '', 0, 3, ''),
(337, 337, 337, '98158-88455', '2014-06-13 12:00:00', '', '', '', '', '', '', 0, 3, ''),
(338, 338, 338, '94173-89959', '2014-06-16 12:00:00', '', '', '', '', '', 'M/S Garga Associates ', 1, 3, ''),
(339, 339, 339, '09971492576 Mr. Ashish Ahuja', '2014-06-16 12:00:00', '', '', '', '', '', 'Agm (Civil) Rites Ltd.', 1, 3, ''),
(340, 340, 340, '8146678103 V C Wani', '2014-06-16 12:00:00', '', '', '', '', '', 'M/S Rahul Engineering Work ', 1, 3, ''),
(341, 341, 341, '919797660660', '2014-06-17 12:00:00', '', '', '', '', '', 'Shivam Institute Of Engineering', 1, 3, ''),
(342, 342, 342, '9915772319', '2014-06-17 12:00:00', '', '', '', '', '', 'S. Jatinder Singh', 1, 3, ''),
(343, 343, 343, '8054106889', '2014-06-17 12:00:00', '', '', '', '', '', '', 0, 3, ''),
(344, 344, 344, '0', '2014-06-18 12:00:00', '', '', '', '', '', '', 0, 2, ''),
(345, 345, 345, '01823-279999', '2014-06-18 12:00:00', '', '', '', '', '', '', 0, 3, ''),
(346, 346, 346, '0', '2014-06-18 12:00:00', '', '', '', '', '', 'M/S. Kawalamber Foundation', 1, 3, ''),
(347, 347, 347, '0', '2014-06-18 12:00:00', '', '', '', '', '', 'Sub', 1, 2, ''),
(348, 348, 348, '98789-85317,99140-84999,98881-35200 Jatinder Singh JE', '2014-06-19 12:00:00', '', '', '', '', '', '', 0, 2, ''),
(349, 349, 349, '0161-2492481', '2014-06-19 12:00:00', '', '', '', '', '', '', 0, 3, ''),
(350, 350, 350, '0', '2014-06-19 12:00:00', '', '', '', '', '', 'Sub', 1, 2, ''),
(351, 351, 351, '9501004524', '2014-06-20 12:00:00', '', '', '', '', '', '', 0, 3, 'M/S. Rakesh Kumar Contr., Dhuri'),
(352, 352, 352, '0', '2014-06-20 12:00:00', '', '', '', '', '', '', 0, 2, ''),
(353, 353, 353, '0', '2014-06-20 12:00:00', '', '', '', '', '', '', 0, 2, ''),
(354, 354, 354, '01636-220337', '2014-06-23 12:00:00', '', '', '', '', '', '', 0, 2, ''),
(355, 355, 355, '9888902522', '2014-06-23 12:00:00', '', '', '', '', '', '', 0, 3, ''),
(356, 356, 356, '0', '2014-06-23 12:00:00', '', '', '', '', '', '', 0, 3, ''),
(357, 357, 357, '01852-230145', '2014-06-24 12:00:00', '', '', '', '', '', '', 0, 2, 'M/s. KEC Internationl.Ltd.'),
(358, 358, 358, '0', '2014-06-24 12:00:00', '', '', '', '', '', 'Executive', 1, 2, ''),
(359, 359, 359, '0', '2014-06-24 12:00:00', '', '', '', '', '', '', 0, 2, ''),
(360, 360, 360, '0183-2547865', '2014-06-24 12:00:00', '', '', '', '', '', '', 0, 2, ''),
(361, 361, 361, '0', '2014-06-24 12:00:00', '', '', '', '', '', '', 0, 2, ''),
(362, 362, 362, '0', '2014-06-25 12:00:00', '', '', '', '', '', '', 0, 2, ''),
(363, 363, 363, '9217003302', '2014-06-25 12:00:00', '', '', '', '', '', '', 0, 3, ''),
(364, 364, 364, '0', '2014-06-25 12:00:00', '', '', '', '', '', 'Executive', 1, 2, ''),
(365, 365, 365, '8556015677 mohinder verma', '2014-06-25 12:00:00', '', '', '', '', '', '', 0, 2, ''),
(366, 366, 366, '0', '2014-06-25 12:00:00', '', '', '', '', '', '', 0, 2, ''),
(367, 367, 367, '1675-254162', '2014-06-26 12:00:00', '', '', '', '', '', '', 0, 2, ''),
(368, 368, 368, '9855127109', '2014-06-27 12:00:00', '', '', '', '', '', '', 0, 3, ''),
(369, 369, 369, '9814832758', '2014-06-30 12:00:00', '', '', '', '', '', '', 0, 3, ''),
(370, 370, 370, '98038-30054', '2014-06-30 12:00:00', '', '', '', '', '', '', 0, 3, ''),
(371, 371, 371, '0', '2014-07-01 12:00:00', '', '', '', '', '', '', 0, 3, ''),
(372, 372, 372, '9814135151', '2014-07-01 12:00:00', '', '', '', '', '', '', 0, 3, ''),
(373, 373, 373, '9855403713', '2014-07-01 12:00:00', '', '', '', '', '', '', 0, 3, ''),
(374, 374, 374, '98158-11823            Maniderpal Singh', '2014-07-01 12:00:00', '', '', '', '', '', 'M/S. Partap Tiles ', 1, 3, ''),
(375, 375, 375, '01765-505368', '2014-07-01 12:00:00', '', '', '', '', '', 'Municipal Council ', 1, 2, ''),
(376, 376, 376, '9780560600', '2014-07-01 12:00:00', '', '', '', '', '', 'Sub', 1, 2, ''),
(377, 377, 377, '9988885577', '2014-07-01 12:00:00', '', '', '', '', '', '', 0, 3, ''),
(378, 378, 378, '0', '2014-07-02 12:00:00', '', '', '', '', '', 'Dr. Kulbir Singh Gill', 1, 3, ''),
(379, 379, 379, '0161-5089748', '2014-07-02 12:00:00', '', '', '', '', '', '', 0, 3, ''),
(380, 380, 380, '9216035111', '2014-07-02 12:00:00', '', '', '', '', '', 'M/S. Sunil', 1, 3, 'M/S. Girja Construction & Consultancy Services, '),
(381, 381, 381, '9216035111', '2014-07-02 12:00:00', '', '', '', '', '', 'M/S. Girja Construction & Consultancy Services ', 1, 3, ''),
(382, 382, 382, '4080111,12 Fax 4080107 98724-5589 , 9815167867', '2014-07-03 12:00:00', '', '', '', '', '', 'Superintending Engineer (C) ', 1, 2, ''),
(383, 383, 383, '9815603425', '2014-07-04 12:00:00', '', '', '', '', '', '', 0, 3, ''),
(384, 384, 384, '1823-220105', '2014-07-04 12:00:00', '', '', '', '', '', '', 0, 2, ''),
(385, 385, 385, '0', '2014-07-07 12:00:00', '', '', '', '', '', '', 0, 2, ''),
(386, 386, 386, '01672-231154, Fax 01672-238829', '2014-07-07 12:00:00', '', '', '', '', '', '', 0, 3, 'M/s. Shivalik Construction, Dehradun'),
(387, 387, 387, '0183-5050647', '2014-07-07 12:00:00', '', '', '', '', '', '', 0, 3, ''),
(388, 388, 388, '0', '2014-07-08 12:00:00', '', '', '', '', '', 'Excutive Engineer', 1, 2, ''),
(389, 389, 389, '0161-2670214', '2014-07-08 12:00:00', '', '', '', '', '', '', 0, 3, ''),
(390, 390, 390, '98146-73935, 98147-07935', '2014-07-09 12:00:00', '', '', '', '', '', 'Mr. Kuldip Singh Govt. Contractor ', 1, 3, ''),
(391, 391, 391, '9888932567, 9814000926 Sanjiv Kumar', '2014-07-09 12:00:00', '', '', '', '', '', '', 0, 3, ''),
(392, 392, 392, '94170-29814', '2014-07-10 12:00:00', '', '', '', '', '', 'Mr. Gurjit Singh Contractor ', 1, 3, ''),
(393, 393, 393, '98883-20711', '2014-07-10 12:00:00', '', '', '', '', '', '', 0, 3, ''),
(394, 394, 394, '0', '2014-07-10 12:00:00', '', '', '', '', '', 'Sub Divisional Officer ', 1, 2, ''),
(395, 395, 395, '8572897213', '2014-07-11 12:00:00', '', '', '', '', '', '', 0, 2, ''),
(396, 396, 396, '9915574642', '2014-07-11 12:00:00', '', '', '', '', '', 'Ms. Jasmeen Kaur', 1, 3, ''),
(397, 397, 397, '0', '2014-07-15 12:00:00', '', '', '', '', '', '', 0, 2, ''),
(398, 398, 398, '11-41295600', '2014-07-15 12:00:00', '', '', '', '', '', '', 0, 3, ''),
(399, 399, 399, '0161-2613282', '2014-07-15 12:00:00', '', '', '', '', '', 'Addl.', 1, 2, ''),
(400, 400, 400, '0', '2014-07-15 12:00:00', '', '', '', '', '', '', 0, 3, ''),
(401, 401, 401, '0', '2014-07-16 12:00:00', '', '', '', '', '', 'Executive', 1, 2, ''),
(402, 402, 402, '0', '2014-07-16 12:00:00', '', '', '', '', '', '', 0, 3, ''),
(403, 403, 403, '9646771168', '2014-07-17 12:00:00', '', '', '', '', '', '', 0, 3, ''),
(404, 404, 404, '0', '2014-07-17 12:00:00', '', '', '', '', '', '', 0, 2, ''),
(405, 405, 405, '9814460931', '2014-07-17 12:00:00', '', '', '', '', '', '', 0, 3, ''),
(406, 406, 406, '94176-00111', '2014-07-18 12:00:00', '', '', '', '', '', '', 0, 3, ''),
(407, 407, 407, '9915772319', '2014-07-21 12:00:00', '', '', '', '', '', 'Mr. Raman Sharma ', 1, 3, ''),
(408, 408, 408, '0', '2014-07-21 12:00:00', '', '', '', '', '', '', 0, 3, ''),
(409, 409, 409, '0', '2014-07-21 12:00:00', '', '', '', '', '', '', 0, 2, ''),
(410, 410, 410, '97811-92835', '2014-07-21 12:00:00', '', '', '', '', '', '', 0, 3, ''),
(411, 411, 411, '98760-60241,95921-00086 Gurpreet Singh', '2014-07-21 12:00:00', '', '', '', '', '', '', 0, 3, ''),
(412, 412, 412, '82880-34809', '2014-07-22 12:00:00', '', '', '', '', '', 'M/S. V & A Ventures LLP ', 1, 3, ''),
(413, 413, 413, '99156-44055', '2014-07-22 12:00:00', '', '', '', '', '', 'Mr. Gajjan Singh ', 1, 3, ''),
(414, 414, 414, '01732-213883', '2014-07-23 12:00:00', '', '', '', '', '', '', 0, 2, 'Power Grid Corporation Of India Ltd., Nr-Ii, Abdullapur (Haryana)'),
(415, 415, 415, '0', '2014-07-23 12:00:00', '', '', '', '', '', 'Executive', 1, 2, ''),
(416, 416, 416, '8427189393, 9501419180', '2014-07-23 12:00:00', '', '', '', '', '', '', 0, 3, ''),
(417, 417, 417, '9888012275', '2014-07-23 12:00:00', '', '', '', '', '', '', 0, 3, ''),
(418, 418, 418, '1675-263554', '2014-07-23 12:00:00', '', '', '', '', '', 'Power', 1, 2, 'M/S. Navratna Company '),
(419, 419, 419, '0', '2014-07-24 12:00:00', '', '', '', '', '', 'Corporation', 1, 2, 'M/S. Maha Laksami Co.Op. L/C Socity'),
(420, 420, 420, '0', '2014-07-24 12:00:00', '', '', '', '', '', '', 0, 2, ''),
(421, 421, 421, '0', '2014-07-28 12:00:00', '', '', '', '', '', '', 0, 3, ''),
(422, 422, 422, '0', '2014-07-28 12:00:00', '', '', '', '', '', '', 0, 2, ''),
(423, 423, 423, '0', '2014-07-31 12:00:00', '', '', '', '', '', '', 0, 2, ''),
(424, 424, 424, '0', '2014-07-31 12:00:00', '', '', '', '', '', '', 0, 3, ''),
(425, 425, 425, '9786157912 Iqbal Singh JE', '2014-08-01 12:00:00', '', '', '', '', '', 'Sub Divisional Officer (E)', 1, 2, ''),
(426, 426, 426, '0', '2014-08-04 12:00:00', '', '', '', '', '', '', 0, 2, ''),
(427, 427, 427, '9814692951', '2014-08-04 12:00:00', '', '', '', '', '', '', 0, 3, ''),
(428, 428, 428, '9317915100', '2014-08-04 12:00:00', '', '', '', '', '', '', 0, 3, ''),
(429, 429, 429, '0', '2014-08-04 12:00:00', '', '', '', '', '', 'A Country Colonisers Pvt. Ltd. ', 1, 3, ''),
(430, 430, 430, '9814460931  Anil Kumar', '2014-08-04 12:00:00', '', '', '', '', '', 'Municipal', 1, 2, 'M/s. Anil Kumar Contractor'),
(431, 431, 431, '9814460931  Anil Kumar', '2014-08-04 12:00:00', '', '', '', '', '', '', 0, 2, ''),
(432, 432, 432, '9814500767 Inderjit Kakkar', '2014-08-04 12:00:00', '', '', '', '', '', '', 0, 2, ''),
(433, 433, 433, '9814500767 Inderjit Kakkar', '2014-08-04 12:00:00', '', '', '', '', '', '', 0, 2, ''),
(434, 434, 434, '98729-14900', '2014-08-04 12:00:00', '', '', '', '', '', '', 0, 3, ''),
(435, 435, 435, '9814268682', '2014-08-06 12:00:00', '', '', '', '', '', 'Satguru Partap Singh Apollo Hospitals ', 1, 3, ''),
(436, 436, 436, '0', '2014-08-06 12:00:00', '', '', '', '', '', 'M/S. Sam India Built Well Pvt. Ltd. ', 1, 3, ''),
(437, 437, 437, '0', '2014-08-06 12:00:00', '', '', '', '', '', 'Prof. Khushdeep Singh', 1, 3, ''),
(438, 438, 438, '0', '2014-08-07 12:00:00', '', '', '', '', '', '', 0, 2, ''),
(439, 439, 439, '9888666881', '2014-08-07 12:00:00', '', '', '', '', '', '', 0, 3, ''),
(440, 440, 440, '0', '2014-08-07 12:00:00', '', '', '', '', '', '', 0, 2, ''),
(441, 441, 441, '8283802911, 9815311337', '2014-08-08 12:00:00', '', '', '', '', '', '', 0, 2, ''),
(442, 442, 442, '8054000083', '2014-08-08 12:00:00', '', '', '', '', '', '', 0, 3, ''),
(443, 443, 443, '99155-09313', '2014-08-08 12:00:00', '', '', '', '', '', 'M/S Super Tiles ', 1, 3, ''),
(444, 444, 444, '9417009928', '2014-08-11 12:00:00', '', '', '', '', '', 'M/S. Srishti Sales & Services', 1, 3, ''),
(445, 445, 445, '0161-5065401', '2014-08-12 12:00:00', '', '', '', '', '', 'M/S Vision Builders & Realtors ', 1, 3, ''),
(446, 446, 446, '0', '2014-08-12 12:00:00', '', '', '', '', '', 'Executive', 1, 2, ''),
(447, 447, 447, '0', '2014-08-13 12:00:00', '', '', '', '', '', '', 0, 2, ''),
(448, 448, 448, '172-4020100', '2014-08-13 12:00:00', '', '', '', '', '', '', 0, 2, ''),
(449, 449, 449, '0', '2014-08-13 12:00:00', '', '', '', '', '', 'Power', 1, 2, 'M/S Crompton Greaves Ltd., '),
(450, 450, 450, '81466-25410', '2014-08-19 12:00:00', '', '', '', '', '', 'M/S Vardhman Spinning & General Mills ', 1, 3, ''),
(451, 451, 451, '87250-73032', '2014-08-20 12:00:00', '', '', '', '', '', 'M/S Royal A2Z Developers ', 1, 3, ''),
(452, 452, 452, '9356107147', '2014-08-21 12:00:00', '', '', '', '', '', 'Sub Divisional Engineer (Ph) ', 1, 2, 'Sh. Ravinder Kumar Takkar,'),
(453, 453, 453, '011-23230131', '2014-08-21 12:00:00', '', '', '', '', '', '', 0, 1, ''),
(454, 454, 454, '98144-36918', '2014-08-21 12:00:00', '', '', '', '', '', 'The Doraha Co-Operative Marketing Society Ltd. ', 1, 3, ''),
(455, 455, 455, '8427750222 Des Raj', '2014-08-21 12:00:00', '', '', '', '', '', 'M/S. East Works Constructions', 1, 3, ''),
(456, 456, 456, '0', '2014-08-21 12:00:00', '', '', '', '', '', 'Corporation', 1, 2, 'The Majail Co-Opp. Society  '),
(457, 457, 457, '94172-27452', '2014-08-21 12:00:00', '', '', '', '', '', '', 0, 2, ''),
(458, 458, 458, '0124-410160', '2014-08-21 12:00:00', '', '', '', '', '', '', 0, 3, ''),
(459, 459, 459, '0', '2014-08-21 12:00:00', '', '', '', '', '', 'M/S New Fathegarh Co-Opp L & C Socitey ', 1, 3, ''),
(460, 460, 460, '0172-2726894', '2014-08-25 12:00:00', '', '', '', '', '', 'Hinduatan Petroleum Corporation Limited ', 1, 2, ''),
(461, 461, 461, '8968300014', '2014-08-26 12:00:00', '', '', '', '', '', 'M/S Ciico Tiles ', 1, 3, ''),
(462, 462, 462, '9888807770', '2014-08-26 12:00:00', '', '', '', '', '', 'M/S Spantech Civil & Structural Engineering Consultants ', 1, 3, ''),
(463, 463, 463, '9217752360', '2014-08-27 12:00:00', '', '', '', '', '', 'Sub Divisional Engineer (C-2)', 1, 2, ''),
(464, 464, 464, '0', '2014-08-27 12:00:00', '', '', '', '', '', '', 0, 2, ''),
(465, 465, 465, '9501300141 Ashok Kumar SDO, 0161-2431281', '2014-08-27 12:00:00', '', '', '', '', '', '', 0, 2, ''),
(466, 466, 466, '0', '2014-08-28 12:00:00', '', '', '', '', '', '', 0, 2, ''),
(467, 467, 467, '9417565579', '2014-08-28 12:00:00', '', '', '', '', '', '', 0, 3, ''),
(468, 468, 468, '0', '2014-08-29 12:00:00', '', '', '', '', '', 'M/S. Pristine Mega Logisties Park Pvt. Ltd. ', 1, 3, ''),
(469, 469, 469, '0181-5026900-901', '2014-08-29 12:00:00', '', '', '', '', '', 'Executive Engineer (Civil) ', 1, 2, ''),
(470, 470, 470, '98144-89049, 98145-89049', '2014-08-29 12:00:00', '', '', '', '', '', '', 0, 3, ''),
(471, 471, 471, '0', '2014-08-29 12:00:00', '', '', '', '', '', '', 0, 3, ''),
(472, 472, 472, '0', '2014-09-01 12:00:00', '', '', '', '', '', '', 0, 3, ''),
(473, 473, 473, '0', '2014-09-01 12:00:00', '', '', '', '', '', 'M/S. Engineers Adyice Pvt. Ltd.', 1, 3, ''),
(474, 474, 474, '98769-75500', '2014-09-01 12:00:00', '', '', '', '', '', 'Sh. Rajinderpal Singh ', 1, 3, ''),
(475, 475, 475, '9815711774', '2014-09-02 12:00:00', '', '', '', '', '', '', 0, 3, 'M/S Punjab Dyers Association, 341/342-D, Phase Viii, Focal Point, Ludhiana'),
(476, 476, 476, '0', '2014-09-03 12:00:00', '', '', '', '', '', 'Chairman', 1, 2, ''),
(477, 477, 477, '0124-2251714', '2014-09-03 12:00:00', '', '', '', '', '', '', 0, 3, ''),
(478, 478, 478, '9914104426, 9914504963', '2014-09-04 12:00:00', '', '', '', '', '', 'M/s. Midas Naturals Pvt. Ltd. ', 1, 3, ''),
(479, 479, 479, '0', '2014-09-08 12:00:00', '', '', '', '', '', 'Sub', 1, 2, ''),
(480, 480, 480, '8054000083', '2014-09-08 12:00:00', '', '', '', '', '', '', 0, 2, ''),
(481, 481, 481, '0', '2014-09-08 12:00:00', '', '', '', '', '', '', 0, 2, ''),
(482, 482, 482, '0161-5099954', '2014-09-09 12:00:00', '', '', '', '', '', '', 0, 3, ''),
(483, 483, 483, '0', '2014-09-09 12:00:00', '', '', '', '', '', 'Secretary', 1, 2, ''),
(484, 484, 484, '98760-80419', '2014-09-09 12:00:00', '', '', '', '', '', '', 0, 3, ''),
(485, 485, 485, '98148-50024', '2014-09-10 12:00:00', '', '', '', '', '', 'M/S. D. M. Construction Co. ', 1, 3, ''),
(486, 486, 486, '0172-2691095', '2014-09-10 12:00:00', '', '', '', '', '', 'M/s. S.S. Construction Co. ', 1, 3, ''),
(487, 487, 487, '9814188931', '2014-09-11 12:00:00', '', '', '', '', '', 'Sub', 1, 2, ''),
(488, 488, 488, '0712-2230988', '2014-09-11 12:00:00', '', '', '', '', '', '', 0, 3, ''),
(489, 489, 489, '0', '2014-09-11 12:00:00', '', '', '', '', '', 'Sub', 1, 2, ''),
(490, 490, 490, '98150-26513, 9501414397', '2014-09-12 12:00:00', '', '', '', '', '', '', 0, 3, ''),
(491, 491, 491, '0161-2771700', '2014-09-12 12:00:00', '', '', '', '', '', 'Hotel Gulmor ', 1, 3, ''),
(492, 492, 492, '0', '2014-09-12 12:00:00', '', '', '', '', '', 'M/S Syringa Engineers India Llp ', 1, 3, ''),
(493, 493, 493, '0', '2014-09-15 12:00:00', '', '', '', '', '', 'M/S. Davenderjeet Singh Govt. Contr.', 1, 3, ''),
(494, 494, 494, '0', '2014-09-15 12:00:00', '', '', '', '', '', 'Sub', 1, 2, ''),
(495, 495, 495, '0161-2421849', '2014-09-16 12:00:00', '', '', '', '', '', '', 0, 3, ''),
(496, 496, 496, '9988115151 Narinder singh', '2014-09-16 12:00:00', '', '', '', '', '', 'M/S. Brick', 1, 3, ''),
(497, 497, 497, '91-161-4618042', '2014-09-16 12:00:00', '', '', '', '', '', 'M/S. J.K. Infcon Pvt. Ltd.', 1, 3, ''),
(498, 498, 498, '91-161-4618042', '2014-09-16 12:00:00', '', '', '', '', '', 'M/S. J.K. Infcon Pvt. Ltd.', 1, 3, ''),
(499, 499, 499, '9910480632', '2014-09-16 12:00:00', '', '', '', '', '', 'M/S. Fiberfill Interiors & Constructions', 1, 3, ''),
(500, 500, 500, '9914665593', '2014-09-16 12:00:00', '', '', '', '', '', 'S. Gurjit Singh', 1, 3, ''),
(501, 501, 501, '0', '2014-09-17 12:00:00', '', '', '', '', '', '', 0, 2, ''),
(502, 502, 502, '94781-00102, 94172-40350', '2014-09-18 12:00:00', '', '', '', '', '', '', 0, 3, ''),
(503, 503, 503, '0', '2014-09-19 12:00:00', '', '', '', '', '', '', 0, 2, ''),
(504, 504, 504, '0', '2014-09-19 12:00:00', '', '', '', '', '', '', 0, 2, ''),
(505, 505, 505, '0164-2214832', '2014-09-19 12:00:00', '', '', '', '', '', '', 0, 3, ''),
(506, 506, 506, '1765-505332', '2014-09-19 12:00:00', '', '', '', '', '', 'Executive Municipal Engineer ', 1, 2, ''),
(507, 507, 507, '919216807448', '2014-09-22 12:00:00', '', '', '', '', '', '', 0, 3, ''),
(508, 508, 508, '0', '2014-09-22 12:00:00', '', '', '', '', '', 'Sh. Ravinder Kumar', 1, 3, ''),
(509, 509, 509, '0', '2014-09-24 12:00:00', '', '', '', '', '', '', 0, 2, 'The Punjab Engineering Co-Op L.C.Societty'),
(510, 510, 510, '0', '2014-09-24 12:00:00', '', '', '', '', '', '', 0, 2, ''),
(511, 511, 511, '9815041953 joginder singh', '2014-09-24 12:00:00', '', '', '', '', '', '', 0, 2, ''),
(512, 512, 512, '0', '2014-09-25 12:00:00', '', '', '', '', '', '', 0, 2, ''),
(513, 513, 513, '9899505153', '2014-09-26 12:00:00', '', '', '', '', '', '', 0, 3, ''),
(514, 514, 514, '0161-5017488', '2014-09-29 12:00:00', '', '', '', '', '', 'M/S. Virdi Construction ', 1, 3, ''),
(515, 515, 515, '2609470, 2605502, 2660161-65', '2014-09-30 12:00:00', '', '', '', '', '', 'M/s. EMM Engineers Enterprises', 1, 2, ''),
(516, 516, 516, '0161-2809928-29', '2014-09-30 12:00:00', '', '', '', '', '', 'M/S Janpath Estates Pvt. Ltd ', 1, 3, ''),
(517, 517, 517, '0172-4620941', '2014-10-01 12:00:00', '', '', '', '', '', 'M/S S.P. Singla Constructions Pvt. Ltd. ', 1, 3, ''),
(518, 518, 518, '9888566925', '2014-10-01 12:00:00', '', '', '', '', '', 'Assistant', 1, 2, ''),
(519, 519, 519, '0', '2014-10-02 12:00:00', '', '', '', '', '', '', 0, 2, ''),
(520, 520, 520, '9878950532 Paramjit Singh XEN', '2014-10-06 12:00:00', '', '', '', '', '', '', 0, 2, ''),
(521, 521, 521, '0', '2014-10-06 12:00:00', '', '', '', '', '', '', 0, 3, ''),
(522, 522, 522, '0', '2014-10-06 12:00:00', '', '', '', '', '', '', 0, 3, ''),
(523, 523, 523, '9781231979 Amninder Johal, 9876270315 Deedar Singh', '2014-10-07 12:00:00', '', '', '', '', '', '', 0, 3, ''),
(524, 524, 524, '0161-4687700', '2014-10-07 12:00:00', '', '', '', '', '', 'Dayanand Medical College & Hospital ', 1, 3, ''),
(525, 525, 525, '98729-26597', '2014-10-09 12:00:00', '', '', '', '', '', 'M/S Vaishnavi Construction Company ', 1, 3, ''),
(526, 526, 526, '0', '2014-10-09 12:00:00', '', '', '', '', '', 'Sub', 1, 2, ''),
(527, 527, 527, '0', '2014-10-09 12:00:00', '', '', '', '', '', '', 0, 2, '');
INSERT INTO `useraccounts_customer` (`id`, `user_id`, `address_id`, `telephone`, `date_joined`, `fax`, `pan_no`, `stc_no`, `avatar`, `tagline`, `title`, `is_org`, `org_type_id`, `company`) VALUES
(528, 528, 528, '0', '2014-10-09 12:00:00', '', '', '', '', '', '', 0, 2, ''),
(529, 529, 529, '01628-220111', '2014-10-15 12:00:00', '', '', '', '', '', '', 0, 2, 'Munish Bhambri'),
(530, 530, 530, '01628-220111', '2014-10-16 12:00:00', '', '', '', '', '', '', 0, 2, 'Rohit Sharma'),
(531, 531, 531, '0', '2014-10-17 12:00:00', '', '', '', '', '', '', 0, 2, ''),
(532, 532, 532, '0', '2014-10-17 12:00:00', '', '', '', '', '', '', 0, 2, ''),
(533, 533, 533, '0', '2014-10-17 12:00:00', '', '', '', '', '', '', 0, 2, ''),
(534, 534, 534, '0161-2495126', '2014-10-20 12:00:00', '', '', '', '', '', 'The Institution Of Engineers (India) ', 1, 3, ''),
(535, 535, 535, '0', '2014-10-20 12:00:00', '', '', '', '', '', '', 0, 2, ''),
(536, 536, 536, '0', '2014-10-21 12:00:00', '', '', '', '', '', '', 0, 2, ''),
(537, 537, 537, '98720-009942', '2014-10-22 12:00:00', '', '', '', '', '', 'Arvind Nagar Residentsal Walfare Socity (R) ', 1, 3, ''),
(538, 538, 538, '0181-2223169', '2014-10-22 12:00:00', '', '', '', '', '', '', 0, 2, ''),
(539, 539, 539, '+91-161-2679000', '2014-10-27 12:00:00', '', '', '', '', '', 'Kangaro Industries (Regd.) ', 1, 3, ''),
(540, 540, 540, '087250-12718', '2014-10-27 12:00:00', '', '', '', '', '', 'M/S. Sunil Hitech India Infra Pvt. Ltd. ', 1, 3, ''),
(541, 541, 541, '94173-07358', '2014-10-27 12:00:00', '', '', '', '', '', '', 0, 2, ''),
(542, 542, 542, '20-41405140', '2014-10-28 12:00:00', '', '', '', '', '', 'M/S Rohan Rajdeep Tollways Ltd. ', 1, 3, ''),
(543, 543, 543, '0', '2014-10-28 12:00:00', '', '', '', '', '', '', 0, 2, 'M/S. Deepak Builders'),
(544, 544, 544, 'o', '2014-10-28 12:00:00', '', '', '', '', '', '', 0, 2, ''),
(545, 545, 545, '01628-220111', '2014-10-28 12:00:00', '', '', '', '', '', 'M/S. Kangaro Tools (A Unit Of Kangaro Industries Limited) ', 1, 3, ''),
(546, 546, 546, '9317915100, 7837140007', '2014-10-29 12:00:00', '', '', '', '', '', '', 0, 3, ''),
(547, 547, 547, '0', '2014-10-30 12:00:00', '', '', '', '', '', 'M/S Jaydee Fabrics ', 1, 3, ''),
(548, 548, 548, '0172-2704894', '2014-10-30 12:00:00', '', '', '', '', '', '', 0, 2, ''),
(549, 549, 549, '0', '2014-10-31 12:00:00', '', '', '', '', '', '', 0, 3, ''),
(550, 550, 550, '0', '2014-10-31 12:00:00', '', '', '', '', '', '', 0, 2, ''),
(551, 551, 551, '98888-00788', '2014-11-03 12:00:00', '', '', '', '', '', 'M/S B.M Builders & Engineers (Regd.) ', 1, 3, ''),
(552, 552, 552, '0', '2014-11-03 12:00:00', '', '', '', '', '', '', 0, 2, ''),
(553, 553, 553, '0161-2520170, 2520870', '2014-11-04 12:00:00', '', '', '', '', '', '', 0, 3, ''),
(554, 554, 554, '98786-80607', '2014-11-04 12:00:00', '', '', '', '', '', 'M/S R. N. Gupta & Co. Ltd. (Unit-Ii) ', 1, 3, ''),
(555, 555, 555, ' 0161-6535610, 2448654', '2014-11-05 12:00:00', '', '', '', '', '', '', 0, 3, ''),
(556, 556, 556, '0', '2014-11-07 12:00:00', '', '', '', '', '', '', 0, 2, ''),
(557, 557, 557, '0', '2014-11-07 12:00:00', '', '', '', '', '', '', 0, 2, ''),
(558, 558, 558, '9815188114 SS Johar', '2014-11-10 12:00:00', '', '', '', '', '', 'M/S. Nk Gupta Builders Pvt. Ltd.', 1, 3, ''),
(559, 559, 559, '0', '2014-11-10 12:00:00', '', '', '', '', '', '', 0, 3, ''),
(560, 560, 560, '9888640133', '2014-11-10 12:00:00', '', '', '', '', '', '', 0, 3, ''),
(561, 561, 561, '9592713948', '2014-11-10 12:00:00', '', '', '', '', '', '', 0, 3, ''),
(562, 562, 562, '9464761297', '2014-11-10 12:00:00', '', '', '', '', '', '', 0, 3, ''),
(563, 563, 563, '8146085311', '2014-11-10 12:00:00', '', '', '', '', '', '', 0, 3, ''),
(564, 564, 564, '9815242007', '2014-11-10 12:00:00', '', '', '', '', '', '', 0, 3, ''),
(565, 565, 565, '9988110882', '2014-11-10 12:00:00', '', '', '', '', '', '', 0, 3, ''),
(566, 566, 566, '8054210911', '2014-11-10 12:00:00', '', '', '', '', '', '', 0, 3, ''),
(567, 567, 567, '9878316694', '2014-11-10 12:00:00', '', '', '', '', '', '', 0, 2, ''),
(568, 568, 568, '9855057619', '2014-11-10 12:00:00', '', '', '', '', '', '', 0, 3, ''),
(569, 569, 569, '9646767027', '2014-11-10 12:00:00', '', '', '', '', '', '', 0, 3, ''),
(570, 570, 570, '7696603711', '2014-11-10 12:00:00', '', '', '', '', '', '', 0, 3, ''),
(571, 571, 571, '0', '2014-11-11 12:00:00', '', '', '', '', '', '', 0, 2, 'M/S Deepak Builders, Ludhiana'),
(572, 572, 572, '98154-11640', '2014-11-11 12:00:00', '', '', '', '', '', '', 0, 3, ''),
(573, 573, 573, '9779735815', '2014-11-11 12:00:00', '', '', '', '', '', '', 0, 3, ''),
(574, 574, 574, '9781260565', '2014-11-11 12:00:00', '', '', '', '', '', '', 0, 3, ''),
(575, 575, 575, '9988565503', '2014-11-11 12:00:00', '', '', '', '', '', '', 0, 3, ''),
(576, 576, 576, '0161-2461952', '2014-11-14 12:00:00', '', '', '', '', '', 'Delta Heart Centre Private Limited ', 1, 3, ''),
(577, 577, 577, '98140-70433', '2014-11-14 12:00:00', '', '', '', '', '', '', 0, 3, ''),
(578, 578, 578, '0', '2014-11-14 12:00:00', '', '', '', '', '', '', 0, 3, ''),
(579, 579, 579, '01765-505368, 505332', '2014-11-15 12:00:00', '', '', '', '', '', '', 0, 2, ''),
(580, 580, 580, '9872977739', '2014-11-17 12:00:00', '', '', '', '', '', '', 0, 3, ''),
(581, 581, 581, '8427841714 H.C. Kikar Singh, 01633-262172', '2014-11-17 12:00:00', '', '', '', '', '', '', 0, 2, ''),
(582, 582, 582, '0', '2014-11-18 12:00:00', '', '', '', '', '', '', 0, 2, ''),
(583, 583, 583, '0', '2014-11-18 12:00:00', '', '', '', '', '', '', 0, 2, ''),
(584, 584, 584, '0161-2842267', '2014-11-18 12:00:00', '', '', '', '', '', 'M/S Rishab Spinning Mills ', 1, 3, ''),
(585, 585, 585, '96468-10700', '2014-11-18 12:00:00', '', '', '', '', '', 'SDO TL Cum Hot Line ', 1, 3, ''),
(586, 586, 586, '0', '2014-11-18 12:00:00', '', '', '', '', '', '', 0, 2, ''),
(587, 587, 587, '98155-67739', '2014-11-19 12:00:00', '', '', '', '', '', 'M/S Osho G. S. & Company', 1, 3, ''),
(588, 588, 588, '9872420226', '2014-11-21 12:00:00', '', '', '', '', '', '', 0, 3, ''),
(589, 589, 589, '9463310042', '2014-11-21 12:00:00', '', '', '', '', '', '', 0, 2, ''),
(590, 590, 590, '0', '2014-11-21 12:00:00', '', '', '', '', '', 'Malod Interlock Tile Foctory ', 1, 3, ''),
(591, 591, 591, '0', '2014-11-21 12:00:00', '', '', '', '', '', '', 0, 2, ''),
(592, 592, 592, '9779735815', '2014-11-25 12:00:00', '', '', '', '', '', 'M/S. Divine Industries Pvt. Ltd.', 1, 3, ''),
(593, 593, 593, '9876061846', '2014-11-25 12:00:00', '', '', '', '', '', 'M/S. Dada Motors Pvt. Ltd.', 1, 3, ''),
(594, 594, 594, '0', '2014-11-25 12:00:00', '', '', '', '', '', '', 0, 2, ''),
(595, 600, 595, '9815601646', '2014-12-08 05:02:35', '', '', '', '', '', '', 0, 3, ''),
(596, 601, 596, '98760-15139', '2014-12-10 05:19:37', '', '', '', '', '', '', 0, 3, ''),
(597, 602, 598, '9855715462  (Gurpreet Singh)', '2014-12-20 06:35:56', '', '', '', '', '', 'Punjab Tiles', 1, 3, ''),
(598, 603, 599, '9915000125', '2014-12-22 09:21:15', '', '', '', '', '', 'Monte Carlo Fashions Limited', 1, 3, ''),
(599, 604, 601, '9646200604', '2014-12-22 10:02:22', '', '', '', '', '', 'Corporation Engineer', 1, 2, ''),
(600, 605, 604, '9781297416', '2014-12-23 05:37:12', '', '', '', '', '', 'UltraTech Cement Limited', 1, 3, ''),
(601, 606, 605, '9463846846', '2014-12-23 05:57:21', '', '', '', '', '', 'Sh. Sunil Kumar Garg', 0, 3, ''),
(602, 607, 606, '9876152129', '2014-12-23 07:32:55', '', '', '', '', '', 'M/s. Harjas Enterprises', 1, 3, ''),
(603, 608, 607, '0', '2014-12-23 09:07:07', '', '', '', '', '', 'Paramjit Singh Gill', 1, 3, ''),
(604, 609, 608, '22163389', '2014-12-23 09:31:21', '', '', '', '', '', 'Sam (India) Built Well Pvt. Ltd., ', 1, 3, ''),
(605, 610, 609, '9914888396', '2014-12-23 09:39:16', '', '', '', '', '', 'Sub Divisional Engineer (Civil & PH)', 1, 2, 'M/s Tarsem Kumar, Bathinda'),
(606, 611, 610, '9815025168', '2014-12-26 07:30:35', '', '', '', '', '', 'Indian Institute of Engineering Studies', 1, 3, ''),
(607, 613, 611, '0172-2560066', '2015-01-01 06:27:37', '', '', '', '', '', 'The 21st Century Builders and Engineers', 1, 3, ''),
(608, 614, 612, '9592280916', '2015-01-01 07:11:06', '', '', '', '', '', 'Sunil Kumar Garg', 0, 3, ''),
(609, 615, 613, '8054857581 (Mr. Sanjay Khurana)', '2015-01-01 10:03:25', '', '', '', '', '', 'Sekhon Constructions & Developers Pvt. Ltd.,', 1, 3, ''),
(610, 616, 614, '8567010444', '2015-01-02 04:38:10', '', '', '', '', '', 'Akshay Kaushal', 1, 3, ''),
(611, 617, 615, '9814046880 (Vinod Aggrwal)', '2015-01-02 07:30:06', '', '', '', '', '', 'Asstt. Municipal Engineer', 1, 2, ''),
(612, 618, 616, '1823-222342', '2015-01-02 09:14:23', '', '', '', '', '', 'Nawanshahr Power Private Limited', 1, 3, ''),
(613, 619, 617, '0', '2015-01-02 09:23:29', '', '', '', '', '', 'Capital Power Infrastructure Limited', 1, 2, ''),
(614, 620, 618, '8699101313', '2015-01-02 10:59:58', '', '', '', '', '', 'Sub Divisional Officer (Civil)', 1, 2, ''),
(615, 621, 619, '9463910441', '2015-01-05 06:08:39', '', '', '', '', '', 'Batth Interlock Tiles', 1, 3, ''),
(616, 622, 620, '8872790646', '2015-01-06 05:34:29', '', '', '', '', '', 'ST. John Paul', 0, 3, ''),
(617, 623, 621, '9988200729', '2015-01-07 04:00:54', '', '', '', '', '', 'Hero Realty Limited', 1, 3, ''),
(618, 624, 622, '9988445019', '2015-01-07 06:48:07', '', '', '', '', '', 'Pye Tools Pvt. Ltd.', 1, 3, '');

-- --------------------------------------------------------

--
-- Table structure for table `useraccounts_organisationtype`
--

CREATE TABLE IF NOT EXISTS `useraccounts_organisationtype` (
  `id` int(11) NOT NULL AUTO_INCREMENT,
  `type_desc` varchar(200) NOT NULL,
  PRIMARY KEY (`id`)
) ENGINE=InnoDB  DEFAULT CHARSET=latin1 AUTO_INCREMENT=4 ;

--
-- Dumping data for table `useraccounts_organisationtype`
--

INSERT INTO `useraccounts_organisationtype` (`id`, `type_desc`) VALUES
(1, 'Semi-Government'),
(2, 'Government'),
(3, 'Private');

-- --------------------------------------------------------

--
-- Table structure for table `voucher_calculatedistribution`
--

CREATE TABLE IF NOT EXISTS `voucher_calculatedistribution` (
  `id` int(11) NOT NULL AUTO_INCREMENT,
  `voucher_no` int(11) NOT NULL,
  `college_income_calculated` int(11) NOT NULL,
  `admin_charges_calculated` int(11) NOT NULL,
  `consultancy_asset` int(11) NOT NULL,
  `development_fund` int(11) NOT NULL,
  `total` int(11) NOT NULL,
  `session_id` int(11) NOT NULL,
  PRIMARY KEY (`id`),
  KEY `voucher_calculatedistribution_a4c07742` (`session_id`)
) ENGINE=InnoDB  DEFAULT CHARSET=latin1 AUTO_INCREMENT=63 ;

--
-- Dumping data for table `voucher_calculatedistribution`
--

INSERT INTO `voucher_calculatedistribution` (`id`, `voucher_no`, `college_income_calculated`, `admin_charges_calculated`, `consultancy_asset`, `development_fund`, `total`, `session_id`) VALUES
(1, 1273, 90, 30, 144, 336, 600, 1),
(2, 1274, 4500, 1500, 9600, 14400, 30000, 1),
(3, 1275, 5850, 1950, 12480, 18720, 39000, 1),
(4, 1276, 450, 150, 960, 1440, 3000, 1),
(5, 1277, 900, 300, 1920, 2880, 6000, 1),
(6, 1278, 90, 30, 144, 336, 600, 1),
(7, 1279, 315, 105, 672, 1008, 2100, 1),
(8, 1280, 675, 225, 1080, 2520, 4500, 1),
(9, 1281, 375, 125, 600, 1400, 2500, 1),
(10, 1282, 1200, 400, 3840, 2560, 8000, 1),
(11, 1283, 750, 250, 2400, 1600, 5000, 1),
(12, 1284, 150, 50, 240, 560, 1000, 1),
(13, 1285, 315, 105, 672, 1008, 2100, 1),
(14, 1286, 2202, 734, 7049, 4700, 14685, 1),
(15, 1287, 150, 50, 240, 560, 1000, 1),
(16, 1288, 360, 120, 576, 1344, 2400, 1),
(17, 1289, 2280, 760, 3648, 8512, 15200, 1),
(18, 1290, 150, 50, 240, 560, 1000, 1),
(19, 1291, 360, 120, 576, 1344, 2400, 1),
(20, 1292, 375, 125, 600, 1400, 2500, 1),
(21, 1293, 225, 75, 360, 840, 1500, 1),
(22, 1294, 570, 190, 912, 2128, 3800, 1),
(23, 1295, 11080, 3693, 35458, 23639, 73870, 1),
(24, 1296, 375, 125, 600, 1400, 2500, 1),
(25, 1297, 945, 315, 2016, 3024, 6300, 1),
(29, 1298, 1500, 500, 4800, 3200, 10000, 1),
(30, 1299, 2250, 750, 7200, 4800, 15000, 1),
(31, 1300, 900, 300, 1920, 2880, 6000, 1),
(32, 1301, 720, 240, 1152, 2688, 4800, 1),
(33, 1302, 1200, 400, 3840, 2560, 8000, 1),
(34, 1303, 375, 125, 600, 1400, 2500, 1),
(35, 1304, 960, 320, 1536, 3584, 6400, 1),
(36, 1305, 225, 75, 360, 840, 1500, 1),
(37, 1306, 225, 75, 360, 840, 1500, 1),
(38, 1307, 225, 75, 360, 840, 1500, 1),
(39, 1308, 225, 75, 360, 840, 1500, 1),
(40, 1309, 225, 75, 360, 840, 1500, 1),
(41, 1310, 375, 125, 600, 1400, 2500, 1),
(42, 1311, 960, 320, 1536, 3584, 6400, 1),
(43, 1312, 1350, 450, 4320, 2880, 9000, 1),
(44, 1313, 150, 50, 240, 560, 1000, 1),
(45, 1314, 180, 60, 288, 672, 1200, 1),
(46, 1315, 135, 45, 216, 504, 900, 1),
(47, 1316, 10800, 3600, 23040, 34560, 72000, 1),
(48, 1317, 75, 25, 120, 280, 500, 1),
(49, 1318, 390, 130, 624, 1456, 2600, 1),
(50, 1319, 390, 130, 624, 1456, 2600, 1),
(51, 1320, 75, 25, 120, 280, 500, 1),
(52, 1321, 45, 15, 72, 168, 300, 1),
(53, 1322, 75, 25, 120, 280, 500, 1),
(54, 1323, 75, 25, 120, 280, 500, 1),
(55, 1324, 75, 25, 120, 280, 500, 1),
(56, 1325, 75, 25, 120, 280, 500, 1),
(57, 1326, 75, 25, 120, 280, 500, 1),
(58, 1327, 75, 25, 120, 280, 500, 1),
(59, 1328, 75, 25, 120, 280, 500, 1),
(60, 1329, 75, 25, 120, 280, 500, 1),
(61, 1330, 75, 25, 120, 280, 500, 1),
(62, 1331, 150, 50, 240, 560, 1000, 1);

-- --------------------------------------------------------

--
-- Table structure for table `voucher_categorydistributiontype`
--

CREATE TABLE IF NOT EXISTS `voucher_categorydistributiontype` (
  `id` int(11) NOT NULL AUTO_INCREMENT,
  `parent_category_id` int(11) NOT NULL,
  `category_id` int(11) NOT NULL,
  `distribution_id` int(11) NOT NULL,
  PRIMARY KEY (`id`),
  UNIQUE KEY `category_id` (`category_id`),
  KEY `voucher_categorydistributiontype_5639c68d` (`parent_category_id`),
  KEY `voucher_categorydistributiontype_6f33f001` (`category_id`),
  KEY `voucher_categorydistributiontype_c52d6671` (`distribution_id`)
) ENGINE=InnoDB  DEFAULT CHARSET=latin1 AUTO_INCREMENT=254 ;

--
-- Dumping data for table `voucher_categorydistributiontype`
--

INSERT INTO `voucher_categorydistributiontype` (`id`, `parent_category_id`, `category_id`, `distribution_id`) VALUES
(1, 36, 145, 2),
(2, 36, 42, 2),
(3, 36, 47, 2),
(4, 36, 63, 2),
(5, 36, 164, 2),
(6, 36, 166, 2),
(7, 36, 168, 2),
(8, 36, 174, 2),
(9, 35, 45, 2),
(10, 35, 48, 2),
(11, 35, 64, 2),
(12, 35, 146, 2),
(14, 35, 165, 2),
(15, 35, 167, 2),
(16, 35, 169, 2),
(17, 35, 173, 2),
(18, 11, 21, 2),
(19, 11, 22, 2),
(20, 11, 23, 2),
(21, 11, 24, 2),
(23, 11, 26, 2),
(24, 10, 13, 2),
(25, 10, 14, 2),
(26, 10, 16, 2),
(27, 10, 17, 2),
(28, 10, 19, 2),
(29, 27, 33, 2),
(30, 27, 137, 2),
(31, 27, 217, 2),
(32, 27, 218, 2),
(33, 27, 219, 2),
(34, 27, 223, 2),
(35, 27, 224, 2),
(36, 27, 230, 2),
(37, 27, 231, 2),
(38, 27, 232, 2),
(39, 12, 15, 1),
(40, 12, 20, 1),
(41, 12, 138, 1),
(42, 12, 154, 1),
(43, 12, 156, 1),
(44, 12, 220, 1),
(45, 12, 221, 1),
(46, 12, 222, 1),
(47, 12, 225, 1),
(48, 12, 226, 1),
(49, 8, 32, 2),
(50, 8, 69, 2),
(51, 8, 71, 2),
(52, 8, 73, 2),
(53, 8, 75, 2),
(54, 8, 77, 2),
(55, 8, 79, 2),
(56, 8, 81, 2),
(57, 8, 83, 2),
(58, 8, 85, 2),
(59, 8, 87, 2),
(60, 8, 89, 2),
(61, 8, 139, 2),
(62, 8, 147, 2),
(63, 8, 201, 2),
(64, 8, 202, 2),
(65, 8, 203, 2),
(66, 8, 204, 2),
(67, 8, 205, 2),
(68, 8, 206, 2),
(69, 8, 207, 2),
(70, 8, 208, 2),
(71, 8, 93, 3),
(72, 8, 94, 3),
(73, 8, 95, 3),
(74, 8, 96, 3),
(75, 8, 98, 3),
(76, 8, 99, 3),
(77, 8, 100, 3),
(78, 8, 102, 3),
(79, 8, 103, 3),
(80, 8, 105, 3),
(81, 8, 106, 3),
(82, 8, 107, 3),
(83, 8, 108, 3),
(84, 8, 109, 3),
(85, 8, 126, 2),
(86, 9, 34, 1),
(87, 9, 70, 1),
(88, 9, 72, 1),
(89, 9, 74, 1),
(90, 9, 76, 1),
(91, 9, 78, 1),
(93, 9, 80, 1),
(94, 9, 82, 1),
(95, 9, 84, 1),
(97, 9, 88, 1),
(98, 9, 90, 1),
(99, 9, 91, 1),
(100, 9, 111, 3),
(101, 9, 112, 3),
(102, 9, 113, 3),
(103, 9, 114, 3),
(104, 9, 115, 3),
(105, 9, 116, 3),
(106, 9, 117, 3),
(108, 9, 119, 3),
(109, 9, 120, 3),
(110, 9, 121, 3),
(111, 9, 122, 3),
(112, 9, 123, 3),
(113, 9, 124, 3),
(114, 9, 125, 3),
(115, 9, 140, 1),
(117, 9, 148, 1),
(118, 9, 209, 1),
(119, 9, 210, 1),
(120, 9, 211, 1),
(121, 9, 212, 1),
(122, 9, 213, 1),
(123, 9, 214, 1),
(124, 9, 215, 1),
(125, 9, 216, 1),
(126, 240, 241, 1),
(127, 239, 242, 1),
(128, 44, 46, 2),
(129, 127, 128, 2),
(130, 8, 243, 3),
(131, 8, 245, 3),
(132, 9, 244, 3),
(133, 9, 246, 3),
(134, 8, 247, 1),
(135, 9, 248, 1),
(136, 27, 249, 1),
(137, 12, 250, 1),
(138, 27, 251, 1),
(139, 12, 252, 1),
(140, 27, 253, 1),
(141, 12, 254, 1),
(142, 27, 255, 1),
(143, 12, 256, 1),
(145, 27, 257, 1),
(146, 12, 258, 1),
(147, 8, 259, 1),
(148, 9, 260, 1),
(149, 27, 261, 1),
(150, 12, 262, 1),
(151, 27, 263, 1),
(152, 12, 264, 1),
(153, 27, 265, 1),
(154, 12, 266, 1),
(155, 130, 267, 3),
(156, 129, 268, 3),
(157, 130, 269, 3),
(158, 129, 270, 3),
(159, 130, 271, 3),
(160, 129, 272, 3),
(161, 11, 273, 2),
(162, 10, 274, 2),
(163, 11, 275, 3),
(164, 10, 276, 3),
(165, 8, 277, 1),
(166, 9, 278, 1),
(167, 8, 279, 1),
(168, 9, 280, 1),
(169, 27, 281, 1),
(170, 12, 282, 1),
(171, 8, 283, 1),
(172, 9, 284, 1),
(173, 8, 285, 1),
(174, 9, 286, 1),
(175, 27, 287, 3),
(176, 27, 288, 2),
(177, 12, 289, 2),
(178, 27, 290, 1),
(179, 12, 291, 1),
(180, 8, 292, 1),
(181, 9, 293, 1),
(182, 27, 294, 1),
(183, 12, 295, 1),
(184, 27, 296, 1),
(185, 12, 297, 1),
(186, 8, 298, 1),
(187, 9, 299, 1),
(188, 27, 300, 1),
(189, 12, 301, 1),
(190, 8, 302, 1),
(191, 9, 303, 1),
(192, 27, 304, 1),
(193, 12, 305, 1),
(194, 27, 306, 3),
(195, 12, 307, 3),
(196, 27, 308, 3),
(197, 12, 309, 3),
(198, 27, 310, 2),
(199, 27, 311, 1),
(200, 12, 312, 1),
(201, 11, 313, 2),
(202, 10, 314, 2),
(203, 316, 318, 2),
(204, 317, 319, 2),
(205, 11, 320, 2),
(207, 10, 321, 2),
(208, 27, 324, 2),
(209, 12, 325, 2),
(210, 8, 322, 2),
(211, 9, 323, 2),
(212, 11, 326, 2),
(213, 10, 327, 2),
(214, 11, 328, 2),
(215, 10, 329, 2),
(216, 316, 330, 1),
(217, 317, 331, 1),
(218, 27, 333, 2),
(219, 11, 334, 2),
(220, 10, 335, 2),
(221, 8, 336, 1),
(222, 9, 337, 1),
(223, 11, 338, 2),
(224, 10, 339, 2),
(225, 239, 343, 2),
(226, 239, 342, 2),
(227, 332, 340, 2),
(228, 332, 341, 2),
(229, 235, 344, 2),
(230, 235, 345, 2),
(231, 346, 347, 3),
(232, 346, 348, 3),
(233, 129, 363, 3),
(234, 130, 362, 3),
(235, 360, 361, 2),
(236, 27, 358, 1),
(237, 12, 359, 1),
(238, 27, 356, 1),
(239, 12, 357, 1),
(240, 12, 355, 3),
(241, 353, 354, 3),
(242, 11, 350, 2),
(243, 10, 351, 2),
(245, 129, 366, 3),
(246, 129, 365, 3),
(247, 129, 132, 3),
(248, 368, 369, 1),
(249, 368, 370, 1),
(250, 371, 372, 1),
(252, 9, 375, 3),
(253, 9, 376, 3);

-- --------------------------------------------------------

--
-- Table structure for table `voucher_distribution`
--

CREATE TABLE IF NOT EXISTS `voucher_distribution` (
  `id` int(11) NOT NULL AUTO_INCREMENT,
  `name` varchar(100) NOT NULL,
  `ratio` varchar(10) NOT NULL,
  `college_income` int(11) NOT NULL,
  `admin_charges` int(11) NOT NULL,
  PRIMARY KEY (`id`)
) ENGINE=InnoDB  DEFAULT CHARSET=latin1 AUTO_INCREMENT=4 ;

--
-- Dumping data for table `voucher_distribution`
--

INSERT INTO `voucher_distribution` (`id`, `name`, `ratio`, `college_income`, `admin_charges`) VALUES
(1, 'Routine', '30:70', 15, 5),
(2, 'Institutional', '40:60', 15, 5),
(3, 'Individual', '60:40', 15, 5);

-- --------------------------------------------------------

--
-- Table structure for table `voucher_financialsession`
--

CREATE TABLE IF NOT EXISTS `voucher_financialsession` (
  `id` int(11) NOT NULL AUTO_INCREMENT,
  `session_start_date` date NOT NULL,
  `session_end_date` date NOT NULL,
  PRIMARY KEY (`id`)
) ENGINE=InnoDB  DEFAULT CHARSET=latin1 AUTO_INCREMENT=3 ;

--
-- Dumping data for table `voucher_financialsession`
--

INSERT INTO `voucher_financialsession` (`id`, `session_start_date`, `session_end_date`) VALUES
(1, '2014-04-01', '2015-03-31'),
(2, '2015-04-01', '2016-03-31');

-- --------------------------------------------------------

--
-- Table structure for table `voucher_voucherid`
--

CREATE TABLE IF NOT EXISTS `voucher_voucherid` (
  `id` int(11) NOT NULL AUTO_INCREMENT,
  `purchase_order_id` int(11) NOT NULL,
  `purchased_item_id` int(11) NOT NULL,
  `voucher_no` int(11) NOT NULL,
  `purchase_order_of_session` int(11) NOT NULL,
  `purchased_item_of_session` int(11) NOT NULL,
  `session_id` int(11) NOT NULL,
  `distribution_id` int(11) NOT NULL,
  `ratio` varchar(10) NOT NULL,
  `college_income` int(11) NOT NULL,
  `admin_charges` int(11) NOT NULL,
  `is_special` tinyint(1) NOT NULL,
  PRIMARY KEY (`id`),
  KEY `voucher_voucherid_d30b3b8b` (`purchase_order_id`),
  KEY `voucher_voucherid_7bf5bc7e` (`purchased_item_id`),
  KEY `voucher_voucherid_a4c07742` (`session_id`),
  KEY `voucher_voucherid_c52d6671` (`distribution_id`)
) ENGINE=InnoDB  DEFAULT CHARSET=latin1 AUTO_INCREMENT=76 ;

--
-- Dumping data for table `voucher_voucherid`
--

INSERT INTO `voucher_voucherid` (`id`, `purchase_order_id`, `purchased_item_id`, `voucher_no`, `purchase_order_of_session`, `purchased_item_of_session`, `session_id`, `distribution_id`, `ratio`, `college_income`, `admin_charges`, `is_special`) VALUES
(1, 1, 1, 1273, 1049, 1, 1, 1, '30:70', 15, 5, 0),
(2, 2, 2, 1274, 1050, 2, 1, 2, '40:60', 15, 5, 0),
(3, 3, 3, 1275, 1051, 3, 1, 2, '40:60', 15, 5, 0),
(4, 3, 4, 1275, 1051, 4, 1, 2, '40:60', 15, 5, 0),
(5, 4, 5, 1276, 1052, 5, 1, 2, '40:60', 15, 5, 0),
(6, 4, 6, 1276, 1052, 6, 1, 2, '40:60', 15, 5, 0),
(7, 5, 7, 1277, 1053, 7, 1, 2, '40:60', 15, 5, 0),
(8, 6, 8, 1278, 1054, 8, 1, 1, '30:70', 15, 5, 0),
(9, 7, 9, 1279, 1055, 9, 1, 2, '40:60', 15, 5, 0),
(10, 8, 10, 1280, 1056, 10, 1, 1, '30:70', 15, 5, 0),
(11, 9, 11, 1281, 1057, 11, 1, 1, '30:70', 15, 5, 0),
(12, 10, 12, 1282, 1058, 12, 1, 3, '60:40', 15, 5, 0),
(13, 11, 13, 1283, 1059, 13, 1, 3, '60:40', 15, 5, 0),
(14, 12, 14, 1284, 1060, 14, 1, 1, '30:70', 15, 5, 0),
(15, 13, 15, 1285, 1061, 15, 1, 2, '40:60', 15, 5, 0),
(16, 14, 16, 1286, 1062, 16, 1, 3, '60:40', 15, 5, 0),
(17, 15, 17, 1287, 1063, 17, 1, 1, '30:70', 15, 5, 0),
(18, 16, 18, 1288, 1064, 18, 1, 1, '30:70', 15, 5, 0),
(19, 17, 19, 1289, 1065, 19, 1, 1, '30:70', 15, 5, 0),
(20, 17, 20, 1289, 1065, 20, 1, 1, '30:70', 15, 5, 0),
(21, 18, 24, 1290, 1066, 21, 1, 1, '30:70', 15, 5, 0),
(22, 18, 22, 1291, 1066, 22, 1, 1, '30:70', 15, 5, 0),
(23, 18, 23, 1292, 1066, 23, 1, 1, '30:70', 15, 5, 0),
(24, 18, 21, 1293, 1066, 24, 1, 1, '30:70', 15, 5, 0),
(25, 19, 25, 1294, 1067, 25, 1, 1, '30:70', 15, 5, 0),
(26, 19, 26, 1294, 1067, 26, 1, 1, '30:70', 15, 5, 0),
(27, 20, 27, 1295, 1068, 27, 1, 3, '60:40', 15, 5, 0),
(28, 21, 28, 1296, 1069, 28, 1, 1, '30:70', 15, 5, 0),
(29, 22, 29, 1297, 1070, 29, 1, 2, '40:60', 15, 5, 0),
(30, 22, 30, 1297, 1070, 30, 1, 2, '40:60', 15, 5, 0),
(31, 22, 31, 1297, 1070, 31, 1, 2, '40:60', 15, 5, 0),
(32, 22, 32, 1297, 1070, 32, 1, 2, '40:60', 15, 5, 0),
(36, 24, 35, 1298, 1071, 33, 1, 3, '60:40', 15, 5, 0),
(37, 24, 36, 1299, 1071, 34, 1, 3, '60:40', 15, 5, 0),
(38, 25, 45, 1300, 1072, 35, 1, 2, '40:60', 15, 5, 0),
(39, 25, 46, 1301, 1072, 36, 1, 1, '30:70', 15, 5, 0),
(40, 25, 37, 1302, 1072, 37, 1, 3, '60:40', 15, 5, 0),
(41, 25, 38, 1303, 1072, 38, 1, 1, '30:70', 15, 5, 0),
(42, 25, 47, 1304, 1072, 39, 1, 1, '30:70', 15, 5, 0),
(43, 25, 48, 1304, 1072, 40, 1, 1, '30:70', 15, 5, 0),
(44, 25, 39, 1305, 1072, 41, 1, 1, '30:70', 15, 5, 0),
(45, 25, 40, 1306, 1072, 42, 1, 1, '30:70', 15, 5, 0),
(46, 25, 41, 1307, 1072, 43, 1, 1, '30:70', 15, 5, 0),
(47, 25, 42, 1308, 1072, 44, 1, 1, '30:70', 15, 5, 0),
(48, 25, 43, 1309, 1072, 45, 1, 1, '30:70', 15, 5, 0),
(49, 25, 44, 1310, 1072, 46, 1, 1, '30:70', 15, 5, 0),
(50, 25, 49, 1311, 1072, 47, 1, 1, '30:70', 15, 5, 0),
(51, 25, 50, 1311, 1072, 48, 1, 1, '30:70', 15, 5, 0),
(52, 26, 51, 1312, 1073, 49, 1, 3, '60:40', 15, 5, 0),
(53, 27, 52, 1313, 1074, 50, 1, 1, '30:70', 15, 5, 0),
(54, 28, 53, 1314, 1075, 51, 1, 1, '30:70', 15, 5, 0),
(55, 29, 54, 1315, 1076, 52, 1, 1, '30:70', 15, 5, 0),
(56, 30, 55, 1316, 1077, 53, 1, 2, '40:60', 15, 5, 0),
(57, 30, 56, 1316, 1077, 54, 1, 2, '40:60', 15, 5, 0),
(58, 30, 57, 1316, 1077, 55, 1, 2, '40:60', 15, 5, 0),
(59, 31, 58, 1317, 1078, 56, 1, 1, '30:70', 15, 5, 0),
(60, 32, 59, 1318, 1079, 57, 1, 1, '30:70', 15, 5, 0),
(61, 32, 60, 1318, 1079, 58, 1, 1, '30:70', 15, 5, 0),
(62, 32, 61, 1319, 1079, 59, 1, 1, '30:70', 15, 5, 0),
(63, 32, 62, 1319, 1079, 60, 1, 1, '30:70', 15, 5, 0),
(64, 33, 63, 1320, 1080, 61, 1, 1, '30:70', 15, 5, 0),
(65, 34, 64, 1321, 1081, 62, 1, 1, '30:70', 15, 5, 0),
(66, 35, 65, 1322, 1082, 63, 1, 1, '30:70', 15, 5, 0),
(67, 36, 66, 1323, 1083, 64, 1, 1, '30:70', 15, 5, 0),
(68, 37, 67, 1324, 1084, 65, 1, 1, '30:70', 15, 5, 0),
(69, 38, 68, 1325, 1085, 66, 1, 1, '30:70', 15, 5, 0),
(70, 39, 69, 1326, 1086, 67, 1, 1, '30:70', 15, 5, 0),
(71, 40, 70, 1327, 1087, 68, 1, 1, '30:70', 15, 5, 0),
(72, 41, 71, 1328, 1088, 69, 1, 1, '30:70', 15, 5, 0),
(73, 42, 72, 1329, 1089, 70, 1, 1, '30:70', 15, 5, 0),
(74, 43, 73, 1330, 1090, 71, 1, 1, '30:70', 15, 5, 0),
(75, 44, 74, 1331, 1091, 72, 1, 1, '30:70', 15, 5, 0);

-- --------------------------------------------------------

--
-- Table structure for table `voucher_vouchertotal`
--

CREATE TABLE IF NOT EXISTS `voucher_vouchertotal` (
  `id` int(11) NOT NULL AUTO_INCREMENT,
  `voucher_no` int(11) NOT NULL,
  `session_id` int(11) NOT NULL,
  `total` int(11) NOT NULL,
  PRIMARY KEY (`id`),
  KEY `voucher_vouchertotal_a4c07742` (`session_id`)
) ENGINE=InnoDB  DEFAULT CHARSET=latin1 AUTO_INCREMENT=63 ;

--
-- Dumping data for table `voucher_vouchertotal`
--

INSERT INTO `voucher_vouchertotal` (`id`, `voucher_no`, `session_id`, `total`) VALUES
(1, 1, 1, 600),
(2, 1274, 1, 30000),
(3, 1275, 1, 39000),
(4, 1276, 1, 3000),
(5, 1277, 1, 6000),
(6, 1278, 1, 600),
(7, 1279, 1, 2100),
(8, 1280, 1, 4500),
(9, 1281, 1, 2500),
(10, 1282, 1, 8000),
(11, 1283, 1, 5000),
(12, 1284, 1, 1000),
(13, 1285, 1, 2100),
(14, 1286, 1, 14685),
(15, 1287, 1, 1000),
(16, 1288, 1, 2400),
(17, 1289, 1, 15200),
(18, 1290, 1, 1000),
(19, 1291, 1, 2400),
(20, 1292, 1, 2500),
(21, 1293, 1, 1500),
(22, 1294, 1, 3800),
(23, 1295, 1, 73870),
(24, 1296, 1, 2500),
(25, 1297, 1, 6300),
(29, 1298, 1, 10000),
(30, 1299, 1, 15000),
(31, 1300, 1, 6000),
(32, 1301, 1, 4800),
(33, 1302, 1, 8000),
(34, 1303, 1, 2500),
(35, 1304, 1, 6400),
(36, 1305, 1, 1500),
(37, 1306, 1, 1500),
(38, 1307, 1, 1500),
(39, 1308, 1, 1500),
(40, 1309, 1, 1500),
(41, 1310, 1, 2500),
(42, 1311, 1, 6400),
(43, 1312, 1, 9000),
(44, 1313, 1, 1000),
(45, 1314, 1, 1200),
(46, 1315, 1, 900),
(47, 1316, 1, 72000),
(48, 1317, 1, 500),
(49, 1318, 1, 2600),
(50, 1319, 1, 2600),
(51, 1320, 1, 500),
(52, 1321, 1, 300),
(53, 1322, 1, 500),
(54, 1323, 1, 500),
(55, 1324, 1, 500),
(56, 1325, 1, 500),
(57, 1326, 1, 500),
(58, 1327, 1, 500),
(59, 1328, 1, 500),
(60, 1329, 1, 500),
(61, 1330, 1, 500),
(62, 1331, 1, 1000);

--
-- Constraints for dumped tables
--

--
-- Constraints for table `bills_quotedbill`
--
ALTER TABLE `bills_quotedbill`
  ADD CONSTRAINT `quoted_order_id_refs_id_a1bf4dab` FOREIGN KEY (`quoted_order_id`) REFERENCES `bills_quotedorder` (`id`);

--
-- Constraints for table `bills_quoteditem`
--
ALTER TABLE `bills_quoteditem`
  ADD CONSTRAINT `item_id_refs_id_93660147` FOREIGN KEY (`item_id`) REFERENCES `catalog_product` (`id`),
  ADD CONSTRAINT `quoted_order_id_refs_id_c0ba8e66` FOREIGN KEY (`quoted_order_id`) REFERENCES `bills_quotedorder` (`id`);

--
-- Constraints for table `bills_quotedorder`
--
ALTER TABLE `bills_quotedorder`
  ADD CONSTRAINT `buyer_id_refs_id_9614369b` FOREIGN KEY (`buyer_id`) REFERENCES `auth_user` (`id`),
  ADD CONSTRAINT `organisation_id_refs_id_142648e4` FOREIGN KEY (`organisation_id`) REFERENCES `useraccounts_adminorganisations` (`id`);

--
-- Constraints for table `bills_quotedordernote`
--
ALTER TABLE `bills_quotedordernote`
  ADD CONSTRAINT `quoted_order_id_refs_id_2a9183f9` FOREIGN KEY (`quoted_order_id`) REFERENCES `bills_quotedorder` (`id`);

--
-- Constraints for table `bills_quotedorderofsession`
--
ALTER TABLE `bills_quotedorderofsession`
  ADD CONSTRAINT `quoted_order_id_refs_id_f9142eb6` FOREIGN KEY (`quoted_order_id`) REFERENCES `bills_quotedorder` (`id`),
  ADD CONSTRAINT `session_id_refs_id_0ef69fa8` FOREIGN KEY (`session_id`) REFERENCES `voucher_financialsession` (`id`);

--
-- Constraints for table `bills_quotedtaxesapplied`
--
ALTER TABLE `bills_quotedtaxesapplied`
  ADD CONSTRAINT `quoted_order_id_refs_id_ef32fa65` FOREIGN KEY (`quoted_order_id`) REFERENCES `bills_quotedorder` (`id`),
  ADD CONSTRAINT `surcharge_id_refs_id_cea7615b` FOREIGN KEY (`surcharge_id`) REFERENCES `catalog_surcharge` (`id`);

--
-- Constraints for table `catalog_bill`
--
ALTER TABLE `catalog_bill`
  ADD CONSTRAINT `purchase_order_id_refs_id_eee748c3` FOREIGN KEY (`purchase_order_id`) REFERENCES `catalog_purchaseorder` (`id`);

--
-- Constraints for table `catalog_changerequest`
--
ALTER TABLE `catalog_changerequest`
  ADD CONSTRAINT `session_id_refs_id_a8e4d33c` FOREIGN KEY (`session_id`) REFERENCES `voucher_financialsession` (`id`);

--
-- Constraints for table `catalog_nonpaymentorder`
--
ALTER TABLE `catalog_nonpaymentorder`
  ADD CONSTRAINT `buyer_id_refs_id_90c5dc03` FOREIGN KEY (`buyer_id`) REFERENCES `auth_user` (`id`);

--
-- Constraints for table `catalog_nonpaymentorderofsession`
--
ALTER TABLE `catalog_nonpaymentorderofsession`
  ADD CONSTRAINT `non_payment_order_id_refs_id_bff6f2fd` FOREIGN KEY (`non_payment_order_id`) REFERENCES `catalog_nonpaymentorder` (`id`),
  ADD CONSTRAINT `session_id_refs_id_d736f534` FOREIGN KEY (`session_id`) REFERENCES `voucher_financialsession` (`id`);

--
-- Constraints for table `catalog_purchaseditem`
--
ALTER TABLE `catalog_purchaseditem`
  ADD CONSTRAINT `item_id_refs_id_3db38675` FOREIGN KEY (`item_id`) REFERENCES `catalog_product` (`id`),
  ADD CONSTRAINT `purchase_order_id_refs_id_0b66c9b6` FOREIGN KEY (`purchase_order_id`) REFERENCES `catalog_purchaseorder` (`id`);

--
-- Constraints for table `catalog_purchaseorder`
--
ALTER TABLE `catalog_purchaseorder`
  ADD CONSTRAINT `buyer_id_refs_id_10e465d5` FOREIGN KEY (`buyer_id`) REFERENCES `auth_user` (`id`),
  ADD CONSTRAINT `mode_of_payment_id_refs_id_79efc054` FOREIGN KEY (`mode_of_payment_id`) REFERENCES `catalog_modeofpayment` (`id`),
  ADD CONSTRAINT `organisation_id_refs_id_a85ea813` FOREIGN KEY (`organisation_id`) REFERENCES `useraccounts_adminorganisations` (`id`);

--
-- Constraints for table `catalog_requeststatus`
--
ALTER TABLE `catalog_requeststatus`
  ADD CONSTRAINT `change_request_id_refs_id_968ef52d` FOREIGN KEY (`change_request_id`) REFERENCES `catalog_changerequest` (`id`);

--
-- Constraints for table `catalog_requestsurchargechange`
--
ALTER TABLE `catalog_requestsurchargechange`
  ADD CONSTRAINT `change_request_id_refs_id_9b3da88a` FOREIGN KEY (`change_request_id`) REFERENCES `catalog_changerequest` (`id`),
  ADD CONSTRAINT `surcharge_id_refs_id_a9990284` FOREIGN KEY (`surcharge_id`) REFERENCES `catalog_taxesapplied` (`id`);

--
-- Constraints for table `catalog_specialcategories`
--
ALTER TABLE `catalog_specialcategories`
  ADD CONSTRAINT `category_id_refs_id_a4764f2f` FOREIGN KEY (`category_id`) REFERENCES `catalog_category` (`id`);

--
-- Constraints for table `catalog_surchargepaid`
--
ALTER TABLE `catalog_surchargepaid`
  ADD CONSTRAINT `surcharge_id_refs_id_cf2ed4b8` FOREIGN KEY (`surcharge_id`) REFERENCES `catalog_surcharge` (`id`);

--
-- Constraints for table `catalog_taxesapplied`
--
ALTER TABLE `catalog_taxesapplied`
  ADD CONSTRAINT `purchase_order_id_refs_id_8e190328` FOREIGN KEY (`purchase_order_id`) REFERENCES `catalog_purchaseorder` (`id`),
  ADD CONSTRAINT `surcharge_id_refs_id_935ff652` FOREIGN KEY (`surcharge_id`) REFERENCES `catalog_surcharge` (`id`);

--
-- Constraints for table `programmeletter_letterdata`
--
ALTER TABLE `programmeletter_letterdata`
  ADD CONSTRAINT `team_name_id_refs_id_8144a2cf` FOREIGN KEY (`team_name_id`) REFERENCES `programmeletter_teamname` (`id`),
  ADD CONSTRAINT `vehicle_id_refs_id_b8e28550` FOREIGN KEY (`vehicle_id`) REFERENCES `suspense_vehicle` (`id`);

--
-- Constraints for table `programmeletter_staffinteam`
--
ALTER TABLE `programmeletter_staffinteam`
  ADD CONSTRAINT `staff_id_refs_id_1779f0a7` FOREIGN KEY (`staff_id`) REFERENCES `suspense_staff` (`id`),
  ADD CONSTRAINT `team_name_id_refs_id_2d19265e` FOREIGN KEY (`team_name_id`) REFERENCES `programmeletter_teamname` (`id`);

--
-- Constraints for table `suspense_quotedsuspenseorder`
--
ALTER TABLE `suspense_quotedsuspenseorder`
  ADD CONSTRAINT `quoted_order_id_refs_id_c109f697` FOREIGN KEY (`quoted_order_id`) REFERENCES `bills_quotedorder` (`id`);

--
-- Constraints for table `suspense_suspenseclearance`
--
ALTER TABLE `suspense_suspenseclearance`
  ADD CONSTRAINT `session_id_refs_id_f5fecbca` FOREIGN KEY (`session_id`) REFERENCES `voucher_financialsession` (`id`);

--
-- Constraints for table `suspense_suspenseorder`
--
ALTER TABLE `suspense_suspenseorder`
  ADD CONSTRAINT `purchase_order_id_refs_id_5fe9115b` FOREIGN KEY (`purchase_order_id`) REFERENCES `catalog_purchaseorder` (`id`),
  ADD CONSTRAINT `session_id_id_refs_id_dd418456` FOREIGN KEY (`session_id_id`) REFERENCES `voucher_financialsession` (`id`);

--
-- Constraints for table `suspense_transport`
--
ALTER TABLE `suspense_transport`
  ADD CONSTRAINT `session_id_refs_id_af20ab7a` FOREIGN KEY (`session_id`) REFERENCES `voucher_financialsession` (`id`),
  ADD CONSTRAINT `vehicle_id_refs_id_7f0b7530` FOREIGN KEY (`vehicle_id`) REFERENCES `suspense_vehicle` (`id`);

--
-- Constraints for table `voucher_calculatedistribution`
--
ALTER TABLE `voucher_calculatedistribution`
  ADD CONSTRAINT `session_id_refs_id_7cc65726` FOREIGN KEY (`session_id`) REFERENCES `voucher_financialsession` (`id`);

--
-- Constraints for table `voucher_voucherid`
--
ALTER TABLE `voucher_voucherid`
  ADD CONSTRAINT `distribution_id_refs_id_91ea3b88` FOREIGN KEY (`distribution_id`) REFERENCES `voucher_distribution` (`id`),
  ADD CONSTRAINT `purchased_item_id_refs_id_67e34c4a` FOREIGN KEY (`purchased_item_id`) REFERENCES `catalog_purchaseditem` (`id`),
  ADD CONSTRAINT `purchase_order_id_refs_id_8b53afc0` FOREIGN KEY (`purchase_order_id`) REFERENCES `catalog_purchaseorder` (`id`),
  ADD CONSTRAINT `session_id_refs_id_35a855bb` FOREIGN KEY (`session_id`) REFERENCES `voucher_financialsession` (`id`);

--
-- Constraints for table `voucher_vouchertotal`
--
ALTER TABLE `voucher_vouchertotal`
  ADD CONSTRAINT `session_id_refs_id_96d6287b` FOREIGN KEY (`session_id`) REFERENCES `voucher_financialsession` (`id`);

/*!40101 SET CHARACTER_SET_CLIENT=@OLD_CHARACTER_SET_CLIENT */;
/*!40101 SET CHARACTER_SET_RESULTS=@OLD_CHARACTER_SET_RESULTS */;
/*!40101 SET COLLATION_CONNECTION=@OLD_COLLATION_CONNECTION */;
